Site,Tree,PDI,DAI,PDI_unscaled,DAI_unscaled,AOD proximity
ANCST,C1,0.477146402,0.03042235,-0.104899499,-0.332198406,Near
ANCST,C2,0.493388825,-0.123156705,-0.092976426,-0.448527918,Near
ANCST,C3,0.149696468,0.053869944,-0.345270621,-0.314437864,Near
ANCST,C4,0.462771468,0.063427273,-0.115451704,-0.307198599,Near
ANCST,C5,0.343697636,-0.03587321,-0.202860213,-0.382414434,Near
ASHC,C1,0.57335259,0.089751377,-0.034277438,-0.287259226,Far
ASHC,C2,0.726915771,0.35979898,0.078448663,-0.08270981,Far
ASHC,C3,0.538994742,0.289258788,-0.059498497,-0.136140963,Far
ASHC,C5,0.740542279,0.248272509,0.088451471,-0.167186302,Far
ASHC,C6,0.670434579,0.306139268,0.036987523,-0.123354728,Far
ATTP,A10,0.889435377,0.02398331,0.197749404,-0.337075701,AOD
ATTP,A11,0.857631781,0.310990783,0.174403344,-0.119679914,AOD
ATTP,A12,0.848055357,0.211689617,0.16737358,-0.194896266,AOD
ATTP,A13,0.827183006,0.004344957,0.152051816,-0.351950906,AOD
ATTP,A14,0.525175323,0.131468325,-0.069642916,-0.255660436,AOD
ATTP,A15,0.770105938,0.303752464,0.110153262,-0.125162629,AOD
ATTP,A16,0.921408983,0.096942646,0.221220265,-0.281812149,AOD
ATTP,A17,0.774656562,0.472092433,0.113493738,0.00234764,AOD
ATTP,A18,0.906828708,0.216783098,0.210517324,-0.191038174,AOD
ATTP,A19,0.821744489,0.426924932,0.148059565,-0.031864795,AOD
ATTP,A20,NA,NA,NA,NA,NA
ATTP,A6,0.769221571,0.308313842,0.109504075,-0.121707582,AOD
ATTP,A7,0.721239535,0.175110747,0.074281909,-0.222603183,AOD
ATTP,A8,0.762688939,0.668998641,0.104708667,0.151495603,AOD
ATTP,A9,0.52704556,0.306612719,-0.068270032,-0.122996109,AOD
ATTP,C1,0.776186121,0.277281964,0.114616541,-0.145212891,AOD
ATTP,C2,0.72190272,0.267731448,0.074768733,-0.152446995,AOD
ATTP,C3,0.713394097,0.169679178,0.06852281,-0.226717362,AOD
ATTP,C4,0.779358717,0.239513591,0.116945448,-0.173820805,AOD
ATTP,C5,0.819705636,0.038337761,0.146562905,-0.326202823,AOD
BBW,C1,0.727629366,0.225072366,0.078972491,-0.184759411,Far
BBW,C2,0.617409112,0.363016519,-0.001936873,-0.080272662,Far
BBW,C3,0.728985758,0.098946835,0.079968178,-0.280294063,Far
BBW,C4,0.774315315,0.140803329,0.113243239,-0.248589573,Far
BBW,C5,0.782916082,0.108458733,0.119556803,-0.273089209,Far
CDPM,C1,0.766412548,0.237773375,0.107442056,-0.175138944,Far
CDPM,C2,0.860939714,0.02912646,0.176831598,-0.333179986,Far
CDPM,C3,0.751758218,0.153119349,0.096684754,-0.239260719,Far
CDPM,C4,0.597258424,0.171559009,-0.016728886,-0.225293471,Far
CDPM,C5,0.762664342,0.152633764,0.104690611,-0.239628529,Far
CDS,C1,0.748374589,0.258775994,0.094200934,-0.159230366,Far
CDS,C2,0.73245294,0.228043324,0.082513332,-0.182509038,Far
CDS,C3,0.584266514,0.188047441,-0.026265855,-0.212804195,Far
CDS,C4,0.775784478,0.176772764,0.114321707,-0.221344277,Far
CDS,C5,0.738178094,0.205569962,0.086715995,-0.199531641,Far
CROC,C1,0.808801989,0.176683272,0.138558866,-0.221412063,Near
CROC,C2,0.813495445,0.135486608,0.142004191,-0.25261676,Near
CROC,C3,0.742669142,0.025191239,0.090012737,-0.336160746,Near
CROC,C4,0.753773083,0.166006593,0.098163806,-0.229499187,Near
CROC,C5,0.742211839,0.170290374,0.089677045,-0.226254408,Near
DYMK,C1,0.805457509,0.246415136,0.136103784,-0.168593183,Near
DYMK,C2,0.740869243,0.252300692,0.088691486,-0.164135128,Near
DYMK,C3,0.765774827,0.220328585,0.106973924,-0.18835262,Near
DYMK,C4,0.74439426,0.137434125,0.091279095,-0.251141599,Near
DYMK,C5,0.800738686,0.043527042,0.132639839,-0.322272166,Near
GMKW,A10,0.608133403,-0.064212334,-0.008745891,-0.403880098,AOD
GMKW,A11,0.248665319,-0.138010764,-0.272620571,-0.459779227,AOD
GMKW,A12,0.685064044,0.042578369,0.047726572,-0.322990745,AOD
GMKW,A13,0.55671913,0.283910168,-0.046487558,-0.140192313,AOD
GMKW,A14,0.656116848,-5.40E-05,0.026477309,-0.355282925,AOD
GMKW,A15,0.454188047,0.235131507,-0.121752535,-0.177140045,AOD
GMKW,A16,0.7641827,-0.309223223,0.105805192,-0.589465283,AOD
GMKW,A17,0.608594305,-0.044303522,-0.008407557,-0.388800032,AOD
GMKW,A18,0.802514182,-0.15105565,0.133943176,-0.469660166,AOD
GMKW,A19,0.709019591,0.113078522,0.065311617,-0.269589919,AOD
GMKW,A20,0.557438093,0.030934714,-0.04595979,-0.331810312,AOD
GMKW,A6,0.502741077,-0.049203356,-0.086111219,-0.392511444,AOD
GMKW,A7,0.669192807,0.083138702,0.036075975,-0.292268042,AOD
GMKW,A8,0.349573495,0.181327394,-0.198546922,-0.217894341,AOD
GMKW,A9,0.589842784,-0.187742805,-0.022172483,-0.497449104,AOD
GMKW,C1,0.463480924,0.015273091,-0.114930914,-0.343673316,AOD
GMKW,C2,0,-0.208323335,-0.455158283,-0.513037968,AOD
GMKW,C3,0.484459445,-0.123890099,-0.099531214,-0.449083432,AOD
GMKW,C4,0.454973786,-0.044742891,-0.121175748,-0.389132834,AOD
GMKW,C5,0.418904678,0.008985119,-0.147652992,-0.348436183,AOD
HRWD,C1,0.59797588,0.303461278,-0.016202223,-0.12538319,Far
HRWD,C2,0.740109553,0.303807653,0.08813382,-0.125120826,Far
HRWD,C3,0.641653413,0.276166786,0.015860137,-0.14605759,Far
HRWD,C4,0.605537255,0.328325788,-0.010651645,-0.106549395,Far
HRWD,C5,0.767118634,0.233829168,0.107960372,-0.178126511,Far
HTCH,A10,0.685103141,0.465116235,0.047755272,-0.00293653,AOD
HTCH,A11,0.748637009,0.136833453,0.094393569,-0.251596583,AOD
HTCH,A12,NA,NA,NA,NA,NA
HTCH,A13,NA,NA,NA,NA,NA
HTCH,A14,NA,NA,NA,NA,NA
HTCH,A15,NA,NA,NA,NA,NA
HTCH,A16,NA,NA,NA,NA,NA
HTCH,A17,NA,NA,NA,NA,NA
HTCH,A18,NA,NA,NA,NA,NA
HTCH,A19,NA,NA,NA,NA,NA
HTCH,A20,0.709678108,0.069933551,0.065795014,-0.302270374,AOD
HTCH,A6,0.815201831,0.197785102,0.143256797,-0.205428337,AOD
HTCH,A7,0.59645621,0.453678661,-0.017317767,-0.011599999,AOD
HTCH,A8,0.985001784,0.089456916,0.267901822,-0.287482267,AOD
HTCH,A9,0.748675873,0.496917288,0.094422097,0.021151397,AOD
HTCH,C1,NA,NA,NA,NA,NA
HTCH,C2,0.913343833,0.361874874,0.215299881,-0.08113741,AOD
HTCH,C3,NA,NA,NA,NA,NA
HTCH,C4,0.389243395,0.47735379,-0.169426445,0.006332891,AOD
HTCH,C5,0.662599866,0.082422881,0.031236296,-0.292810245,AOD
HOEF,A10,0.648732957,0.032743985,0.021057017,-0.330439867,AOD
HOEF,A11,0.872334402,0.12102683,0.185196095,-0.263569418,AOD
HOEF,A12,0.813030545,0.219158881,0.141662921,-0.18923862,AOD
HOEF,A13,0.770009911,0.426661404,0.110082772,-0.032064406,AOD
HOEF,A14,0.788428217,0.143697916,0.123603095,-0.246397048,AOD
HOEF,A15,0.84906866,0.211500091,0.168117415,-0.195039824,AOD
HOEF,A16,0.710882171,0.111120817,0.06667888,-0.271072796,AOD
HOEF,A17,NA,NA,NA,NA,NA
HOEF,A18,0.788795626,0.35454163,0.123872798,-0.086692025,AOD
HOEF,A19,0.827400203,0.18780211,0.152211254,-0.212990023,AOD
HOEF,A20,0.8475892,0.433161425,0.167031388,-0.027140921,AOD
HOEF,A6,0.560187225,0.197941595,-0.043941735,-0.2053098,AOD
HOEF,A7,0.870145395,0.370956266,0.183589211,-0.074258646,AOD
HOEF,A8,0.799411255,0.397571058,0.131665411,-0.054099089,AOD
HOEF,A9,0.852251009,0.35729569,0.170453482,-0.084605944,AOD
HOEF,C1,0.604731224,0.221525283,-0.011243329,-0.187446173,AOD
HOEF,C2,0.757724173,0.24387081,0.101064181,-0.1705204,AOD
HOEF,C3,0.431837721,0.251411219,-0.138159235,-0.164808865,AOD
HOEF,C4,0.752897115,0.239894818,0.097520784,-0.173532043,AOD
HOEF,C5,0.7279908,0.048074976,0.079237809,-0.318827302,AOD
HLKH,A10,0.685678187,0.005169313,0.048177396,-0.351326492,AOD
HLKH,A11,0.714792128,-0.13542016,0.069549062,-0.457816956,AOD
HLKH,A12,0.702280244,0.112652536,0.060364466,-0.269912585,AOD
HLKH,A13,0.839524204,-0.541542031,0.161111118,-0.765436764,AOD
HLKH,A14,0.946790731,-1,0.23985224,-1.112698909,AOD
HLKH,A15,0.466349209,-0.003891709,-0.112825393,-0.358189826,AOD
HLKH,A16,0.869913849,-0.571205807,0.18341924,-0.787905795,AOD
HLKH,A17,0.774035794,-0.198925463,0.11303805,-0.505919485,AOD
HLKH,A18,0.658285575,-0.001841151,0.028069306,-0.356636617,AOD
HLKH,A19,0.618246698,-0.092961808,-0.001322026,-0.425656586,AOD
HLKH,A20,0.699142938,-0.029351711,0.058061464,-0.377474679,AOD
HLKH,A6,0.303240545,0.03012054,-0.232558544,-0.332427014,AOD
HLKH,A7,0.73732477,-0.288973413,0.086089595,-0.574126925,AOD
HLKH,A8,0.767133158,-0.059463187,0.107971034,-0.400282824,AOD
HLKH,A9,0.734718137,0.068455613,0.084176144,-0.303389849,AOD
HLKH,C1,0.29681276,0.099998781,-0.237276987,-0.279497259,AOD
HLKH,C2,0.471282899,-0.014660935,-0.109203719,-0.36634705,AOD
HLKH,C3,0.414827602,-0.024785372,-0.15064585,-0.374015875,AOD
HLKH,C4,0.15758093,-0.109167649,-0.339482875,-0.437931811,AOD
HLKH,C5,0.316502717,-0.002135471,-0.222823183,-0.356859551,AOD
LNGDL,A10,0.870919879,0.80243037,0.184157735,0.252564385,AOD
LNGDL,A11,0.778914277,0.258449824,0.116619198,-0.159477425,AOD
LNGDL,A12,NA,NA,NA,NA,NA
LNGDL,A13,0.77606192,0.123742865,0.114525369,-0.261512139,AOD
LNGDL,A14,0.80316969,0.26234077,0.134424366,-0.156530202,AOD
LNGDL,A15,NA,NA,NA,NA,NA
LNGDL,A16,0.80001847,0.100413847,0.13211115,-0.279182864,AOD
LNGDL,A17,0.658500742,0.060165636,0.028227253,-0.309669149,AOD
LNGDL,A18,0.878198801,0.178007557,0.189500973,-0.220408975,AOD
LNGDL,A19,0.837494035,0.209276586,0.159620832,-0.196724033,AOD
LNGDL,A20,0.741050281,0.326767426,0.08882438,-0.107729788,AOD
LNGDL,A6,0.77308454,0.21221767,0.112339764,-0.194496289,AOD
LNGDL,A7,0.722005574,0.345639648,0.074844235,-0.093434893,AOD
LNGDL,A8,0.796883132,0.275167273,0.129809593,-0.146814678,AOD
LNGDL,A9,0.702262746,0.139846538,0.060351621,-0.249314301,AOD
LNGDL,C1,0.709917388,0.071194642,0.065970663,-0.301315153,AOD
LNGDL,C2,0.521706835,0.142614296,-0.072189029,-0.247217843,AOD
LNGDL,C3,NA,NA,NA,NA,NA
LNGDL,C4,0.820707519,0.248645852,0.147298356,-0.166903512,AOD
LNGDL,C5,0.788451622,0.196919463,0.123620275,-0.206084021,AOD
LINEAG,C1,0.469072619,-0.035554265,-0.110826219,-0.382172846,Near
LINEAG,C2,0.333508729,-0.074894598,-0.210339583,-0.411971453,Near
LINEAG,C3,0.33823993,-0.020383367,-0.206866551,-0.370681546,Near
LINEAG,C4,0.531659357,-0.205753354,-0.064883182,-0.511091319,Near
LINEAG,C5,0.485552358,-0.028308971,-0.09872894,-0.376684849,Near
LWBKR,C1,0.505338635,0.045026774,-0.084204431,-0.321136184,Far
LWBKR,C2,0.805165487,0.250227734,0.13588942,-0.165705304,Far
LWBKR,C3,0.688391244,0.242425762,0.05016897,-0.171614962,Far
LWBKR,C4,0.660722604,0.192309433,0.029858255,-0.20957592,Far
LWBKR,C5,0.620419088,0.303169768,2.73E-04,-0.125603996,Far
MALDW,C1,0.756061577,-0.88343207,0.09984372,-1.024403728,Near
MALDW,C2,0.441253261,0.104474563,-0.131247571,-0.276107047,Near
MALDW,C3,0.475331694,-0.076928766,-0.106231621,-0.413512247,Near
MALDW,C4,0.551544911,-0.088744663,-0.050285797,-0.42246228,Near
MALDW,C5,NA,NA,NA,NA,NA
MTRD,C1,0.614589859,0.162031242,-0.004006402,-0.232510344,Far
MTRD,C2,0.708093455,0.292719169,0.064631768,-0.133519874,Far
MTRD,C3,0.489136954,0.123297427,-0.096097596,-0.261849539,Far
MTRD,C4,0.792389427,0.204346428,0.126510899,-0.200458415,Far
MTRD,C5,0.748684875,0.221486698,0.094428705,-0.187475399,Far
MCOU,C1,0.660658556,0.160161128,0.02981124,-0.233926875,Near
MCOU,C2,0.710063259,0.308280074,0.066077742,-0.121733159,Near
MCOU,C3,0.768875472,0.289171323,0.109250014,-0.136207214,Near
MCOU,C4,0.742448208,0.101552337,0.089850557,-0.278320507,Near
MCOU,C5,0.790119929,0.017852601,0.124844929,-0.341719448,Near
MOCCA,A10,0.949422754,0.559302061,0.241784329,0.068405173,AOD
MOCCA,A11,0.837550412,0.328595812,0.159662216,-0.106344864,AOD
MOCCA,A12,0.733105127,0.218890957,0.082992083,-0.189441561,AOD
MOCCA,A13,0.918074658,0.325145738,0.218772637,-0.108958146,AOD
MOCCA,A14,0.624703344,0.522602343,0.003417603,0.040606719,AOD
MOCCA,A15,0.805674902,0.427849852,0.136263366,-0.031164208,AOD
MOCCA,A16,0.871450457,0.313687766,0.184547217,-0.117637066,AOD
MOCCA,A17,0.892321797,0.85115908,0.199868238,0.289474282,AOD
MOCCA,A18,0.854477444,0.212437086,0.17208784,-0.19433009,AOD
MOCCA,A19,0.81192421,0.215357051,0.140850795,-0.192118343,AOD
MOCCA,A20,0.963213037,-0.143788716,0.25190736,-0.464155777,AOD
MOCCA,A6,0.57983059,0.352474418,-0.029522133,-0.088257849,AOD
MOCCA,A7,0.750997061,0.481123986,0.096126012,0.009188652,AOD
MOCCA,A8,0.831298998,0.32078292,0.155073242,-0.112262793,AOD
MOCCA,A9,0.812744599,-0.087208391,0.141453017,-0.42129862,AOD
MOCCA,C1,0.712312169,0.230918894,0.067728599,-0.180330918,AOD
MOCCA,C2,0.684040393,0.174094668,0.046975141,-0.223372819,AOD
MOCCA,C3,0.583454585,0.080499343,-0.026861868,-0.294267242,AOD
MOCCA,C4,0.610268363,0.207453815,-0.007178681,-0.198104703,AOD
MOCCA,C5,0.647965461,0.139070719,0.020493621,-0.24990195,AOD
MOCCA,CE21,0.746584277,0.309605718,0.09288672,-0.120729041,AOD
MOCCA,CE22,0.624285428,0.215588665,0.003110823,-0.191942905,AOD
MOCCA,CE23,0.766394962,0.284465486,0.107429146,-0.139771683,AOD
MOCCA,CE24,0.787902504,0.242952927,0.123217184,-0.171215657,AOD
MOCCA,CE25,0.758151181,0.238071199,0.101377635,-0.174913355,AOD
MOCCA,CE26,0.745630349,0.176039586,0.09218647,-0.221899628,AOD
MOCCA,CE27,0.801412822,0.138803163,0.133134701,-0.250104613,AOD
MOCCA,CE28,0.710243282,0.207003267,0.066209891,-0.198445974,AOD
MOCCA,CE29,0.654407228,0.218425617,0.025222328,-0.189794037,AOD
MOCCA,CE30,0.617742472,0.254061816,-0.001692164,-0.162801152,AOD
MOCCA,E31,0.758013958,0.254728305,0.101276904,-0.162296316,AOD
MOCCA,E32,0.763045305,0.313773733,0.104970264,-0.11757195,AOD
MOCCA,E33,0.838231943,0.06826976,0.160162507,-0.303530624,AOD
MOCCA,E34,0.777237071,0.14687657,0.115388012,-0.243989355,AOD
MOCCA,E35,0.883189686,0.091057641,0.193164631,-0.286269787,AOD
MOCCA,E36,0.901625714,0.090273504,0.206697963,-0.286863737,AOD
MOCCA,E37,0.889923464,0.115364131,0.198107695,-0.267858669,AOD
MOCCA,E38,0.912757531,0.02285263,0.214869494,-0.337932142,AOD
MOCCA,E39,0.945954604,0.316259217,0.239238465,-0.115689303,AOD
MOCCA,E40,0.826731799,0.117916276,0.151720599,-0.265925528,AOD
MOCCA,E41,0.927315176,0.047959185,0.225555822,-0.318915009,AOD
MOCCA,E42,0.922271941,0.173574033,0.221853736,-0.223767177,AOD
MOCCA,E43,0.904885899,0.094186393,0.209091167,-0.283899892,AOD
MOCCA,E44,0.91025977,0.001535,0.213035963,-0.354079328,AOD
MOCCA,E45,0.752621698,0.868313539,0.097318609,0.302468044,AOD
RCHMD,A10,0.77004514,0.394211735,0.110108632,-0.056643631,AOD
RCHMD,A11,0.849136036,1,0.168166874,0.402214861,AOD
RCHMD,A12,0.815913463,0.095696199,0.143779184,-0.282756279,AOD
RCHMD,A13,0.638243829,0.613596965,0.013357264,0.109531222,AOD
RCHMD,A14,0.655724388,0.903639732,0.026189216,0.329226112,AOD
RCHMD,A15,0.584594338,0.521810982,-0.026025209,0.040007297,AOD
RCHMD,A16,0.793647118,0.345566083,0.127434132,-0.093490615,AOD
RCHMD,A17,0.812644667,0.133528332,0.14137966,-0.254100069,AOD
RCHMD,A18,NA,NA,NA,NA,NA
RCHMD,A19,0.860178078,0.185235645,0.176272504,-0.214934009,AOD
RCHMD,A20,NA,NA,NA,NA,NA
RCHMD,A6,0.811890097,0.364919351,0.140825753,-0.078831349,AOD
RCHMD,A7,0.565976139,0.498427545,-0.039692268,0.022295351,AOD
RCHMD,A8,0.732700834,0.226214549,0.082695303,-0.183894257,AOD
RCHMD,A9,0.856802081,-0.299511825,0.173794286,-0.582109318,AOD
RCHMD,C1,0.727217718,0.27140299,0.078670313,-0.149665961,AOD
RCHMD,C2,0.733015216,0.234439782,0.082926082,-0.177663997,AOD
RCHMD,C3,0.720729726,0.201078012,0.073907674,-0.202934099,AOD
RCHMD,C4,NA,NA,NA,NA,NA
RCHMD,C5,0.562311532,0.286442141,-0.042382345,-0.138274452,AOD
RWDN,C1,0.715135763,0.23627819,0.069801314,-0.176271482,Far
RWDN,C2,0.779702227,0.234998162,0.117197608,-0.177241048,Far
RWDN,C3,0.680367635,0.330989154,0.04427908,-0.10453201,Far
RWDN,C4,0.875115969,-0.033340692,0.187237959,-0.380496161,Far
RWDN,C5,0.787501607,0.113975662,0.122922898,-0.268910374,Far
SLCY,C1,0.163396798,0.343726552,-0.335213621,-0.094883981,Near
SLCY,C2,0.429388496,0.184587053,-0.139957137,-0.21542529,Near
SLCY,C3,0.479709656,0.039761044,-0.103017891,-0.325124747,Near
SLCY,C4,0.425374527,0.122465591,-0.142903671,-0.262479618,Near
SLCY,C5,0.545246515,-0.218300286,-0.054909259,-0.520595079,Near
SNDR,C1,0.472851989,9.84E-04,-0.108051898,-0.354496846,Near
SNDR,C2,0.140243472,-0.428508988,-0.352209779,-0.679819107,Near
SNDR,C3,0.267351198,0.124935015,-0.258903831,-0.260609137,Near
SNDR,C4,0.274445477,0.051381806,-0.253696135,-0.316322521,Near
SNDR,C5,0.489107881,-0.020780629,-0.096118938,-0.370982454,Near
SAW,C1,0.608595832,0.195801722,-0.008406436,-0.206930662,Far
SAW,C2,0.643958826,0.251938497,0.017552471,-0.164409475,Far
SAW,C3,0.665923533,0.136919414,0.0336761,-0.251531471,Far
SAW,C4,0.323910772,0.128979811,-0.217385154,-0.257545378,Far
SAW,C5,0.571862059,0.327361444,-0.035371591,-0.107279844,Far
STHWK,A10,NA,NA,NA,NA,NA
STHWK,A11,0.814726464,-0.063553903,0.142907845,-0.403381365,AOD
STHWK,A12,0.787536863,-0.283806202,0.122948778,-0.570212986,AOD
STHWK,A13,0.721983654,0.412022359,0.074828144,-0.043152852,AOD
STHWK,A14,0.70905283,0.204273396,0.065336016,-0.200513734,AOD
STHWK,A15,0.754759979,0.038115615,0.098888256,-0.326371089,AOD
STHWK,A16,0.698649722,0.045616769,0.057699409,-0.320689288,AOD
STHWK,A17,0.715071417,0.04775026,0.069754079,-0.31907326,AOD
STHWK,A18,0.765272554,0.025443857,0.106605221,-0.335969399,AOD
STHWK,A19,0.77360594,0.089213964,0.112722508,-0.287666292,AOD
STHWK,A20,NA,NA,NA,NA,NA
STHWK,A6,NA,NA,NA,NA,NA
STHWK,A7,0.764969673,-0.072576892,0.106382885,-0.410215891,AOD
STHWK,A8,NA,NA,NA,NA,NA
STHWK,A9,NA,NA,NA,NA,NA
STHWK,C1,0.475528771,0.186743249,-0.106086953,-0.213792064,AOD
STHWK,C2,0.622910575,0.133795381,0.002101585,-0.253897792,AOD
STHWK,C3,NA,NA,NA,NA,NA
STHWK,C4,0.628539404,0.067185442,0.006233539,-0.304351948,AOD
STHWK,C5,0.342899193,0.173256962,-0.203446326,-0.224007345,AOD
STHWK,CE21,0.245001874,0.186243484,-0.275309796,-0.214170615,AOD
STHWK,CE22,NA,NA,NA,NA,NA
STHWK,CE23,0.011644928,0.28292765,-0.446610093,-0.140936527,AOD
STHWK,CE24,NA,NA,NA,NA,NA
STHWK,CE25,0.374737552,0.148332402,-0.180074747,-0.242886624,AOD
STHWK,CE26,0.276435363,0.20460772,-0.252235419,-0.200260498,AOD
STHWK,CE27,NA,NA,NA,NA,NA
STHWK,CE28,0.230296275,0.282883639,-0.286104733,-0.140969864,AOD
STHWK,CE29,0.499591109,0.289306902,-0.088423516,-0.136104519,AOD
STHWK,CE30,0.118783152,0.284256245,-0.367963153,-0.139930174,AOD
STHWK,E31,0.692995238,-0.04971997,0.053548623,-0.392902757,AOD
STHWK,E32,NA,NA,NA,NA,NA
STHWK,E33,NA,NA,NA,NA,NA
STHWK,E34,0.807951235,0.099314387,0.137934353,-0.280015657,AOD
STHWK,E35,0.732810683,-0.052678077,0.08277594,-0.395143396,AOD
STHWK,E36,0.715807204,-0.105290955,0.070294199,-0.434995383,AOD
STHWK,E37,0.753707655,0.042003739,0.098115777,-0.323426003,AOD
STHWK,E38,0.851861577,-0.633631187,0.170167611,-0.835190329,AOD
STHWK,E39,0.813330507,0.025859833,0.141883115,-0.335654315,AOD
STHWK,E40,1,-0.758184402,0.27891156,-0.929534019,AOD
STHWK,E41,0.84051018,-0.185285224,0.161834893,-0.495587592,AOD
STHWK,E42,NA,NA,NA,NA,NA
STHWK,E43,0.747982013,0.223733658,0.093912756,-0.185773424,AOD
STHWK,E44,0.331437372,0.189455754,-0.211860104,-0.211737459,AOD
STHWK,E45,NA,NA,NA,NA,NA
TAWWD,C1,0.71061927,0.233049353,0.066485893,-0.178717187,Far
TAWWD,C2,0.632674088,0.099956385,0.009268686,-0.279529372,Far
TAWWD,C3,0.831751793,0.024890015,0.155405625,-0.336388911,Far
TAWWD,C4,0.771445885,0.05602252,0.111136876,-0.31280738,Far
TAWWD,C5,0.618932317,0.034143524,-8.19E-04,-0.329379777,Far
STRTS,C1,0.493157958,0.235105583,-0.093145898,-0.177159682,Near
STRTS,C2,0.341114783,0.1609597,-0.204756208,-0.233321991,Near
STRTS,C3,0.749350732,0.070566056,0.094917491,-0.301791279,Near
STRTS,C4,0.463202664,0.154412022,-0.115135176,-0.238281575,Near
STRTS,C5,0.554296663,0.318714827,-0.048265819,-0.113829284,Near
WLDCP,C1,0.151563067,-0.143263358,-0.343900406,-0.463757841,Near
WLDCP,C2,0.532991841,0.161755173,-0.063905046,-0.232719455,Near
WLDCP,C3,0.571588949,0.003672872,-0.035572073,-0.352459982,Near
WLDCP,C4,0.556763394,-0.125497343,-0.046455066,-0.45030085,Near
WLDCP,C5,0.313865611,-0.180359332,-0.224759003,-0.491856442,Near
WINDW,A10,0.80759178,-0.332830788,0.137670488,-0.607346996,AOD
WINDW,A11,0.688818802,0.011343443,0.050482827,-0.346649855,AOD
WINDW,A12,0.696254962,-0.034996968,0.055941488,-0.381750718,AOD
WINDW,A13,0.826950556,-0.620440296,0.151881182,-0.825198798,AOD
WINDW,A14,0.493478258,-0.082252048,-0.092910776,-0.417544404,AOD
WINDW,A15,0.664940876,-0.022128444,0.032954761,-0.372003366,AOD
WINDW,A16,0.702976509,-0.381229554,0.060875573,-0.644006975,AOD
WINDW,A17,0.736403141,-0.237775475,0.085413055,-0.535346694,AOD
WINDW,A18,0.872706039,-0.199254862,0.185468902,-0.506168991,AOD
WINDW,A19,0.741299507,0.130709636,0.08900733,-0.256235111,AOD
WINDW,A20,0.715171771,-0.313881853,0.069827747,-0.592993995,AOD
WINDW,A6,0.671741275,-0.141231248,0.03794673,-0.462218605,AOD
WINDW,A7,0.694534349,-0.032092236,0.054678437,-0.379550509,AOD
WINDW,A8,0.87012362,-0.598575125,0.183573226,-0.808636874,AOD
WINDW,A9,NA,NA,NA,NA,NA
WINDW,C1,0.328283593,0.068951033,-0.214175197,-0.303014589,AOD
WINDW,C2,0.119174384,-0.288749967,-0.367675961,-0.573957674,AOD
WINDW,C3,0.473511272,0.055084182,-0.107567938,-0.313518131,AOD
WINDW,C4,0.328938801,0.057735923,-0.213694229,-0.311509552,AOD
WINDW,C5,0.606624771,-9.54E-04,-0.009853332,-0.355964735,AOD