SampleID	F	R	Extraction_batch	PCR_batch	Plate	Well	Ale_ID	SampleOrigin	IsolationMethod	Tissue	Site	Tree	GlobalSampleID	SampleType	SequencingType
D2E-ITS-F1-R1	F1	R1	1	5	5	A1	12	Isolation	D2E	Leaf	ANCST	C1	D2E-Leaf-ANCST-C1	Sample	NovaSeq
D2E-ITS-F1-R2	F1	R2	1	5	5	A2	77	Isolation	D2E	Soil	GMKW	C2	D2E-Soil-GMKW-C2	Sample	NovaSeq
D2E-ITS-F1-R3	F1	R3	1	5	5	A3	199	Isolation	D2E	Soil	STHWK	C4	D2E-Soil-STHWK-C4	Sample	NovaSeq
D2E-ITS-F1-R4	F1	R4	1	5	5	A4	6	Isolation	D2E	Leaf	SLCY	C1	D2E-Leaf-SLCY-C1	Sample	NovaSeq
D2E-ITS-F1-R5	F1	R5	1	5	5	A5	107	Isolation	D2E	Soil	SNDR	C2	D2E-Soil-SNDR-C2	Sample	NovaSeq
D2E-ITS-F1-R6	F1	R6	1	5	5	A6	236	Isolation	D2E	Leaf	HOEF	C4	D2E-Leaf-HOEF-C4	Sample	NovaSeq
D2E-ITS-F1-R7	F1	R7	1	5	5	A7	5	Isolation	D2E	Soil	SLCY	C1	D2E-Soil-SLCY-C1	Sample	NovaSeq
D2E-ITS-F1-R8	F1	R8	1	5	5	A8	104	Isolation	D2E	Leaf	STRTS	C2	D2E-Leaf-STRTS-C2	Sample	NovaSeq
D2E-ITS-F1-R9	F1	R9	1	5	5	A9	181	Isolation	D2E	Soil	RWDN	C4	D2E-Soil-RWDN-C4	Sample	NovaSeq
D2E-ITS-F1-R10	F1	R10	1	5	5	A10	273	Isolation	D2E	Soil	LANGDL	C5	D2E-Soil-LANGDL-C5	Sample	NovaSeq
D2E-ITS-F1-R11	F1	R11	1	5	5	A11	327	Isolation	D2E	Leaf	TAWWD	C4	D2E-Leaf-TAWWD-C4	Sample	NovaSeq
D2E-ITS-F1-R12	F1	R12	1	5	5	A12	3	Isolation	D2E	Soil	CDPM	C1	D2E-Soil-CDPM-C1	Sample	NovaSeq
D2E-ITS-F1-R13	F1	R13	1	5	8	A1	2	Isolation	D2E	Leaf	SAW	C1	D2E-Leaf-SAW-C1	Sample	NovaSeq
D2E-ITS-F1-R14	F1	R14	1	5	8	A2	47	Isolation	D2E	Soil	SNDR	C1	D2E-Soil-SNDR-C1	Sample	NovaSeq
D2E-ITS-F1-R15	F1	R15	1	5	8	A3	125	Isolation	D2E	Soil	MTRD	C3	D2E-Soil-MTRD-C3	Sample	NovaSeq
D2E-ITS-F1-R16	F1	R16	1	5	8	A4	179	Isolation	D2E	Soil	TAWWD	C3	D2E-Soil-TAWWD-C3	Sample	NovaSeq
D2E-ITS-F1-R17	F1	R17	1	5	8	A5	227	Isolation	D2E	Soil	CDS	C4	D2E-Soil-CDS-C4	Sample	NovaSeq
D2E-ITS-F1-R18	NA	NA	NA	NA	NA	NA	NA	Isolation	D2E	NA	NA	NA	NA	Unused	NovaSeq
D2E-ITS-F1-R19	F1	R19	1	5	8	A7	21	Isolation	D2E	Soil	LINEAG	C1	D2E-Soil-LINEAG-C1	Sample	NovaSeq
D2E-ITS-F1-R20	F1	R20	1	5	8	A8	85	Isolation	D2E	Soil	SLCY	C2	D2E-Soil-SLCY-C2	Sample	NovaSeq
D2E-ITS-F1-R21	F1	R21	1	5	8	A9	109	Isolation	D2E	Soil	HTCH	C2	D2E-Soil-HTCH-C2	Sample	NovaSeq
D2E-ITS-F1-R22	F1	R22	1	5	8	A10	228	Isolation	D2E	Leaf	CDS	C4	D2E-Leaf-CDS-C4	Sample	NovaSeq
D2E-ITS-F1-R23	F1	R23	1	5	8	A11	307	Isolation	D2E	Leaf	LINEAG	C1	D2E-Leaf-LINEAG-C1	Sample	NovaSeq
D2E-ITS-F1-R24	F1	R24	1	5	8	A12	343	Isolation	D2E	Leaf	BBW	C4	D2E-Leaf-BBW-C4	Sample	NovaSeq
D2E-ITS-F2-R1	F2	R1	1	5	5	B1	20	Isolation	D2E	Leaf	RCHMND	C1	D2E-Leaf-RCHMND-C1	Sample	NovaSeq
D2E-ITS-F2-R2	F2	R2	1	5	5	B2	86	Isolation	D2E	Leaf	SLCY	C2	D2E-Leaf-SLCY-C2	Sample	NovaSeq
D2E-ITS-F2-R3	F2	R3	1	5	5	B3	208	Isolation	D2E	Leaf	RCHMD	C4	D2E-Leaf-RCHMD-C4	Sample	NovaSeq
D2E-ITS-F2-R4	F2	R4	1	5	5	B4	16	Isolation	D2E	Leaf	CROC	C1	D2E-Leaf-CROC-C1	Sample	NovaSeq
D2E-ITS-F2-R5	F2	R5	1	5	5	B5	113	Isolation	D2E	Soil	HOEF	C2	D2E-Soil-HOEF-C2	Sample	NovaSeq
D2E-ITS-F2-R6	F2	R6	1	5	5	B6	270	Isolation	D2E	Leaf	SAW	C5	D2E-Leaf-SAW-C5	Sample	NovaSeq
D2E-ITS-F2-R7	F2	R7	1	5	5	B7	18	Isolation	D2E	Leaf	LNGDL	C1	D2E-Leaf-LNGDL-C1	Sample	NovaSeq
D2E-ITS-F2-R8	F2	R8	1	5	5	B8	105	Isolation	D2E	Soil	HLKH	C2	D2E-Soil-HLKH-C2	Sample	NovaSeq
D2E-ITS-F2-R9	F2	R9	1	5	5	B9	198	Isolation	D2E	Leaf	ANCST	C4	D2E-Leaf-ANCST-C4	Sample	NovaSeq
D2E-ITS-F2-R10	F2	R10	1	5	5	B10	279	Isolation	D2E	Soil	MOCCA	C5	D2E-Soil-MOCCA-C5	Sample	NovaSeq
D2E-ITS-F2-R11	F2	R11	1	5	5	B11	329	Isolation	D2E	Soil	ATTP	C4	D2E-Soil-ATTP-C4	Sample	NovaSeq
D2E-ITS-F2-R12	F2	R12	1	5	5	B12	11	Isolation	D2E	Soil	ANCST	C1	D2E-Soil-ANCST-C1	Sample	NovaSeq
D2E-ITS-F2-R13	F2	R13	1	5	8	B1	8	Isolation	D2E	Leaf	MCOU	C1	D2E-Leaf-MCOU-C1	Sample	NovaSeq
D2E-ITS-F2-R14	F2	R14	1	5	8	B2	54	Isolation	D2E	Leaf	WLDCP	C1	D2E-Leaf-WLDCP-C1	Sample	NovaSeq
D2E-ITS-F2-R15	F2	R15	1	5	8	B3	127	Isolation	D2E	Soil	GMKW	C3	D2E-Soil-GMKW-C3	Sample	NovaSeq
D2E-ITS-F2-R16	F2	R16	1	5	8	B4	182	Isolation	D2E	Leaf	RWDN	C4	D2E-Leaf-RWDN-C4	Sample	NovaSeq
D2E-ITS-F2-R17	F2	R17	1	5	8	B5	240	Isolation	D2E	Leaf	MALDW	C4	D2E-Leaf-MALDW-C4	Sample	NovaSeq
D2E-ITS-F2-R18	F2	R18	1	5	8	B6	321	Isolation	D2E	Soil	MALDW	C3	D2E-Soil-MALDW-C3	Sample	NovaSeq
D2E-ITS-F2-R19	F2	R19	1	5	8	B7	42	Isolation	D2E	Leaf	CDS	C1	D2E-Leaf-CDS-C1	Sample	NovaSeq
D2E-ITS-F2-R20	F2	R20	1	5	8	B8	88	Isolation	D2E	Leaf	CDPM	C2	D2E-Leaf-CDPM-C2	Sample	NovaSeq
D2E-ITS-F2-R21	F2	R21	1	5	8	B9	121	Isolation	D2E	Soil	RWDN	C3	D2E-Soil-RWDN-C3	Sample	NovaSeq
D2E-ITS-F2-R22	F2	R22	1	5	8	B10	234	Isolation	D2E	Leaf	HTCH	C4	D2E-Leaf-HTCH-C4	Sample	NovaSeq
D2E-ITS-F2-R23	F2	R23	1	5	8	B11	308	Isolation	D2E	Leaf	LINEAG	C1	D2E-Leaf-LINEAG-C1	Sample	NovaSeq
D2E-ITS-F2-R24	F2	R24	1	5	8	B12	348	Isolation	D2E	Leaf	CDPM	C4	D2E-Leaf-CDPM-C4	Sample	NovaSeq
D2E-ITS-F3-R1	F3	R1	1	5	5	C1	31	Isolation	D2E	Soil	RWDN	C1	D2E-Soil-RWDN-C1	Sample	NovaSeq
D2E-ITS-F3-R2	F3	R2	1	5	5	C2	100	Isolation	D2E	Leaf	DYMK	C2	D2E-Leaf-DYMK-C2	Sample	NovaSeq
D2E-ITS-F3-R3	F3	R3	1	5	5	C3	217	Isolation	D2E	Soil	WLDCP	C4	D2E-Soil-WLDCP-C4	Sample	NovaSeq
D2E-ITS-F3-R4	F3	R4	1	5	5	C4	22	Isolation	D2E	Leaf	LINEAG	C1	D2E-Leaf-LINEAG-C1	Sample	NovaSeq
D2E-ITS-F3-R5	F3	R5	1	5	5	C5	134	Isolation	D2E	Leaf	HRWD	C3	D2E-Leaf-HRWD-C3	Sample	NovaSeq
D2E-ITS-F3-R6	F3	R6	1	5	5	C6	288	Isolation	D2E	Leaf	CDS	C5	D2E-Leaf-CDS-C5	Sample	NovaSeq
D2E-ITS-F3-R7	F3	R7	1	5	5	C7	30	Isolation	D2E	Leaf	ATTP	C1	D2E-Leaf-ATTP-C1	Sample	NovaSeq
D2E-ITS-F3-R8	F3	R8	1	5	5	C8	116	Isolation	D2E	Leaf	MOCCA	C2	D2E-Leaf-MOCCA-C2	Sample	NovaSeq
D2E-ITS-F3-R9	F3	R9	1	5	5	C9	211	Isolation	D2E	Soil	ASHC	C4	D2E-Soil-ASHC-C4	Sample	NovaSeq
D2E-ITS-F3-R10	F3	R10	1	5	5	C10	285	Isolation	D2E	Soil	DYMK	C5	D2E-Soil-DYMK-C5	Sample	NovaSeq
D2E-ITS-F3-R11	F3	R11	1	5	5	C11	331	Isolation	D2E	Leaf	ATTP	C4	D2E-Leaf-ATTP-C4	Sample	NovaSeq
D2E-ITS-F3-R12	F3	R12	1	5	5	C12	15	Isolation	D2E	Soil	CROC	C1	D2E-Soil-CROC-C1	Sample	NovaSeq
D2E-ITS-F3-R13	F3	R13	1	5	8	C1	25	Isolation	D2E	Soil	GMKW	C1	D2E-Soil-GMKW-C1	Sample	NovaSeq
D2E-ITS-F3-R14	F3	R14	1	5	8	C2	74	Isolation	D2E	Leaf	WINDW	C2	D2E-Leaf-WINDW-C2	Sample	NovaSeq
D2E-ITS-F3-R15	F3	R15	1	5	8	C3	140	Isolation	D2E	Leaf	ANCST	C3	D2E-Leaf-ANCST-C3	Sample	NovaSeq
D2E-ITS-F3-R16	F3	R16	1	5	8	C4	185	Isolation	D2E	Soil	MTRD	C4	D2E-Soil-MTRD-C4	Sample	NovaSeq
D2E-ITS-F3-R17	F3	R17	1	5	8	C5	259	Isolation	D2E	Soil	ANCST	C5	D2E-Soil-ANCST-C5	Sample	NovaSeq
D2E-ITS-F3-R18	F3	R18	1	5	8	C6	325	Isolation	D2E	Soil	TAWWD	C4	D2E-Soil-TAWWD-C4	Sample	NovaSeq
D2E-ITS-F3-R19	F3	R19	1	5	8	C7	45	Isolation	D2E	Soil	HLKH	C1	D2E-Soil-HLKH-C1	Sample	NovaSeq
D2E-ITS-F3-R20	F3	R20	1	5	8	C8	89	Isolation	D2E	Soil	SAW	C2	D2E-Soil-SAW-C2	Sample	NovaSeq
D2E-ITS-F3-R21	F3	R21	1	5	8	C9	131	Isolation	D2E	Soil	WINDW	C3	D2E-Soil-WINDW-C3	Sample	NovaSeq
D2E-ITS-F3-R22	F3	R22	1	5	8	C10	235	Isolation	D2E	Soil	HOEF	C4	D2E-Soil-HOEF-C4	Sample	NovaSeq
D2E-ITS-F3-R23	F3	R23	1	5	8	C11	315	Isolation	D2E	Leaf	DYMK	C2	D2E-Leaf-DYMK-C2	Sample	NovaSeq
D2E-ITS-F3-R24	F3	R24	1	5	8	C12	353	Isolation	D2E	Soil	MCOU	C5	D2E-Soil-MCOU-C5	Sample	NovaSeq
D2E-ITS-F4-R1	F4	R1	1	5	5	D1	PCR_NEG_Ctrol	Isolation	D2E	PCR_NEG_Ctrol	NA	NA	D2E-PCR_NEG_Ctrol-PCR Negative-1	PCR_Negative	NovaSeq
D2E-ITS-F4-R2	F4	R2	1	5	5	D2	114	Isolation	D2E	Leaf	HOEF	C2	D2E-Leaf-HOEF-C2	Sample	NovaSeq
D2E-ITS-F4-R3	F4	R3	1	5	5	D3	220	Isolation	D2E	Leaf	TAWWD	C4	D2E-Leaf-TAWWD-C4	Sample	NovaSeq
D2E-ITS-F4-R4	F4	R4	1	5	5	D4	24	Isolation	D2E	Leaf	LWBKR	C1	D2E-Leaf-LWBKR-C1	Sample	NovaSeq
D2E-ITS-F4-R5	F4	R5	1	5	5	D5	136	Isolation	D2E	Leaf	ATTP	C3	D2E-Leaf-ATTP-C3	Sample	NovaSeq
D2E-ITS-F4-R6	F4	R6	1	5	5	D6	293	Isolation	D2E	Soil	SNDR	C5	D2E-Soil-SNDR-C5	Sample	NovaSeq
D2E-ITS-F4-R7	F4	R7	1	5	5	D7	41	Isolation	D2E	Soil	CDS	C1	D2E-Soil-CDS-C1	Sample	NovaSeq
D2E-ITS-F4-R8	F4	R8	1	5	5	D8	117	Isolation	D2E	Soil	MALDW	C2	D2E-Soil-MALDW-C2	Sample	NovaSeq
D2E-ITS-F4-R9	F4	R9	1	5	5	D9	229	Isolation	D2E	Soil	STRTS	C4	D2E-Soil-STRTS-C4	Sample	NovaSeq
D2E-ITS-F4-R10	F4	R10	1	5	5	D10	291	Isolation	D2E	Soil	HLKH	C5	D2E-Soil-HLKH-C5	Sample	NovaSeq
D2E-ITS-F4-R11	F4	R11	1	5	5	D11	350	Isolation	D2E	Soil	HTCH	C5	D2E-Soil-HTCH-C5	Sample	NovaSeq
D2E-ITS-F4-R12	F4	R12	1	5	5	D12	33	Isolation	D2E	Soil	HARWD	C1	D2E-Soil-HARWD-C1	Sample	NovaSeq
D2E-ITS-F4-R13	F4	R13	1	5	8	D1	28	Isolation	D2E	Leaf	WINDW	C1	D2E-Leaf-WINDW-C1	Sample	NovaSeq
D2E-ITS-F4-R14	F4	R14	1	5	8	D2	79	Isolation	D2E	Soil	RWDN	C2	D2E-Soil-RWDN-C2	Sample	NovaSeq
D2E-ITS-F4-R15	F4	R15	1	5	8	D3	144	Isolation	D2E	Leaf	MCOU	C3	D2E-Leaf-MCOU-C3	Sample	NovaSeq
D2E-ITS-F4-R16	F4	R16	1	5	8	D4	195	Isolation	D2E	Soil	ATTP	C4	D2E-Soil-ATTP-C4	Sample	NovaSeq
D2E-ITS-F4-R17	F4	R17	1	5	8	D5	264	Isolation	D2E	Leaf	MCOU	C5	D2E-Leaf-MCOU-C5	Sample	NovaSeq
D2E-ITS-F4-R18	F4	R18	1	5	8	D6	335	Isolation	D2E	Leaf	HOEF	C4	D2E-Leaf-HOEF-C4	Sample	NovaSeq
D2E-ITS-F4-R19	F4	R19	1	5	8	D7	55	Isolation	D2E	Soil	MALDW	C1	D2E-Soil-MALDW-C1	Sample	NovaSeq
D2E-ITS-F4-R20	F4	R20	1	5	8	D8	CP_41_tree_16S	Isolation	Agar	All	MALDW	C1	D2E-All-MALDW-C1	Sample	NovaSeq
D2E-ITS-F4-R21	F4	R21	1	5	8	D9	138	Isolation	D2E	Leaf	LINEAG	C3	D2E-Leaf-LINEAG-C3	Sample	NovaSeq
D2E-ITS-F4-R22	F4	R22	1	5	8	D10	237	Isolation	D2E	Soil	MOCCA	C4	D2E-Soil-MOCCA-C4	Sample	NovaSeq
D2E-ITS-F4-R23	F4	R23	1	5	8	D11	317	Isolation	D2E	Soil	HRWD	C2	D2E-Soil-HRWD-C2	Sample	NovaSeq
D2E-ITS-F4-R24	F4	R24	1	5	8	D12	DNA_Neg_7_8	Isolation	D2E	DNA_Neg_7_8	NA	NA	D2E-DNA_Neg_7_8-Negctrl-7-8-1	DNA_Negative	NovaSeq
D2E-ITS-F5-R1	F5	R1	1	5	5	E1	59	Isolation	D2E	Soil	TAWWD	C1	D2E-Soil-TAWWD-C1	Sample	NovaSeq
D2E-ITS-F5-R2	F5	R2	1	5	5	E2	124	Isolation	D2E	Leaf	LWBKR	C3	D2E-Leaf-LWBKR-C3	Sample	NovaSeq
D2E-ITS-F5-R3	F5	R3	1	5	5	E3	258	Isolation	D2E	Leaf	LINEAG	C5	D2E-Leaf-LINEAG-C5	Sample	NovaSeq
D2E-ITS-F5-R4	F5	R4	1	5	5	E4	37	Isolation	D2E	Soil	MTRD	C1	D2E-Soil-MTRD-C1	Sample	NovaSeq
D2E-ITS-F5-R5	F5	R5	1	5	5	E5	170	Isolation	D2E	Leaf	HTCH	C3	D2E-Leaf-HTCH-C3	Sample	NovaSeq
D2E-ITS-F5-R6	F5	R6	1	5	5	E6	297	Isolation	D2E	Soil	WLDCP	C5	D2E-Soil-WLDCP-C5	Sample	NovaSeq
D2E-ITS-F5-R7	F5	R7	1	5	5	E7	48	Isolation	D2E	Leaf	SNDR	C1	D2E-Leaf-SNDR-C1	Sample	NovaSeq
D2E-ITS-F5-R8	F5	R8	1	5	5	E8	141	Isolation	D2E	Soil	STHWK	C3	D2E-Soil-STHWK-C3	Sample	NovaSeq
D2E-ITS-F5-R9	F5	R9	1	5	5	E9	241	Isolation	D2E	Soil	RWDN	C5	D2E-Soil-RWDN-C5	Sample	NovaSeq
D2E-ITS-F5-R10	F5	R10	1	5	5	E10	300	Isolation	D2E	Leaf	HOEF	C5	D2E-Leaf-HOEF-C5	Sample	NovaSeq
D2E-ITS-F5-R11	F5	R11	1	5	5	E11	DNA_Neg_Ctrol_4	Isolation	D2E	DNA_Neg_Ctrol_4	NA	NA	D2E-DNA_Neg_Ctrol_4-Negctrl-4-1	DNA_Negative	NovaSeq
D2E-ITS-F5-R12	F5	R12	1	5	5	E12	43	Isolation	D2E	Soil	STRTS	C1	D2E-Soil-STRTS-C1	Sample	NovaSeq
D2E-ITS-F5-R13	F5	R13	1	5	8	E1	29	Isolation	D2E	Soil	ATTP	C1	D2E-Soil-ATTP-C1	Sample	NovaSeq
D2E-ITS-F5-R14	F5	R14	1	5	8	E2	87	Isolation	D2E	Soil	CDPM	C2	D2E-Soil-CDPM-C2	Sample	NovaSeq
D2E-ITS-F5-R15	F5	R15	1	5	8	E3	151	Isolation	D2E	Soil	RCHMD	C3	D2E-Soil-RCHMD-C3	Sample	NovaSeq
D2E-ITS-F5-R16	F5	R16	1	5	8	E4	212	Isolation	D2E	Leaf	ASHC	C4	D2E-Leaf-ASHC-C4	Sample	NovaSeq
D2E-ITS-F5-R17	F5	R17	1	5	8	E5	266	Isolation	D2E	Leaf	SLCY	C5	D2E-Leaf-SLCY-C5	Sample	NovaSeq
D2E-ITS-F5-R18	F5	R18	1	5	8	E6	346	Isolation	D2E	Soil	CDPM	C4	D2E-Soil-CDPM-C4	Sample	NovaSeq
D2E-ITS-F5-R19	F5	R19	1	5	8	E7	57	Isolation	D2E	Soil	HOEF	C1	D2E-Soil-HOEF-C1	Sample	NovaSeq
D2E-ITS-F5-R20	F5	R20	1	5	8	E8	97	Isolation	D2E	Soil	ASHC	C2	D2E-Soil-ASHC-C2	Sample	NovaSeq
D2E-ITS-F5-R21	F5	R21	1	5	8	E9	165	Isolation	D2E	Soil	HLKH	C3	D2E-Soil-HLKH-C3	Sample	NovaSeq
D2E-ITS-F5-R22	F5	R22	1	5	8	E10	248	Isolation	D2E	Leaf	GMKW	C5	D2E-Leaf-GMKW-C5	Sample	NovaSeq
D2E-ITS-F5-R23	F5	R23	1	5	8	E11	323	Isolation	D2E	Leaf	MALDW	C3	D2E-Leaf-MALDW-C3	Sample	NovaSeq
D2E-ITS-F5-R24	F5	R24	1	5	8	E12	CP_37_tree_16S	Isolation	Agar	All	LNGDL	C2	D2E-All-LNGDL-C2	Sample	NovaSeq
D2E-ITS-F6-R1	F6	R1	1	5	5	F1	69	Isolation	D2E	Soil	ATTP	C2	D2E-Soil-ATTP-C2	Sample	NovaSeq
D2E-ITS-F6-R2	F6	R2	1	5	5	F2	DNA_Neg_Ctrol_2	Isolation	D2E	DNA_Neg_Ctrol_2	NA	NA	D2E-DNA_Neg_Ctrol_2-Negctrl-2-1	DNA_Negative	NovaSeq
D2E-ITS-F6-R3	F6	R3	1	5	5	F3	267	Isolation	D2E	Soil	CDPM	C5	D2E-Soil-CDPM-C5	Sample	NovaSeq
D2E-ITS-F6-R4	F6	R4	1	5	5	F4	50	Isolation	D2E	Leaf	HTCH	C1	D2E-Leaf-HTCH-C1	Sample	NovaSeq
D2E-ITS-F6-R5	F6	R5	1	5	5	F5	178	Isolation	D2E	Leaf	MALDW	C3	D2E-Leaf-MALDW-C3	Sample	NovaSeq
D2E-ITS-F6-R6	F6	R6	1	5	5	F6	302	Isolation	D2E	Soil	STHWK	C1	D2E-Soil-STHWK-C1	Sample	NovaSeq
D2E-ITS-F6-R7	F6	R7	1	5	5	F7	56	Isolation	D2E	Leaf	MALDW	C1	D2E-Leaf-MALDW-C1	Sample	NovaSeq
D2E-ITS-F6-R8	F6	R8	1	5	5	F8	146	Isolation	D2E	Leaf	SLCY	C3	D2E-Leaf-SLCY-C3	Sample	NovaSeq
D2E-ITS-F6-R9	F6	R9	1	5	5	F9	250	Isolation	D2E	Leaf	BBW	C5	D2E-Leaf-BBW-C5	Sample	NovaSeq
D2E-ITS-F6-R10	F6	R10	1	5	5	F10	303	Isolation	D2E	Leaf	STHWK	C1	D2E-Leaf-STHWK-C1	Sample	NovaSeq
D2E-ITS-F6-R11	F6	R11	1	5	5	F11	DNA_Neg_Ctrol_5	Isolation	D2E	DNA_Neg_Ctrol_5	NA	NA	D2E-DNA_Neg_Ctrol_5-Negctrl-5-1	DNA_Negative	NovaSeq
D2E-ITS-F6-R12	F6	R12	1	5	5	F12	49	Isolation	D2E	Soil	HTCH	C1	D2E-Soil-HTCH-C1	Sample	NovaSeq
D2E-ITS-F6-R13	F6	R13	1	5	8	F1	35	Isolation	D2E	Soil	BBW	C1	D2E-Soil-BBW-C1	Sample	NovaSeq
D2E-ITS-F6-R14	F6	R14	1	5	8	F2	108	Isolation	D2E	Leaf	SNDR	C2	D2E-Leaf-SNDR-C2	Sample	NovaSeq
D2E-ITS-F6-R15	F6	R15	1	5	8	F3	162	Isolation	D2E	Leaf	CDS	C3	D2E-Leaf-CDS-C3	Sample	NovaSeq
D2E-ITS-F6-R16	F6	R16	1	5	8	F4	214	Isolation	D2E	Leaf	DYMK	C4	D2E-Leaf-DYMK-C4	Sample	NovaSeq
D2E-ITS-F6-R17	F6	R17	1	5	8	F5	PCR_Neg_Ctrol_4	Isolation	D2E	NA	NA	NA	D2E-NA-PCR Negative-1	PCR_Negative	NovaSeq
D2E-ITS-F6-R18	F6	R18	1	5	8	F6	352	Isolation	D2E	Leaf	HTCH	C5	D2E-Leaf-HTCH-C5	Sample	NovaSeq
D2E-ITS-F6-R19	F6	R19	1	5	8	F7	58	Isolation	D2E	Leaf	HOEF	C1	D2E-Leaf-HOEF-C1	Sample	NovaSeq
D2E-ITS-F6-R20	F6	R20	1	5	8	F8	98	Isolation	D2E	Leaf	ASHC	C2	D2E-Leaf-ASHC-C2	Sample	NovaSeq
D2E-ITS-F6-R21	F6	R21	1	5	8	F9	169	Isolation	D2E	Soil	HTCH	C3	D2E-Soil-HTCH-C3	Sample	NovaSeq
D2E-ITS-F6-R22	F6	R22	1	5	8	F10	256	Isolation	D2E	Leaf	ATTP	C5	D2E-Leaf-ATTP-C5	Sample	NovaSeq
D2E-ITS-F6-R23	F6	R23	1	5	8	F11	326	Isolation	D2E	Soil	TAWWD	C4	D2E-Soil-TAWWD-C4	Sample	NovaSeq
D2E-ITS-F6-R24	F6	R24	1	5	8	F12	CP_38_tree_16S	Isolation	Agar	All	LNGDL	C3	D2E-All-LNGDL-C3	Sample	NovaSeq
D2E-ITS-F7-R1	F7	R1	1	5	5	G1	DNA_Neg_Ctrol_1	Isolation	D2E	DNA_Neg_Ctrol_1	NA	NA	D2E-DNA_Neg_Ctrol_1-Negctrl-1-1	DNA_Negative	NovaSeq
D2E-ITS-F7-R2	F7	R2	1	5	5	G2	DNA_Neg_Ctrol_3	Isolation	D2E	DNA_Neg_Ctrol_3	NA	NA	D2E-DNA_Neg_Ctrol_3-Negctrl-3-1	DNA_Negative	NovaSeq
D2E-ITS-F7-R3	F7	R3	1	5	5	G3	283	Isolation	D2E	Soil	TAWWD	C5	D2E-Soil-TAWWD-C5	Sample	NovaSeq
D2E-ITS-F7-R4	F7	R4	1	5	5	G4	71	Isolation	D2E	Soil	HARWD	C2	D2E-Soil-HARWD-C2	Sample	NovaSeq
D2E-ITS-F7-R5	F7	R5	1	5	5	G5	190	Isolation	D2E	Leaf	BBW	C4	D2E-Leaf-BBW-C4	Sample	NovaSeq
D2E-ITS-F7-R6	F7	R6	1	5	5	G6	314	Isolation	D2E	Soil	DYMK	C2	D2E-Soil-DYMK-C2	Sample	NovaSeq
D2E-ITS-F7-R7	F7	R7	1	5	5	G7	67	Isolation	D2E	Soil	LINEAG	C2	D2E-Soil-LINEAG-C2	Sample	NovaSeq
D2E-ITS-F7-R8	F7	R8	1	5	5	G8	152	Isolation	D2E	Leaf	RCHMD	C3	D2E-Leaf-RCHMD-C3	Sample	NovaSeq
D2E-ITS-F7-R9	F7	R9	1	5	5	G9	261	Isolation	D2E	Soil	STHWK	C5	D2E-Soil-STHWK-C5	Sample	NovaSeq
D2E-ITS-F7-R10	F7	R10	1	5	5	G10	305	Isolation	D2E	Soil	LINEAG	C1	D2E-Soil-LINEAG-C1	Sample	NovaSeq
D2E-ITS-F7-R11	F7	R11	1	5	5	G11	DNA_Neg_Ctrol_6	Isolation	D2E	DNA_Neg_Ctrol_6	NA	NA	D2E-DNA_Neg_Ctrol_6-Negctrl-6-1	DNA_Negative	NovaSeq
D2E-ITS-F7-R12	F7	R12	1	5	5	G12	64	Isolation	D2E	Leaf	MCOU	C2	D2E-Leaf-MCOU-C2	Sample	NovaSeq
D2E-ITS-F7-R13	F7	R13	1	5	8	G1	39	Isolation	D2E	Soil	DYMK	C1	D2E-Soil-DYMK-C1	Sample	NovaSeq
D2E-ITS-F7-R14	F7	R14	1	5	8	G2	110	Isolation	D2E	Leaf	HTCH	C2	D2E-Leaf-HTCH-C2	Sample	NovaSeq
D2E-ITS-F7-R15	F7	R15	1	5	8	G3	167	Isolation	D2E	Soil	SNDR	C3	D2E-Soil-SNDR-C3	Sample	NovaSeq
D2E-ITS-F7-R16	F7	R16	1	5	8	G4	218	Isolation	D2E	Leaf	WLDCP	C4	D2E-Leaf-WLDCP-C4	Sample	NovaSeq
D2E-ITS-F7-R17	F7	R17	1	5	8	G5	306	Isolation	D2E	Soil	LINEAG	C1	D2E-Soil-LINEAG-C1	Sample	NovaSeq
D2E-ITS-F7-R18	F7	R18	1	5	8	G6	356	Isolation	D2E	Leaf	MCOU	C5	D2E-Leaf-MCOU-C5	Sample	NovaSeq
D2E-ITS-F7-R19	F7	R19	1	5	8	G7	63	Isolation	D2E	Soil	MCOU	C2	D2E-Soil-MCOU-C2	Sample	NovaSeq
D2E-ITS-F7-R20	F7	R20	1	5	8	G8	102	Isolation	D2E	Leaf	CDS	C2	D2E-Leaf-CDS-C2	Sample	NovaSeq
D2E-ITS-F7-R21	F7	R21	1	5	8	G9	191	Isolation	D2E	Soil	WINDW	C4	D2E-Soil-WINDW-C4	Sample	NovaSeq
D2E-ITS-F7-R22	F7	R22	1	5	8	G10	257	Isolation	D2E	Soil	LINEAG	C5	D2E-Soil-LINEAG-C5	Sample	NovaSeq
D2E-ITS-F7-R23	F7	R23	1	5	8	G11	333	Isolation	D2E	Soil	HOEF	C4	D2E-Soil-HOEF-C4	Sample	NovaSeq
D2E-ITS-F7-R24	F7	R24	1	5	8	G12	CP_39_tree_16S	Isolation	Agar	All	LNGDL	C4	D2E-All-LNGDL-C4	Sample	NovaSeq
D2E-ITS-F8-R1	F8	R1	1	5	5	H1	73	Isolation	D2E	Soil	WINDW	C2	D2E-Soil-WINDW-C2	Sample	NovaSeq
D2E-ITS-F8-R2	F8	R2	1	5	5	H2	187	Isolation	D2E	Soil	GMKW	C4	D2E-Soil-GMKW-C4	Sample	NovaSeq
D2E-ITS-F8-R3	F8	R3	1	5	5	H3	296	Isolation	D2E	Leaf	HTCH	C5	D2E-Leaf-HTCH-C5	Sample	NovaSeq
D2E-ITS-F8-R4	F8	R4	1	5	5	H4	94	Isolation	D2E	Leaf	LNGDL	C2	D2E-Leaf-LNGDL-C2	Sample	NovaSeq
D2E-ITS-F8-R5	F8	R5	1	5	5	H5	221	Isolation	D2E	Soil	LINEAG	C4	D2E-Soil-LINEAG-C4	Sample	NovaSeq
D2E-ITS-F8-R6	F8	R6	1	5	5	H6	328	Isolation	D2E	Leaf	TAWWD	C4	D2E-Leaf-TAWWD-C4	Sample	NovaSeq
D2E-ITS-F8-R7	F8	R7	1	5	5	H7	90	Isolation	D2E	Leaf	SAW	C2	D2E-Leaf-SAW-C2	Sample	NovaSeq
D2E-ITS-F8-R8	F8	R8	1	5	5	H8	158	Isolation	D2E	Leaf	ASHC	C3	D2E-Leaf-ASHC-C3	Sample	NovaSeq
D2E-ITS-F8-R9	F8	R9	1	5	5	H9	263	Isolation	D2E	Soil	MCOU	C5	D2E-Soil-MCOU-C5	Sample	NovaSeq
D2E-ITS-F8-R10	F8	R10	1	5	5	H10	324	Isolation	D2E	Leaf	MALDW	C3	D2E-Leaf-MALDW-C3	Sample	NovaSeq
D2E-ITS-F8-R11	NA	NA	NA	NA	NA	NA	NA	Isolation	D2E	NA	NA	NA	NA	Unused	NovaSeq
D2E-ITS-F8-R12	F8	R12	1	5	5	H12	84	Isolation	D2E	Leaf	MTRD	C2	D2E-Leaf-MTRD-C2	Sample	NovaSeq
D2E-ITS-F8-R13	F8	R13	1	5	8	H1	44	Isolation	D2E	Leaf	STRTS	C1	D2E-Leaf-STRTS-C1	Sample	NovaSeq
D2E-ITS-F8-R14	F8	R14	1	5	8	H2	111	Isolation	D2E	Soil	WLDCP	C2	D2E-Soil-WLDCP-C2	Sample	NovaSeq
D2E-ITS-F8-R15	F8	R15	1	5	8	H3	177	Isolation	D2E	Soil	MALDW	C3	D2E-Soil-MALDW-C3	Sample	NovaSeq
D2E-ITS-F8-R16	F8	R16	1	5	8	H4	224	Isolation	D2E	Leaf	SLCY	C4	D2E-Leaf-SLCY-C4	Sample	NovaSeq
D2E-ITS-F8-R17	F8	R17	1	5	8	H5	316	Isolation	D2E	Leaf	DYMK	C2	D2E-Leaf-DYMK-C2	Sample	NovaSeq
D2E-ITS-F8-R18	F8	R18	1	5	8	H6	360	Isolation	D2E	Leaf	SAW	C5	D2E-Leaf-SAW-C5	Sample	NovaSeq
D2E-ITS-F8-R19	F8	R19	1	5	8	H7	83	Isolation	D2E	Soil	MTRD	C2	D2E-Soil-MTRD-C2	Sample	NovaSeq
D2E-ITS-F8-R20	F8	R20	1	5	8	H8	103	Isolation	D2E	Soil	STRTS	C2	D2E-Soil-STRTS-C2	Sample	NovaSeq
D2E-ITS-F8-R21	F8	R21	1	5	8	H9	206	Isolation	D2E	Leaf	SAW	C4	D2E-Leaf-SAW-C4	Sample	NovaSeq
D2E-ITS-F8-R22	F8	R22	1	5	8	H10	281	Isolation	D2E	Soil	MALDW	C5	D2E-Soil-MALDW-C5	Sample	NovaSeq
D2E-ITS-F8-R23	F8	R23	1	5	8	H11	336	Isolation	D2E	Leaf	HOEF	C4	D2E-Leaf-HOEF-C4	Sample	NovaSeq
D2E-ITS-F8-R24	F8	R24	1	5	8	H12	CP_40_tree_16S	Isolation	Agar	All	LNGDL	C5	D2E-All-LNGDL-C5	Sample	NovaSeq
D2E-ITS-F9-R1	F9	R1	1	5	6	A1	92	Isolation	D2E	Leaf	RCHMD	C2	D2E-Leaf-RCHMD-C2	Sample	NovaSeq
D2E-ITS-F9-R2	F9	R2	1	5	6	A2	143	Isolation	D2E	Soil	MCOU	C3	D2E-Soil-MCOU-C3	Sample	NovaSeq
D2E-ITS-F9-R3	F9	R3	1	5	6	A3	202	Isolation	D2E	Leaf	MCOU	C4	D2E-Leaf-MCOU-C4	Sample	NovaSeq
D2E-ITS-F9-R4	F9	R4	1	5	6	A4	272	Isolation	D2E	Leaf	RCHMD	C5	D2E-Leaf-RCHMD-C5	Sample	NovaSeq
D2E-ITS-F9-R5	F9	R5	1	5	6	A5	318	Isolation	D2E	Soil	HRWD	C2	D2E-Soil-HRWD-C2	Sample	NovaSeq
D2E-ITS-F9-R6	F9	R6	1	5	6	A6	1	Isolation	D2E	Soil	SAW	C1	D2E-Soil-SAW-C1	Sample	NovaSeq
D2E-ITS-F9-R7	F9	R7	1	5	6	A7	72	Isolation	D2E	Leaf	HARWD	C2	D2E-Leaf-HARWD-C2	Sample	NovaSeq
D2E-ITS-F9-R8	F9	R8	1	5	6	A8	157	Isolation	D2E	Soil	ASHC	C3	D2E-Soil-ASHC-C3	Sample	NovaSeq
D2E-ITS-F9-R9	F9	R9	1	5	6	A9	245	Isolation	D2E	Soil	MTRD	C5	D2E-Soil-MTRD-C5	Sample	NovaSeq
D2E-ITS-F9-R10	F9	R10	1	5	6	A10	287	Isolation	D2E	Soil	CDS	C5	D2E-Soil-CDS-C5	Sample	NovaSeq
D2E-ITS-F9-R11	F9	R11	1	5	6	A11	337	Isolation	D2E	Soil	SLCY	C4	D2E-Soil-SLCY-C4	Sample	NovaSeq
D2E-ITS-F9-R12	F9	R12	1	5	6	A12	CP_1_tree_16S	Isolation	Agar	All	ASHC	C1	D2E-All-ASHC-C1	Sample	NovaSeq
D2E-ITS-F9-R13	F9	R13	1	5	510	510	CP_42_tree_16S	Isolation	Agar	All	MALDW	C2	D2E-All-MALDW-C2	Sample	NovaSeq
D2E-ITS-F9-R14	F9	R14	1	5	511	511	CP_50_tree_16S	Isolation	Agar	All	HOEF	C5	D2E-All-HOEF-C5	Sample	NovaSeq
D2E-ITS-F9-R15	F9	R15	1	5	512	512	Iso_Ctrol_3	Isolation	Agar	All	NA	NA	D2E-All-Isolation Negative-1	Isolation_Negative	NovaSeq
D2E-ITS-F9-R16	NA	NA	NA	NA	NA	NA	NA	Isolation	D2E	NA	NA	NA	NA	Unused	NovaSeq
D2E-ITS-F9-R17	NA	NA	NA	NA	NA	NA	NA	Isolation	D2E	NA	NA	NA	NA	Unused	NovaSeq
D2E-ITS-F9-R18	NA	NA	NA	NA	NA	NA	NA	Isolation	D2E	NA	NA	NA	NA	Unused	NovaSeq
D2E-ITS-F9-R19	NA	NA	NA	NA	NA	NA	NA	Isolation	D2E	NA	NA	NA	NA	Unused	NovaSeq
D2E-ITS-F9-R20	NA	NA	NA	NA	NA	NA	NA	Isolation	D2E	NA	NA	NA	NA	Unused	NovaSeq
D2E-ITS-F9-R21	NA	NA	NA	NA	NA	NA	NA	Isolation	D2E	NA	NA	NA	NA	Unused	NovaSeq
D2E-ITS-F9-R22	NA	NA	NA	NA	NA	NA	NA	Isolation	D2E	NA	NA	NA	NA	Unused	NovaSeq
D2E-ITS-F9-R23	NA	NA	NA	NA	NA	NA	NA	Isolation	D2E	NA	NA	NA	NA	Unused	NovaSeq
D2E-ITS-F9-R24	NA	NA	NA	NA	NA	NA	NA	Isolation	D2E	NA	NA	NA	NA	Unused	NovaSeq
D2E-ITS-F10-R1	F10	R1	1	5	6	B1	93	Isolation	D2E	Soil	LNGDL	C2	D2E-Soil-LNGDL-C2	Sample	NovaSeq
D2E-ITS-F10-R2	F10	R2	1	5	6	B2	150	Isolation	D2E	Leaf	SAW	C3	D2E-Leaf-SAW-C3	Sample	NovaSeq
D2E-ITS-F10-R3	F10	R3	1	5	6	B3	204	Isolation	D2E	Leaf	CDPM	C4	D2E-Leaf-CDPM-C4	Sample	NovaSeq
D2E-ITS-F10-R4	F10	R4	1	5	6	B4	275	Isolation	D2E	Soil	CROC	C5	D2E-Soil-CROC-C5	Sample	NovaSeq
D2E-ITS-F10-R5	F10	R5	1	5	6	B5	332	Isolation	D2E	Leaf	ATTP	C4	D2E-Leaf-ATTP-C4	Sample	NovaSeq
D2E-ITS-F10-R6	F10	R6	1	5	6	B6	14	Isolation	D2E	Leaf	ASHC	C1	D2E-Leaf-ASHC-C1	Sample	NovaSeq
D2E-ITS-F10-R7	F10	R7	1	5	6	B7	91	Isolation	D2E	Soil	RCHMD	C2	D2E-Soil-RCHMD-C2	Sample	NovaSeq
D2E-ITS-F10-R8	F10	R8	1	5	6	B8	166	Isolation	D2E	Leaf	HLKH	C3	D2E-Leaf-HLKH-C3	Sample	NovaSeq
D2E-ITS-F10-R9	F10	R9	1	5	6	B9	247	Isolation	D2E	Soil	GMKW	C5	D2E-Soil-GMKW-C5	Sample	NovaSeq
D2E-ITS-F10-R10	F10	R10	1	5	6	B10	290	Isolation	D2E	Leaf	STRTS	C5	D2E-Leaf-STRTS-C5	Sample	NovaSeq
D2E-ITS-F10-R11	F10	R11	1	5	6	B11	339	Isolation	D2E	Leaf	SLCY	C4	D2E-Leaf-SLCY-C4	Sample	NovaSeq
D2E-ITS-F10-R12	F10	R12	1	5	6	B12	CP_5_tree_16S	Isolation	Agar	All	ASHC	C5	D2E-All-ASHC-C5	Sample	NovaSeq
D2E-ITS-F10-R13	F10	R13	1	5	9	B4	CP_43_tree_16S	Isolation	Agar	All	MALDW	C3	D2E-All-MALDW-C3	Sample	NovaSeq
D2E-ITS-F10-R14	F10	R14	1	5	9	B5	CP_51_tree_16S	Isolation	Agar	All	LINEAG	C1	D2E-All-LINEAG-C1	Sample	NovaSeq
D2E-ITS-F10-R15	NA	NA	NA	NA	NA	NA	NA	Isolation	D2E	NA	NA	NA	NA	Unused	NovaSeq
D2E-ITS-F10-R16	NA	NA	NA	NA	NA	NA	NA	Isolation	D2E	NA	NA	NA	NA	Unused	NovaSeq
D2E-ITS-F10-R17	NA	NA	NA	NA	NA	NA	NA	Isolation	D2E	NA	NA	NA	NA	Unused	NovaSeq
D2E-ITS-F10-R18	NA	NA	NA	NA	NA	NA	NA	Isolation	D2E	NA	NA	NA	NA	Unused	NovaSeq
D2E-ITS-F10-R19	NA	NA	NA	NA	NA	NA	NA	Isolation	D2E	NA	NA	NA	NA	Unused	NovaSeq
D2E-ITS-F10-R20	NA	NA	NA	NA	NA	NA	NA	Isolation	D2E	NA	NA	NA	NA	Unused	NovaSeq
D2E-ITS-F10-R21	NA	NA	NA	NA	NA	NA	NA	Isolation	D2E	NA	NA	NA	NA	Unused	NovaSeq
D2E-ITS-F10-R22	NA	NA	NA	NA	NA	NA	NA	Isolation	D2E	NA	NA	NA	NA	Unused	NovaSeq
D2E-ITS-F10-R23	NA	NA	NA	NA	NA	NA	NA	Isolation	D2E	NA	NA	NA	NA	Unused	NovaSeq
D2E-ITS-F10-R24	NA	NA	NA	NA	NA	NA	NA	Isolation	D2E	NA	NA	NA	NA	Unused	NovaSeq
D2E-ITS-F11-R1	F11	R1	1	5	6	C1	118	Isolation	D2E	Leaf	MALDW	C2	D2E-Leaf-MALDW-C2	Sample	NovaSeq
D2E-ITS-F11-R2	F11	R2	1	5	6	C2	153	Isolation	D2E	Soil	LANGDL	C3	D2E-Soil-LANGDL-C3	Sample	NovaSeq
D2E-ITS-F11-R3	F11	R3	1	5	6	C3	205	Isolation	D2E	Soil	SAW	C4	D2E-Soil-SAW-C4	Sample	NovaSeq
D2E-ITS-F11-R4	F11	R4	1	5	6	C4	277	Isolation	D2E	Soil	ASHC	C5	D2E-Soil-ASHC-C5	Sample	NovaSeq
D2E-ITS-F11-R5	F11	R5	1	5	6	C5	334	Isolation	D2E	Soil	HOEF	C4	D2E-Soil-HOEF-C4	Sample	NovaSeq
D2E-ITS-F11-R6	F11	R6	1	5	6	C6	38	Isolation	D2E	Leaf	MTRD	C1	D2E-Leaf-MTRD-C1	Sample	NovaSeq
D2E-ITS-F11-R7	F11	R7	1	5	6	C7	95	Isolation	D2E	Soil	CROC	C2	D2E-Soil-CROC-C2	Sample	NovaSeq
D2E-ITS-F11-R8	F11	R8	1	5	6	C8	180	Isolation	D2E	Leaf	TAWWD	C3	D2E-Leaf-TAWWD-C3	Sample	NovaSeq
D2E-ITS-F11-R9	F11	R9	1	5	6	C9	253	Isolation	D2E	Soil	HRWD	C5	D2E-Soil-HRWD-C5	Sample	NovaSeq
D2E-ITS-F11-R10	F11	R10	1	5	6	C10	294	Isolation	D2E	Leaf	SNDR	C5	D2E-Leaf-SNDR-C5	Sample	NovaSeq
D2E-ITS-F11-R11	F11	R11	1	5	6	C11	342	Isolation	D2E	Soil	BBW	C4	D2E-Soil-BBW-C4	Sample	NovaSeq
D2E-ITS-F11-R12	F11	R12	1	5	6	C12	CP_31_tree_16S	Isolation	Agar	All	WLDCP	C1	D2E-All-WLDCP-C1	Sample	NovaSeq
D2E-ITS-F11-R13	F11	R13	1	5	9	C4	CP_44_tree_16S	Isolation	Agar	All	MALDW	C4	D2E-All-MALDW-C4	Sample	NovaSeq
D2E-ITS-F11-R14	F11	R14	1	5	9	C5	CP_52_tree_16S	Isolation	Agar	All	LINEAG	C2	D2E-All-LINEAG-C2	Sample	NovaSeq
D2E-ITS-F11-R15	F11	R15	1	5	29	B30	164	Isolation	D2E	Leaf	STRTS	C3	D2E-Leaf-STRTS-C3	Sample	NovaSeq
D2E-ITS-F11-R16	NA	NA	NA	NA	NA	NA	NA	Isolation	D2E	NA	NA	NA	NA	Unused	NovaSeq
D2E-ITS-F11-R17	NA	NA	NA	NA	NA	NA	NA	Isolation	D2E	NA	NA	NA	NA	Unused	NovaSeq
D2E-ITS-F11-R18	NA	NA	NA	NA	NA	NA	NA	Isolation	D2E	NA	NA	NA	NA	Unused	NovaSeq
D2E-ITS-F11-R19	NA	NA	NA	NA	NA	NA	NA	Isolation	D2E	NA	NA	NA	NA	Unused	NovaSeq
D2E-ITS-F11-R20	NA	NA	NA	NA	NA	NA	NA	Isolation	D2E	NA	NA	NA	NA	Unused	NovaSeq
D2E-ITS-F11-R21	NA	NA	NA	NA	NA	NA	NA	Isolation	D2E	NA	NA	NA	NA	Unused	NovaSeq
D2E-ITS-F11-R22	NA	NA	NA	NA	NA	NA	NA	Isolation	D2E	NA	NA	NA	NA	Unused	NovaSeq
D2E-ITS-F11-R23	NA	NA	NA	NA	NA	NA	NA	Isolation	D2E	NA	NA	NA	NA	Unused	NovaSeq
D2E-ITS-F11-R24	NA	NA	NA	NA	NA	NA	NA	Isolation	D2E	NA	NA	NA	NA	Unused	NovaSeq
D2E-ITS-F12-R1	F12	R1	1	5	6	D1	119	Isolation	D2E	Soil	TAWWD	C2	D2E-Soil-TAWWD-C2	Sample	NovaSeq
D2E-ITS-F12-R2	F12	R2	1	5	6	D2	168	Isolation	D2E	Leaf	SNDR	C3	D2E-Leaf-SNDR-C3	Sample	NovaSeq
D2E-ITS-F12-R3	F12	R3	1	5	6	D3	213	Isolation	D2E	Soil	DYMK	C4	D2E-Soil-DYMK-C4	Sample	NovaSeq
D2E-ITS-F12-R4	F12	R4	1	5	6	D4	278	Isolation	D2E	Leaf	ASHC	C5	D2E-Leaf-ASHC-C5	Sample	NovaSeq
D2E-ITS-F12-R5	F12	R5	1	5	6	D5	341	Isolation	D2E	Soil	BBW	C4	D2E-Soil-BBW-C4	Sample	NovaSeq
D2E-ITS-F12-R6	F12	R6	1	5	6	D6	40	Isolation	D2E	Leaf	DYMK	C1	D2E-Leaf-DYMK-C1	Sample	NovaSeq
D2E-ITS-F12-R7	F12	R7	1	5	6	D7	96	Isolation	D2E	Leaf	CROC	C2	D2E-Leaf-CROC-C2	Sample	NovaSeq
D2E-ITS-F12-R8	F12	R8	1	5	6	D8	186	Isolation	D2E	Leaf	MTRD	C4	D2E-Leaf-MTRD-C4	Sample	NovaSeq
D2E-ITS-F12-R9	F12	R9	1	5	6	D9	255	Isolation	D2E	Soil	ATTP	C5	D2E-Soil-ATTP-C5	Sample	NovaSeq
D2E-ITS-F12-R10	F12	R10	1	5	6	D10	299	Isolation	D2E	Soil	HOEF	C5	D2E-Soil-HOEF-C5	Sample	NovaSeq
D2E-ITS-F12-R11	F12	R11	1	5	6	D11	347	Isolation	D2E	Leaf	CDPM	C4	D2E-Leaf-CDPM-C4	Sample	NovaSeq
D2E-ITS-F12-R12	F12	R12	1	5	6	D12	CP_32_tree_16S	Isolation	Agar	All	WLDCP	C3+C2	D2E-All-WLDCP-C3+C2	Sample	NovaSeq
D2E-ITS-F12-R13	F12	R13	1	5	9	D4	CP_45_tree_16S	Isolation	Agar	All	MALDW	C5	D2E-All-MALDW-C5	Sample	NovaSeq
D2E-ITS-F12-R14	F12	R14	1	5	9	D5	CP_53_tree_16S	Isolation	Agar	All	LINEAG	C3	D2E-All-LINEAG-C3	Sample	NovaSeq
D2E-ITS-F12-R15	F12	R15	1	5	29	C30	159	Isolation	D2E	Soil	DYMK	C3	D2E-Soil-DYMK-C3	Sample	NovaSeq
D2E-ITS-F12-R16	NA	NA	NA	NA	NA	NA	NA	Isolation	D2E	NA	NA	NA	NA	Unused	NovaSeq
D2E-ITS-F12-R17	NA	NA	NA	NA	NA	NA	NA	Isolation	D2E	NA	NA	NA	NA	Unused	NovaSeq
D2E-ITS-F12-R18	NA	NA	NA	NA	NA	NA	NA	Isolation	D2E	NA	NA	NA	NA	Unused	NovaSeq
D2E-ITS-F12-R19	NA	NA	NA	NA	NA	NA	NA	Isolation	D2E	NA	NA	NA	NA	Unused	NovaSeq
D2E-ITS-F12-R20	NA	NA	NA	NA	NA	NA	NA	Isolation	D2E	NA	NA	NA	NA	Unused	NovaSeq
D2E-ITS-F12-R21	NA	NA	NA	NA	NA	NA	NA	Isolation	D2E	NA	NA	NA	NA	Unused	NovaSeq
D2E-ITS-F12-R22	NA	NA	NA	NA	NA	NA	NA	Isolation	D2E	NA	NA	NA	NA	Unused	NovaSeq
D2E-ITS-F12-R23	NA	NA	NA	NA	NA	NA	NA	Isolation	D2E	NA	NA	NA	NA	Unused	NovaSeq
D2E-ITS-F12-R24	NA	NA	NA	NA	NA	NA	NA	Isolation	D2E	NA	NA	NA	NA	Unused	NovaSeq
D2E-ITS-F13-R1	F13	R1	1	5	6	E1	120	Isolation	D2E	Leaf	TAWWD	C2	D2E-Leaf-TAWWD-C2	Sample	NovaSeq
D2E-ITS-F13-R2	F13	R2	1	5	6	E2	173	Isolation	D2E	Soil	HOEF	C3	D2E-Soil-HOEF-C3	Sample	NovaSeq
D2E-ITS-F13-R3	F13	R3	1	5	6	E3	223	Isolation	D2E	Soil	SLCY	C4	D2E-Soil-SLCY-C4	Sample	NovaSeq
D2E-ITS-F13-R4	F13	R4	1	5	6	E4	289	Isolation	D2E	Soil	STRTS	C5	D2E-Soil-STRTS-C5	Sample	NovaSeq
D2E-ITS-F13-R5	F13	R5	1	5	6	E5	345	Isolation	D2E	Soil	CDPM	C4	D2E-Soil-CDPM-C4	Sample	NovaSeq
D2E-ITS-F13-R6	F13	R6	1	5	6	E6	46	Isolation	D2E	Leaf	HLKH	C1	D2E-Leaf-HLKH-C1	Sample	NovaSeq
D2E-ITS-F13-R7	F13	R7	1	5	6	E7	101	Isolation	D2E	Soil	CDS	C2	D2E-Soil-CDS-C2	Sample	NovaSeq
D2E-ITS-F13-R8	F13	R8	1	5	6	E8	216	Isolation	D2E	Leaf	HLKH	C4	D2E-Leaf-HLKH-C4	Sample	NovaSeq
D2E-ITS-F13-R9	F13	R9	1	5	6	E9	262	Isolation	D2E	Leaf	STHWK	C5	D2E-Leaf-STHWK-C5	Sample	NovaSeq
D2E-ITS-F13-R10	F13	R10	1	5	6	E10	310	Isolation	D2E	Soil	WINDW	C2	D2E-Soil-WINDW-C2	Sample	NovaSeq
D2E-ITS-F13-R11	F13	R11	1	5	6	E11	355	Isolation	D2E	Leaf	MCOU	C5	D2E-Leaf-MCOU-C5	Sample	NovaSeq
D2E-ITS-F13-R12	F13	R12	1	5	6	E12	CP_33_tree_16S	Isolation	Agar	All	WLDCP	C2+C3	D2E-All-WLDCP-C2+C3	Sample	NovaSeq
D2E-ITS-F13-R13	F13	R13	1	5	9	E4	CP_46_tree_16S	Isolation	Agar	All	HOEF	C1	D2E-All-HOEF-C1	Sample	NovaSeq
D2E-ITS-F13-R14	F13	R14	1	5	9	E5	CP_54_tree_16S	Isolation	Agar	All	LINEAG	C4	D2E-All-LINEAG-C4	Sample	NovaSeq
D2E-ITS-F13-R15	F13	R15	1	5	29	D30	128	Isolation	D2E	Leaf	GMKW	C3	D2E-Leaf-GMKW-C3	Sample	NovaSeq
D2E-ITS-F13-R16	NA	NA	NA	NA	NA	NA	NA	Isolation	D2E	NA	NA	NA	NA	Unused	NovaSeq
D2E-ITS-F13-R17	NA	NA	NA	NA	NA	NA	NA	Isolation	D2E	NA	NA	NA	NA	Unused	NovaSeq
D2E-ITS-F13-R18	NA	NA	NA	NA	NA	NA	NA	Isolation	D2E	NA	NA	NA	NA	Unused	NovaSeq
D2E-ITS-F13-R19	NA	NA	NA	NA	NA	NA	NA	Isolation	D2E	NA	NA	NA	NA	Unused	NovaSeq
D2E-ITS-F13-R20	NA	NA	NA	NA	NA	NA	NA	Isolation	D2E	NA	NA	NA	NA	Unused	NovaSeq
D2E-ITS-F13-R21	NA	NA	NA	NA	NA	NA	NA	Isolation	D2E	NA	NA	NA	NA	Unused	NovaSeq
D2E-ITS-F13-R22	NA	NA	NA	NA	NA	NA	NA	Isolation	D2E	NA	NA	NA	NA	Unused	NovaSeq
D2E-ITS-F13-R23	NA	NA	NA	NA	NA	NA	NA	Isolation	D2E	NA	NA	NA	NA	Unused	NovaSeq
D2E-ITS-F13-R24	NA	NA	NA	NA	NA	NA	NA	Isolation	D2E	NA	NA	NA	NA	Unused	NovaSeq
D2E-ITS-F14-R1	F14	R1	1	5	6	F1	132	Isolation	D2E	Leaf	WINDW	C3	D2E-Leaf-WINDW-C3	Sample	NovaSeq
D2E-ITS-F14-R2	F14	R2	1	5	6	F2	193	Isolation	D2E	Soil	HRWD	C4	D2E-Soil-HRWD-C4	Sample	NovaSeq
D2E-ITS-F14-R3	F14	R3	1	5	6	F3	242	Isolation	D2E	Leaf	RWDN	C5	D2E-Leaf-RWDN-C5	Sample	NovaSeq
D2E-ITS-F14-R4	F14	R4	1	5	6	F4	298	Isolation	D2E	Leaf	WLDCP	C5	D2E-Leaf-WLDCP-C5	Sample	NovaSeq
D2E-ITS-F14-R5	F14	R5	1	5	6	F5	349	Isolation	D2E	Soil	HTCH	C5	D2E-Soil-HTCH-C5	Sample	NovaSeq
D2E-ITS-F14-R6	F14	R6	1	5	6	F6	52	Isolation	D2E	Leaf	MOCCA	C1	D2E-Leaf-MOCCA-C1	Sample	NovaSeq
D2E-ITS-F14-R7	F14	R7	1	5	6	F7	106	Isolation	D2E	Leaf	HLKH	C2	D2E-Leaf-HLKH-C2	Sample	NovaSeq
D2E-ITS-F14-R8	F14	R8	1	5	6	F8	225	Isolation	D2E	Soil	CROC	C4	D2E-Soil-CROC-C4	Sample	NovaSeq
D2E-ITS-F14-R9	F14	R9	1	5	6	F9	269	Isolation	D2E	Soil	SAW	C5	D2E-Soil-SAW-C5	Sample	NovaSeq
D2E-ITS-F14-R10	F14	R10	1	5	6	F10	313	Isolation	D2E	Soil	DYMK	C2	D2E-Soil-DYMK-C2	Sample	NovaSeq
D2E-ITS-F14-R11	F14	R11	1	5	6	F11	357	Isolation	D2E	Soil	SAW	C5	D2E-Soil-SAW-C5	Sample	NovaSeq
D2E-ITS-F14-R12	F14	R12	1	5	6	F12	CP_34_tree_16S	Isolation	Agar	All	WLDCP	C4	D2E-All-WLDCP-C4	Sample	NovaSeq
D2E-ITS-F14-R13	F14	R13	1	5	9	F4	CP_47_tree_16S	Isolation	Agar	All	HOEF	C2	D2E-All-HOEF-C2	Sample	NovaSeq
D2E-ITS-F14-R14	F14	R14	1	5	9	F5	CP_86_tree_16S	Isolation	Agar	All	SLCY	C1	D2E-All-SLCY-C1	Sample	NovaSeq
D2E-ITS-F14-R15	F14	R15	1	5	29	E30	66	Isolation	D2E	Leaf	STHWK	C2	D2E-Leaf-STHWK-C2	Sample	NovaSeq
D2E-ITS-F14-R16	NA	NA	NA	NA	NA	NA	NA	Isolation	D2E	NA	NA	NA	NA	Unused	NovaSeq
D2E-ITS-F14-R17	NA	NA	NA	NA	NA	NA	NA	Isolation	D2E	NA	NA	NA	NA	Unused	NovaSeq
D2E-ITS-F14-R18	NA	NA	NA	NA	NA	NA	NA	Isolation	D2E	NA	NA	NA	NA	Unused	NovaSeq
D2E-ITS-F14-R19	NA	NA	NA	NA	NA	NA	NA	Isolation	D2E	NA	NA	NA	NA	Unused	NovaSeq
D2E-ITS-F14-R20	NA	NA	NA	NA	NA	NA	NA	Isolation	D2E	NA	NA	NA	NA	Unused	NovaSeq
D2E-ITS-F14-R21	NA	NA	NA	NA	NA	NA	NA	Isolation	D2E	NA	NA	NA	NA	Unused	NovaSeq
D2E-ITS-F14-R22	NA	NA	NA	NA	NA	NA	NA	Isolation	D2E	NA	NA	NA	NA	Unused	NovaSeq
D2E-ITS-F14-R23	NA	NA	NA	NA	NA	NA	NA	Isolation	D2E	NA	NA	NA	NA	Unused	NovaSeq
D2E-ITS-F14-R24	NA	NA	NA	NA	NA	NA	NA	Isolation	D2E	NA	NA	NA	NA	Unused	NovaSeq
D2E-ITS-F15-R1	F15	R1	1	5	6	G1	137	Isolation	D2E	Soil	LINEAG	C3	D2E-Soil-LINEAG-C3	Sample	NovaSeq
D2E-ITS-F15-R2	F15	R2	1	5	6	G2	196	Isolation	D2E	Leaf	ATTP	C4	D2E-Leaf-ATTP-C4	Sample	NovaSeq
D2E-ITS-F15-R3	F15	R3	1	5	6	G3	243	Isolation	D2E	Soil	LWBKR	C5	D2E-Soil-LWBKR-C5	Sample	NovaSeq
D2E-ITS-F15-R4	F15	R4	1	5	6	G4	301	Isolation	D2E	Soil	STHWK	C1	D2E-Soil-STHWK-C1	Sample	NovaSeq
D2E-ITS-F15-R5	F15	R5	1	5	6	G5	351	Isolation	D2E	Leaf	HTCH	C5	D2E-Leaf-HTCH-C5	Sample	NovaSeq
D2E-ITS-F15-R6	F15	R6	1	5	6	G6	60	Isolation	D2E	Leaf	TAWWD	C1	D2E-Leaf-TAWWD-C1	Sample	NovaSeq
D2E-ITS-F15-R7	F15	R7	1	5	6	G7	122	Isolation	D2E	Leaf	RWDN	C3	D2E-Leaf-RWDN-C3	Sample	NovaSeq
D2E-ITS-F15-R8	F15	R8	1	5	6	G8	233	Isolation	D2E	Soil	HTCH	C4	D2E-Soil-HTCH-C4	Sample	NovaSeq
D2E-ITS-F15-R9	F15	R9	1	5	6	G9	280	Isolation	D2E	Leaf	MOCCA	C5	D2E-Leaf-MOCCA-C5	Sample	NovaSeq
D2E-ITS-F15-R10	F15	R10	1	5	6	G10	320	Isolation	D2E	Leaf	HRWD	C2	D2E-Leaf-HRWD-C2	Sample	NovaSeq
D2E-ITS-F15-R11	F15	R11	1	5	6	G11	358	Isolation	D2E	Soil	SAW	C5	D2E-Soil-SAW-C5	Sample	NovaSeq
D2E-ITS-F15-R12	F15	R12	1	5	6	G12	CP_35_tree_16S	Isolation	Agar	All	WLDCP	C5	D2E-All-WLDCP-C5	Sample	NovaSeq
D2E-ITS-F15-R13	F15	R13	1	5	9	G4	CP_48_tree_16S	Isolation	Agar	All	HOEF	C3	D2E-All-HOEF-C3	Sample	NovaSeq
D2E-ITS-F15-R14	F15	R14	1	5	9	G5	Iso_Ctrol_1	Isolation	Agar	All	NA	NA	D2E-All-Isolation Negative-1	Isolation_Negative	NovaSeq
D2E-ITS-F15-R15	F15	R15	1	5	29	F30	36	Isolation	D2E	Leaf	BBW	C1	D2E-Leaf-BBW-C1	Sample	NovaSeq
D2E-ITS-F15-R16	NA	NA	NA	NA	NA	NA	NA	Isolation	D2E	NA	NA	NA	NA	Unused	NovaSeq
D2E-ITS-F15-R17	NA	NA	NA	NA	NA	NA	NA	Isolation	D2E	NA	NA	NA	NA	Unused	NovaSeq
D2E-ITS-F15-R18	NA	NA	NA	NA	NA	NA	NA	Isolation	D2E	NA	NA	NA	NA	Unused	NovaSeq
D2E-ITS-F15-R19	NA	NA	NA	NA	NA	NA	NA	Isolation	D2E	NA	NA	NA	NA	Unused	NovaSeq
D2E-ITS-F15-R20	NA	NA	NA	NA	NA	NA	NA	Isolation	D2E	NA	NA	NA	NA	Unused	NovaSeq
D2E-ITS-F15-R21	NA	NA	NA	NA	NA	NA	NA	Isolation	D2E	NA	NA	NA	NA	Unused	NovaSeq
D2E-ITS-F15-R22	NA	NA	NA	NA	NA	NA	NA	Isolation	D2E	NA	NA	NA	NA	Unused	NovaSeq
D2E-ITS-F15-R23	NA	NA	NA	NA	NA	NA	NA	Isolation	D2E	NA	NA	NA	NA	Unused	NovaSeq
D2E-ITS-F15-R24	NA	NA	NA	NA	NA	NA	NA	Isolation	D2E	NA	NA	NA	NA	Unused	NovaSeq
D2E-ITS-F16-R1	F16	R1	1	5	6	H1	PCR_NEG_Ctrol_2	Isolation	D2E	PCR_NEG_Ctrol_2	NA	NA	D2E-PCR_NEG_Ctrol_2-PCR Negative-1	PCR_Negative	NovaSeq
D2E-ITS-F16-R2	F16	R2	1	5	6	H2	197	Isolation	D2E	Soil	ANCST	C4	D2E-Soil-ANCST-C4	Sample	NovaSeq
D2E-ITS-F16-R3	F16	R3	1	5	6	H3	252	Isolation	D2E	Leaf	WINDW	C5	D2E-Leaf-WINDW-C5	Sample	NovaSeq
D2E-ITS-F16-R4	F16	R4	1	5	6	H4	304	Isolation	D2E	Leaf	STHWK	C1	D2E-Leaf-STHWK-C1	Sample	NovaSeq
D2E-ITS-F16-R5	F16	R5	1	5	6	H5	354	Isolation	D2E	Soil	MCOU	C5	D2E-Soil-MCOU-C5	Sample	NovaSeq
D2E-ITS-F16-R6	F16	R6	1	5	6	H6	70	Isolation	D2E	Leaf	ATTP	C2	D2E-Leaf-ATTP-C2	Sample	NovaSeq
D2E-ITS-F16-R7	F16	R7	1	5	6	H7	154	Isolation	D2E	Leaf	LANGDL	C3	D2E-Leaf-LANGDL-C3	Sample	NovaSeq
D2E-ITS-F16-R8	F16	R8	1	5	6	H8	238	Isolation	D2E	Leaf	MOCCA	C4	D2E-Leaf-MOCCA-C4	Sample	NovaSeq
D2E-ITS-F16-R9	F16	R9	1	5	6	H9	282	Isolation	D2E	Leaf	MALDW	C5	D2E-Leaf-MALDW-C5	Sample	NovaSeq
D2E-ITS-F16-R10	F16	R10	1	5	6	H10	322	Isolation	D2E	Soil	MALDW	C3	D2E-Soil-MALDW-C3	Sample	NovaSeq
D2E-ITS-F16-R11	NA	NA	NA	NA	NA	NA	NA	Isolation	D2E	NA	NA	NA	NA	Unused	NovaSeq
D2E-ITS-F16-R12	F16	R12	1	5	6	H12	CP_40_tree_16S	Isolation	Agar	All	LNGDL	C5	D2E-All-LNGDL-C5	Sample	NovaSeq
D2E-ITS-F16-R13	F16	R13	1	5	9	H4	CP_49_tree_16S	Isolation	Agar	All	HOEF	C4	D2E-All-HOEF-C4	Sample	NovaSeq
D2E-ITS-F16-R14	F16	R14	1	5	9	H5	Iso_Ctrol_2	Isolation	Agar	All	NA	NA	D2E-All-Isolation Negative-1	Isolation_Negative	NovaSeq
D2E-ITS-F16-R15	F16	R15	1	5	29	G30	53	Isolation	D2E	Soil	WLDCP	C1	D2E-Soil-WLDCP-C1	Sample	NovaSeq
D2E-ITS-F16-R16	NA	NA	NA	NA	NA	NA	NA	Isolation	D2E	NA	NA	NA	NA	Unused	NovaSeq
D2E-ITS-F16-R17	NA	NA	NA	NA	NA	NA	NA	Isolation	D2E	NA	NA	NA	NA	Unused	NovaSeq
D2E-ITS-F16-R18	NA	NA	NA	NA	NA	NA	NA	Isolation	D2E	NA	NA	NA	NA	Unused	NovaSeq
D2E-ITS-F16-R19	NA	NA	NA	NA	NA	NA	NA	Isolation	D2E	NA	NA	NA	NA	Unused	NovaSeq
D2E-ITS-F16-R20	NA	NA	NA	NA	NA	NA	NA	Isolation	D2E	NA	NA	NA	NA	Unused	NovaSeq
D2E-ITS-F16-R21	NA	NA	NA	NA	NA	NA	NA	Isolation	D2E	NA	NA	NA	NA	Unused	NovaSeq
D2E-ITS-F16-R22	NA	NA	NA	NA	NA	NA	NA	Isolation	D2E	NA	NA	NA	NA	Unused	NovaSeq
D2E-ITS-F16-R23	NA	NA	NA	NA	NA	NA	NA	Isolation	D2E	NA	NA	NA	NA	Unused	NovaSeq
D2E-ITS-F16-R24	NA	NA	NA	NA	NA	NA	NA	Isolation	D2E	NA	NA	NA	NA	Unused	NovaSeq
D2E-ITS-F17-R1	F17	R1	1	5	7	A1	4	Isolation	D2E	Leaf	CDPM	C1	D2E-Leaf-CDPM-C1	Sample	NovaSeq
D2E-ITS-F17-R2	F17	R2	1	5	7	A2	76	Isolation	D2E	Leaf	BBW	C2	D2E-Leaf-BBW-C2	Sample	NovaSeq
D2E-ITS-F17-R3	F17	R3	1	5	7	A3	139	Isolation	D2E	Soil	ANCST	C3	D2E-Soil-ANCST-C3	Sample	NovaSeq
D2E-ITS-F17-R4	F17	R4	1	5	7	A4	200	Isolation	D2E	Leaf	STHWK	C4	D2E-Leaf-STHWK-C4	Sample	NovaSeq
D2E-ITS-F17-R5	F17	R5	1	5	7	A5	254	Isolation	D2E	Leaf	HRWD	C5	D2E-Leaf-HRWD-C5	Sample	NovaSeq
D2E-ITS-F17-R6	F17	R6	1	5	7	A6	309	Isolation	D2E	Soil	WINDW	C2	D2E-Soil-WINDW-C2	Sample	NovaSeq
D2E-ITS-F17-R7	F17	R7	1	5	7	A7	7	Isolation	D2E	Soil	MCOU	C1	D2E-Soil-MCOU-C1	Sample	NovaSeq
D2E-ITS-F17-R8	F17	R8	1	5	7	A8	62	Isolation	D2E	Leaf	ANCST	C2	D2E-Leaf-ANCST-C2	Sample	NovaSeq
D2E-ITS-F17-R9	F17	R9	1	5	7	A9	147	Isolation	D2E	Soil	CDPM	C3	D2E-Soil-CDPM-C3	Sample	NovaSeq
D2E-ITS-F17-R10	F17	R10	1	5	7	A10	172	Isolation	D2E	Leaf	WLDCP	C3	D2E-Leaf-WLDCP-C3	Sample	NovaSeq
D2E-ITS-F17-R11	F17	R11	1	5	7	A11	209	Isolation	D2E	Soil	LANGDL	C4	D2E-Soil-LANGDL-C4	Sample	NovaSeq
D2E-ITS-F17-R12	F17	R12	1	5	7	A12	251	Isolation	D2E	Soil	WINDW	C5	D2E-Soil-WINDW-C5	Sample	NovaSeq
D2E-ITS-F17-R13	NA	NA	NA	NA	NA	NA	NA	Isolation	D2E	NA	NA	NA	NA	Unused	NovaSeq
D2E-ITS-F17-R14	NA	NA	NA	NA	NA	NA	NA	Isolation	D2E	NA	NA	NA	NA	Unused	NovaSeq
D2E-ITS-F17-R15	NA	NA	NA	NA	NA	NA	NA	Isolation	D2E	NA	NA	NA	NA	Unused	NovaSeq
D2E-ITS-F17-R16	NA	NA	NA	NA	NA	NA	NA	Isolation	D2E	NA	NA	NA	NA	Unused	NovaSeq
D2E-ITS-F17-R17	NA	NA	NA	NA	NA	NA	NA	Isolation	D2E	NA	NA	NA	NA	Unused	NovaSeq
D2E-ITS-F17-R18	NA	NA	NA	NA	NA	NA	NA	Isolation	D2E	NA	NA	NA	NA	Unused	NovaSeq
D2E-ITS-F17-R19	NA	NA	NA	NA	NA	NA	NA	Isolation	D2E	NA	NA	NA	NA	Unused	NovaSeq
D2E-ITS-F17-R20	NA	NA	NA	NA	NA	NA	NA	Isolation	D2E	NA	NA	NA	NA	Unused	NovaSeq
D2E-ITS-F17-R21	NA	NA	NA	NA	NA	NA	NA	Isolation	D2E	NA	NA	NA	NA	Unused	NovaSeq
D2E-ITS-F17-R22	NA	NA	NA	NA	NA	NA	NA	Isolation	D2E	NA	NA	NA	NA	Unused	NovaSeq
D2E-ITS-F17-R23	NA	NA	NA	NA	NA	NA	NA	Isolation	D2E	NA	NA	NA	NA	Unused	NovaSeq
D2E-ITS-F17-R24	NA	NA	NA	NA	NA	NA	NA	Isolation	D2E	NA	NA	NA	NA	Unused	NovaSeq
D2E-ITS-F18-R1	F18	R1	1	5	7	B1	10	Isolation	D2E	Leaf	STHWK	C1	D2E-Leaf-STHWK-C1	Sample	NovaSeq
D2E-ITS-F18-R2	F18	R2	1	5	7	B2	80	Isolation	D2E	Leaf	RWDN	C2	D2E-Leaf-RWDN-C2	Sample	NovaSeq
D2E-ITS-F18-R3	F18	R3	1	5	7	B3	145	Isolation	D2E	Soil	SLCY	C3	D2E-Soil-SLCY-C3	Sample	NovaSeq
D2E-ITS-F18-R4	F18	R4	1	5	7	B4	207	Isolation	D2E	Soil	RCHMD	C4	D2E-Soil-RCHMD-C4	Sample	NovaSeq
D2E-ITS-F18-R5	F18	R5	1	5	7	B5	260	Isolation	D2E	Leaf	ANCST	C5	D2E-Leaf-ANCST-C5	Sample	NovaSeq
D2E-ITS-F18-R6	F18	R6	1	5	7	B6	311	Isolation	D2E	Leaf	WINDW	C2	D2E-Leaf-WINDW-C2	Sample	NovaSeq
D2E-ITS-F18-R7	F18	R7	1	5	7	B7	9	Isolation	D2E	Soil	STHWK	C1	D2E-Soil-STHWK-C1	Sample	NovaSeq
D2E-ITS-F18-R8	F18	R8	1	5	7	B8	65	Isolation	D2E	Soil	STHWK	C2	D2E-Soil-STHWK-C2	Sample	NovaSeq
D2E-ITS-F18-R9	F18	R9	1	5	7	B9	148	Isolation	D2E	Leaf	CDPM	C3	D2E-Leaf-CDPM-C3	Sample	NovaSeq
D2E-ITS-F18-R10	F18	R10	1	5	7	B10	175	Isolation	D2E	Soil	MOCCA	C3	D2E-Soil-MOCCA-C3	Sample	NovaSeq
D2E-ITS-F18-R11	F18	R11	1	5	7	B11	210	Isolation	D2E	Leaf	LANGDL	C4	D2E-Leaf-LANGDL-C4	Sample	NovaSeq
D2E-ITS-F18-R12	F18	R12	1	5	7	B12	284	Isolation	D2E	Leaf	TAWWD	C5	D2E-Leaf-TAWWD-C5	Sample	NovaSeq
D2E-ITS-F18-R13	NA	NA	NA	NA	NA	NA	NA	Isolation	D2E	NA	NA	NA	NA	Unused	NovaSeq
D2E-ITS-F18-R14	NA	NA	NA	NA	NA	NA	NA	Isolation	D2E	NA	NA	NA	NA	Unused	NovaSeq
D2E-ITS-F18-R15	NA	NA	NA	NA	NA	NA	NA	Isolation	D2E	NA	NA	NA	NA	Unused	NovaSeq
D2E-ITS-F18-R16	NA	NA	NA	NA	NA	NA	NA	Isolation	D2E	NA	NA	NA	NA	Unused	NovaSeq
D2E-ITS-F18-R17	NA	NA	NA	NA	NA	NA	NA	Isolation	D2E	NA	NA	NA	NA	Unused	NovaSeq
D2E-ITS-F18-R18	NA	NA	NA	NA	NA	NA	NA	Isolation	D2E	NA	NA	NA	NA	Unused	NovaSeq
D2E-ITS-F18-R19	NA	NA	NA	NA	NA	NA	NA	Isolation	D2E	NA	NA	NA	NA	Unused	NovaSeq
D2E-ITS-F18-R20	NA	NA	NA	NA	NA	NA	NA	Isolation	D2E	NA	NA	NA	NA	Unused	NovaSeq
D2E-ITS-F18-R21	NA	NA	NA	NA	NA	NA	NA	Isolation	D2E	NA	NA	NA	NA	Unused	NovaSeq
D2E-ITS-F18-R22	NA	NA	NA	NA	NA	NA	NA	Isolation	D2E	NA	NA	NA	NA	Unused	NovaSeq
D2E-ITS-F18-R23	NA	NA	NA	NA	NA	NA	NA	Isolation	D2E	NA	NA	NA	NA	Unused	NovaSeq
D2E-ITS-F18-R24	NA	NA	NA	NA	NA	NA	NA	Isolation	D2E	NA	NA	NA	NA	Unused	NovaSeq
D2E-ITS-F19-R1	F19	R1	1	5	7	C1	13	Isolation	D2E	Soil	ASHC	C1	D2E-Soil-ASHC-C1	Sample	NovaSeq
D2E-ITS-F19-R2	F19	R2	1	5	7	C2	112	Isolation	D2E	Leaf	WLDCP	C2	D2E-Leaf-WLDCP-C2	Sample	NovaSeq
D2E-ITS-F19-R3	F19	R3	1	5	7	C3	160	Isolation	D2E	Leaf	DYMK	C3	D2E-Leaf-DYMK-C3	Sample	NovaSeq
D2E-ITS-F19-R4	F19	R4	1	5	7	C4	215	Isolation	D2E	Soil	HLKH	C4	D2E-Soil-HLKH-C4	Sample	NovaSeq
D2E-ITS-F19-R5	F19	R5	1	5	7	C5	265	Isolation	D2E	Soil	SLCY	C5	D2E-Soil-SLCY-C5	Sample	NovaSeq
D2E-ITS-F19-R6	F19	R6	1	5	7	C6	312	Isolation	D2E	Leaf	WINDW	C2	D2E-Leaf-WINDW-C2	Sample	NovaSeq
D2E-ITS-F19-R7	F19	R7	1	5	7	C7	17	Isolation	D2E	Soil	LNGDL	C1	D2E-Soil-LNGDL-C1	Sample	NovaSeq
D2E-ITS-F19-R8	F19	R8	1	5	7	C8	75	Isolation	D2E	Soil	BBW	C2	D2E-Soil-BBW-C2	Sample	NovaSeq
D2E-ITS-F19-R9	F19	R9	1	5	7	C9	149	Isolation	D2E	Soil	SAW	C3	D2E-Soil-SAW-C3	Sample	NovaSeq
D2E-ITS-F19-R10	F19	R10	1	5	7	C10	183	Isolation	D2E	Soil	LWBKR	C4	D2E-Soil-LWBKR-C4	Sample	NovaSeq
D2E-ITS-F19-R11	F19	R11	1	5	7	C11	222	Isolation	D2E	Leaf	LINEAG	C4	D2E-Leaf-LINEAG-C4	Sample	NovaSeq
D2E-ITS-F19-R12	F19	R12	1	5	7	C12	292	Isolation	D2E	Leaf	HLKH	C5	D2E-Leaf-HLKH-C5	Sample	NovaSeq
D2E-ITS-F19-R13	NA	NA	NA	NA	NA	NA	NA	Isolation	D2E	NA	NA	NA	NA	Unused	NovaSeq
D2E-ITS-F19-R14	NA	NA	NA	NA	NA	NA	NA	Isolation	D2E	NA	NA	NA	NA	Unused	NovaSeq
D2E-ITS-F19-R15	NA	NA	NA	NA	NA	NA	NA	Isolation	D2E	NA	NA	NA	NA	Unused	NovaSeq
D2E-ITS-F19-R16	NA	NA	NA	NA	NA	NA	NA	Isolation	D2E	NA	NA	NA	NA	Unused	NovaSeq
D2E-ITS-F19-R17	NA	NA	NA	NA	NA	NA	NA	Isolation	D2E	NA	NA	NA	NA	Unused	NovaSeq
D2E-ITS-F19-R18	NA	NA	NA	NA	NA	NA	NA	Isolation	D2E	NA	NA	NA	NA	Unused	NovaSeq
D2E-ITS-F19-R19	NA	NA	NA	NA	NA	NA	NA	Isolation	D2E	NA	NA	NA	NA	Unused	NovaSeq
D2E-ITS-F19-R20	NA	NA	NA	NA	NA	NA	NA	Isolation	D2E	NA	NA	NA	NA	Unused	NovaSeq
D2E-ITS-F19-R21	NA	NA	NA	NA	NA	NA	NA	Isolation	D2E	NA	NA	NA	NA	Unused	NovaSeq
D2E-ITS-F19-R22	NA	NA	NA	NA	NA	NA	NA	Isolation	D2E	NA	NA	NA	NA	Unused	NovaSeq
D2E-ITS-F19-R23	NA	NA	NA	NA	NA	NA	NA	Isolation	D2E	NA	NA	NA	NA	Unused	NovaSeq
D2E-ITS-F19-R24	NA	NA	NA	NA	NA	NA	NA	Isolation	D2E	NA	NA	NA	NA	Unused	NovaSeq
D2E-ITS-F20-R1	F20	R1	1	5	7	D1	23	Isolation	D2E	Soil	LWBKR	C1	D2E-Soil-LWBKR-C1	Sample	NovaSeq
D2E-ITS-F20-R2	F20	R2	1	5	7	D2	115	Isolation	D2E	Soil	MOCCA	C2	D2E-Soil-MOCCA-C2	Sample	NovaSeq
D2E-ITS-F20-R3	F20	R3	1	5	7	D3	174	Isolation	D2E	Leaf	HOEF	C3	D2E-Leaf-HOEF-C3	Sample	NovaSeq
D2E-ITS-F20-R4	F20	R4	1	5	7	D4	219	Isolation	D2E	Soil	TAWWD	C4	D2E-Soil-TAWWD-C4	Sample	NovaSeq
D2E-ITS-F20-R5	F20	R5	1	5	7	D5	268	Isolation	D2E	Leaf	CDPM	C5	D2E-Leaf-CDPM-C5	Sample	NovaSeq
D2E-ITS-F20-R6	F20	R6	1	5	7	D6	319	Isolation	D2E	Leaf	HRWD	C2	D2E-Leaf-HRWD-C2	Sample	NovaSeq
D2E-ITS-F20-R7	F20	R7	1	5	7	D7	19	Isolation	D2E	Soil	RCHMND	C1	D2E-Soil-RCHMND-C1	Sample	NovaSeq
D2E-ITS-F20-R8	F20	R8	1	5	7	D8	78	Isolation	D2E	Leaf	GMKW	C2	D2E-Leaf-GMKW-C2	Sample	NovaSeq
D2E-ITS-F20-R9	F20	R9	1	5	7	D9	155	Isolation	D2E	Soil	CROC	C3	D2E-Soil-CROC-C3	Sample	NovaSeq
D2E-ITS-F20-R10	F20	R10	1	5	7	D10	184	Isolation	D2E	Leaf	LWBKR	C4	D2E-Leaf-LWBKR-C4	Sample	NovaSeq
D2E-ITS-F20-R11	F20	R11	1	5	7	D11	231	Isolation	D2E	Soil	SNDR	C4	D2E-Soil-SNDR-C4	Sample	NovaSeq
D2E-ITS-F20-R12	F20	R12	1	5	7	D12	295	Isolation	D2E	Soil	HTCH	C5	D2E-Soil-HTCH-C5	Sample	NovaSeq
D2E-ITS-F20-R13	NA	NA	NA	NA	NA	NA	NA	Isolation	D2E	NA	NA	NA	NA	Unused	NovaSeq
D2E-ITS-F20-R14	NA	NA	NA	NA	NA	NA	NA	Isolation	D2E	NA	NA	NA	NA	Unused	NovaSeq
D2E-ITS-F20-R15	NA	NA	NA	NA	NA	NA	NA	Isolation	D2E	NA	NA	NA	NA	Unused	NovaSeq
D2E-ITS-F20-R16	NA	NA	NA	NA	NA	NA	NA	Isolation	D2E	NA	NA	NA	NA	Unused	NovaSeq
D2E-ITS-F20-R17	NA	NA	NA	NA	NA	NA	NA	Isolation	D2E	NA	NA	NA	NA	Unused	NovaSeq
D2E-ITS-F20-R18	NA	NA	NA	NA	NA	NA	NA	Isolation	D2E	NA	NA	NA	NA	Unused	NovaSeq
D2E-ITS-F20-R19	NA	NA	NA	NA	NA	NA	NA	Isolation	D2E	NA	NA	NA	NA	Unused	NovaSeq
D2E-ITS-F20-R20	NA	NA	NA	NA	NA	NA	NA	Isolation	D2E	NA	NA	NA	NA	Unused	NovaSeq
D2E-ITS-F20-R21	NA	NA	NA	NA	NA	NA	NA	Isolation	D2E	NA	NA	NA	NA	Unused	NovaSeq
D2E-ITS-F20-R22	NA	NA	NA	NA	NA	NA	NA	Isolation	D2E	NA	NA	NA	NA	Unused	NovaSeq
D2E-ITS-F20-R23	NA	NA	NA	NA	NA	NA	NA	Isolation	D2E	NA	NA	NA	NA	Unused	NovaSeq
D2E-ITS-F20-R24	NA	NA	NA	NA	NA	NA	NA	Isolation	D2E	NA	NA	NA	NA	Unused	NovaSeq
D2E-ITS-F21-R1	F21	R1	1	5	7	E1	34	Isolation	D2E	Leaf	HARWD	C1	D2E-Leaf-HARWD-C1	Sample	NovaSeq
D2E-ITS-F21-R2	F21	R2	1	5	7	E2	123	Isolation	D2E	Soil	LWBKR	C3	D2E-Soil-LWBKR-C3	Sample	NovaSeq
D2E-ITS-F21-R3	F21	R3	1	5	7	E3	176	Isolation	D2E	Leaf	MOCCA	C3	D2E-Leaf-MOCCA-C3	Sample	NovaSeq
D2E-ITS-F21-R4	F21	R4	1	5	7	E4	226	Isolation	D2E	Leaf	CROC	C4	D2E-Leaf-CROC-C4	Sample	NovaSeq
D2E-ITS-F21-R5	F21	R5	1	5	7	E5	271	Isolation	D2E	Soil	RCHMD	C5	D2E-Soil-RCHMD-C5	Sample	NovaSeq
D2E-ITS-F21-R6	F21	R6	1	5	7	E6	330	Isolation	D2E	Soil	ATTP	C4	D2E-Soil-ATTP-C4	Sample	NovaSeq
D2E-ITS-F21-R7	F21	R7	1	5	7	E7	26	Isolation	D2E	Leaf	GMKW	C1	D2E-Leaf-GMKW-C1	Sample	NovaSeq
D2E-ITS-F21-R8	F21	R8	1	5	7	E8	81	Isolation	D2E	Soil	LWBKR	C2	D2E-Soil-LWBKR-C2	Sample	NovaSeq
D2E-ITS-F21-R9	F21	R9	1	5	7	E9	156	Isolation	D2E	Leaf	CROC	C3	D2E-Leaf-CROC-C3	Sample	NovaSeq
D2E-ITS-F21-R10	F21	R10	1	5	7	E10	188	Isolation	D2E	Leaf	GMKW	C4	D2E-Leaf-GMKW-C4	Sample	NovaSeq
D2E-ITS-F21-R11	F21	R11	1	5	7	E11	232	Isolation	D2E	Leaf	SNDR	C4	D2E-Leaf-SNDR-C4	Sample	NovaSeq
D2E-ITS-F21-R12	F21	R12	1	5	7	E12	142	Isolation	D2E	Leaf	STHWK	C3	D2E-Leaf-STHWK-C3	Sample	NovaSeq
D2E-ITS-F21-R13	NA	NA	NA	NA	NA	NA	NA	Isolation	D2E	NA	NA	NA	NA	Unused	NovaSeq
D2E-ITS-F21-R14	NA	NA	NA	NA	NA	NA	NA	Isolation	D2E	NA	NA	NA	NA	Unused	NovaSeq
D2E-ITS-F21-R15	NA	NA	NA	NA	NA	NA	NA	Isolation	D2E	NA	NA	NA	NA	Unused	NovaSeq
D2E-ITS-F21-R16	NA	NA	NA	NA	NA	NA	NA	Isolation	D2E	NA	NA	NA	NA	Unused	NovaSeq
D2E-ITS-F21-R17	NA	NA	NA	NA	NA	NA	NA	Isolation	D2E	NA	NA	NA	NA	Unused	NovaSeq
D2E-ITS-F21-R18	NA	NA	NA	NA	NA	NA	NA	Isolation	D2E	NA	NA	NA	NA	Unused	NovaSeq
D2E-ITS-F21-R19	NA	NA	NA	NA	NA	NA	NA	Isolation	D2E	NA	NA	NA	NA	Unused	NovaSeq
D2E-ITS-F21-R20	NA	NA	NA	NA	NA	NA	NA	Isolation	D2E	NA	NA	NA	NA	Unused	NovaSeq
D2E-ITS-F21-R21	NA	NA	NA	NA	NA	NA	NA	Isolation	D2E	NA	NA	NA	NA	Unused	NovaSeq
D2E-ITS-F21-R22	NA	NA	NA	NA	NA	NA	NA	Isolation	D2E	NA	NA	NA	NA	Unused	NovaSeq
D2E-ITS-F21-R23	NA	NA	NA	NA	NA	NA	NA	Isolation	D2E	NA	NA	NA	NA	Unused	NovaSeq
D2E-ITS-F21-R24	NA	NA	NA	NA	NA	NA	NA	Isolation	D2E	NA	NA	NA	NA	Unused	NovaSeq
D2E-ITS-F22-R1	F22	R1	1	5	7	F1	PCR_NEG_CTROL_3	Isolation	D2E	PCR_NEG_CTROL_3	NA	NA	D2E-PCR_NEG_CTROL_3-PCR Negative-1	PCR_Negative	NovaSeq
D2E-ITS-F22-R2	F22	R2	1	5	7	F2	126	Isolation	D2E	Leaf	MTRD	C3	D2E-Leaf-MTRD-C3	Sample	NovaSeq
D2E-ITS-F22-R3	F22	R3	1	5	7	F3	192	Isolation	D2E	Leaf	WINDW	C4	D2E-Leaf-WINDW-C4	Sample	NovaSeq
D2E-ITS-F22-R4	F22	R4	1	5	7	F4	230	Isolation	D2E	Leaf	STRTS	C4	D2E-Leaf-STRTS-C4	Sample	NovaSeq
D2E-ITS-F22-R5	F22	R5	1	5	7	F5	274	Isolation	D2E	Leaf	LANGDL	C5	D2E-Leaf-LANGDL-C5	Sample	NovaSeq
D2E-ITS-F22-R6	F22	R6	1	5	7	F6	338	Isolation	D2E	Soil	SLCY	C4	D2E-Soil-SLCY-C4	Sample	NovaSeq
D2E-ITS-F22-R7	F22	R7	1	5	7	F7	27	Isolation	D2E	Soil	WINDW	C1	D2E-Soil-WINDW-C1	Sample	NovaSeq
D2E-ITS-F22-R8	F22	R8	1	5	7	F8	99	Isolation	D2E	Soil	DYMK	C2	D2E-Soil-DYMK-C2	Sample	NovaSeq
D2E-ITS-F22-R9	F22	R9	1	5	7	F9	161	Isolation	D2E	Soil	CDS	C3	D2E-Soil-CDS-C3	Sample	NovaSeq
D2E-ITS-F22-R10	F22	R10	1	5	7	F10	189	Isolation	D2E	Soil	BBW	C4	D2E-Soil-BBW-C4	Sample	NovaSeq
D2E-ITS-F22-R11	F22	R11	1	5	7	F11	244	Isolation	D2E	Leaf	LWBKR	C5	D2E-Leaf-LWBKR-C5	Sample	NovaSeq
D2E-ITS-F22-R12	F22	R12	1	5	7	F12	82	Isolation	D2E	Leaf	LWBKR	C2	D2E-Leaf-LWBKR-C2	Sample	NovaSeq
D2E-ITS-F22-R13	NA	NA	NA	NA	NA	NA	NA	Isolation	D2E	NA	NA	NA	NA	Unused	NovaSeq
D2E-ITS-F22-R14	NA	NA	NA	NA	NA	NA	NA	Isolation	D2E	NA	NA	NA	NA	Unused	NovaSeq
D2E-ITS-F22-R15	NA	NA	NA	NA	NA	NA	NA	Isolation	D2E	NA	NA	NA	NA	Unused	NovaSeq
D2E-ITS-F22-R16	NA	NA	NA	NA	NA	NA	NA	Isolation	D2E	NA	NA	NA	NA	Unused	NovaSeq
D2E-ITS-F22-R17	NA	NA	NA	NA	NA	NA	NA	Isolation	D2E	NA	NA	NA	NA	Unused	NovaSeq
D2E-ITS-F22-R18	NA	NA	NA	NA	NA	NA	NA	Isolation	D2E	NA	NA	NA	NA	Unused	NovaSeq
D2E-ITS-F22-R19	NA	NA	NA	NA	NA	NA	NA	Isolation	D2E	NA	NA	NA	NA	Unused	NovaSeq
D2E-ITS-F22-R20	NA	NA	NA	NA	NA	NA	NA	Isolation	D2E	NA	NA	NA	NA	Unused	NovaSeq
D2E-ITS-F22-R21	NA	NA	NA	NA	NA	NA	NA	Isolation	D2E	NA	NA	NA	NA	Unused	NovaSeq
D2E-ITS-F22-R22	NA	NA	NA	NA	NA	NA	NA	Isolation	D2E	NA	NA	NA	NA	Unused	NovaSeq
D2E-ITS-F22-R23	NA	NA	NA	NA	NA	NA	NA	Isolation	D2E	NA	NA	NA	NA	Unused	NovaSeq
D2E-ITS-F22-R24	NA	NA	NA	NA	NA	NA	NA	Isolation	D2E	NA	NA	NA	NA	Unused	NovaSeq
D2E-ITS-F23-R1	F23	R1	1	5	7	G1	61	Isolation	D2E	Soil	ANCST	C2	D2E-Soil-ANCST-C2	Sample	NovaSeq
D2E-ITS-F23-R2	F23	R2	1	5	7	G2	133	Isolation	D2E	Soil	HRWD	C3	D2E-Soil-HRWD-C3	Sample	NovaSeq
D2E-ITS-F23-R3	F23	R3	1	5	7	G3	359	Isolation	D2E	Leaf	SAW	C5	D2E-Leaf-SAW-C5	Sample	NovaSeq
D2E-ITS-F23-R4	F23	R4	1	5	7	G4	239	Isolation	D2E	Soil	MALDW	C4	D2E-Soil-MALDW-C4	Sample	NovaSeq
D2E-ITS-F23-R5	F23	R5	1	5	7	G5	276	Isolation	D2E	Leaf	CROC	C5	D2E-Leaf-CROC-C5	Sample	NovaSeq
D2E-ITS-F23-R6	F23	R6	1	5	7	G6	340	Isolation	D2E	Leaf	SLCY	C4	D2E-Leaf-SLCY-C4	Sample	NovaSeq
D2E-ITS-F23-R7	F23	R7	1	5	7	G7	32	Isolation	D2E	Leaf	RWDN	C1	D2E-Leaf-RWDN-C1	Sample	NovaSeq
D2E-ITS-F23-R8	F23	R8	1	5	7	G8	129	Isolation	D2E	Soil	BBW	C3	D2E-Soil-BBW-C3	Sample	NovaSeq
D2E-ITS-F23-R9	F23	R9	1	5	7	G9	163	Isolation	D2E	Soil	STRTS	C3	D2E-Soil-STRTS-C3	Sample	NovaSeq
D2E-ITS-F23-R10	F23	R10	1	5	7	G10	201	Isolation	D2E	Soil	MCOU	C4	D2E-Soil-MCOU-C4	Sample	NovaSeq
D2E-ITS-F23-R11	F23	R11	1	5	7	G11	246	Isolation	D2E	Leaf	MTRD	C5	D2E-Leaf-MTRD-C5	Sample	NovaSeq
D2E-ITS-F23-R12	F23	R12	1	5	7	G12	DNA_Neg_9	Isolation	D2E	DNA_Neg_11	NA	NA	D2E-DNA_Neg_11-Negctrl-9-1	DNA_Negative	NovaSeq
D2E-ITS-F23-R13	NA	NA	NA	NA	NA	NA	NA	Isolation	D2E	NA	NA	NA	NA	Unused	NovaSeq
D2E-ITS-F23-R14	NA	NA	NA	NA	NA	NA	NA	Isolation	D2E	NA	NA	NA	NA	Unused	NovaSeq
D2E-ITS-F23-R15	NA	NA	NA	NA	NA	NA	NA	Isolation	D2E	NA	NA	NA	NA	Unused	NovaSeq
D2E-ITS-F23-R16	NA	NA	NA	NA	NA	NA	NA	Isolation	D2E	NA	NA	NA	NA	Unused	NovaSeq
D2E-ITS-F23-R17	NA	NA	NA	NA	NA	NA	NA	Isolation	D2E	NA	NA	NA	NA	Unused	NovaSeq
D2E-ITS-F23-R18	NA	NA	NA	NA	NA	NA	NA	Isolation	D2E	NA	NA	NA	NA	Unused	NovaSeq
D2E-ITS-F23-R19	NA	NA	NA	NA	NA	NA	NA	Isolation	D2E	NA	NA	NA	NA	Unused	NovaSeq
D2E-ITS-F23-R20	NA	NA	NA	NA	NA	NA	NA	Isolation	D2E	NA	NA	NA	NA	Unused	NovaSeq
D2E-ITS-F23-R21	NA	NA	NA	NA	NA	NA	NA	Isolation	D2E	NA	NA	NA	NA	Unused	NovaSeq
D2E-ITS-F23-R22	NA	NA	NA	NA	NA	NA	NA	Isolation	D2E	NA	NA	NA	NA	Unused	NovaSeq
D2E-ITS-F23-R23	NA	NA	NA	NA	NA	NA	NA	Isolation	D2E	NA	NA	NA	NA	Unused	NovaSeq
D2E-ITS-F23-R24	NA	NA	NA	NA	NA	NA	NA	Isolation	D2E	NA	NA	NA	NA	Unused	NovaSeq
D2E-ITS-F24-R1	F24	R1	1	5	7	H1	68	Isolation	D2E	Leaf	LINEAG	C2	D2E-Leaf-LINEAG-C2	Sample	NovaSeq
D2E-ITS-F24-R2	F24	R2	1	5	7	H2	135	Isolation	D2E	Soil	ATTP	C3	D2E-Soil-ATTP-C3	Sample	NovaSeq
D2E-ITS-F24-R3	F24	R3	1	5	7	H3	194	Isolation	D2E	Leaf	HRWD	C4	D2E-Leaf-HRWD-C4	Sample	NovaSeq
D2E-ITS-F24-R4	F24	R4	1	5	7	H4	CP_36_tree_16S	Isolation	Agar	All	LANGDL	C1	D2E-All-LANGDL-C1	Sample	NovaSeq
D2E-ITS-F24-R5	F24	R5	1	5	7	H5	286	Isolation	D2E	Leaf	DYMK	C5	D2E-Leaf-DYMK-C5	Sample	NovaSeq
D2E-ITS-F24-R6	F24	R6	1	5	7	H6	344	Isolation	D2E	Leaf	BBW	C4	D2E-Leaf-BBW-C4	Sample	NovaSeq
D2E-ITS-F24-R7	F24	R7	1	5	7	H7	51	Isolation	D2E	Soil	MOCCA	C1	D2E-Soil-MOCCA-C1	Sample	NovaSeq
D2E-ITS-F24-R8	F24	R8	1	5	7	H8	130	Isolation	D2E	Leaf	BBW	C3	D2E-Leaf-BBW-C3	Sample	NovaSeq
D2E-ITS-F24-R9	F24	R9	1	5	7	H9	171	Isolation	D2E	Soil	WLDCP	C3	D2E-Soil-WLDCP-C3	Sample	NovaSeq
D2E-ITS-F24-R10	F24	R10	1	5	7	H10	203	Isolation	D2E	Soil	CDPM	C4	D2E-Soil-CDPM-C4	Sample	NovaSeq
D2E-ITS-F24-R11	F24	R11	1	5	7	H11	249	Isolation	D2E	Soil	BBW	C5	D2E-Soil-BBW-C5	Sample	NovaSeq
D2E-ITS-F24-R12	F24	R12	1	5	7	H12	CP_30_tree_16S	Isolation	Agar	All	DYMK	C5	D2E-All-DYMK-C5	Sample	NovaSeq
D2E-ITS-F24-R13	NA	NA	NA	NA	NA	NA	NA	Isolation	D2E	NA	NA	NA	NA	Unused	NovaSeq
D2E-ITS-F24-R14	NA	NA	NA	NA	NA	NA	NA	Isolation	D2E	NA	NA	NA	NA	Unused	NovaSeq
D2E-ITS-F24-R15	NA	NA	NA	NA	NA	NA	NA	Isolation	D2E	NA	NA	NA	NA	Unused	NovaSeq
D2E-ITS-F24-R16	NA	NA	NA	NA	NA	NA	NA	Isolation	D2E	NA	NA	NA	NA	Unused	NovaSeq
D2E-ITS-F24-R17	NA	NA	NA	NA	NA	NA	NA	Isolation	D2E	NA	NA	NA	NA	Unused	NovaSeq
D2E-ITS-F24-R18	NA	NA	NA	NA	NA	NA	NA	Isolation	D2E	NA	NA	NA	NA	Unused	NovaSeq
D2E-ITS-F24-R19	NA	NA	NA	NA	NA	NA	NA	Isolation	D2E	NA	NA	NA	NA	Unused	NovaSeq
D2E-ITS-F24-R20	NA	NA	NA	NA	NA	NA	NA	Isolation	D2E	NA	NA	NA	NA	Unused	NovaSeq
D2E-ITS-F24-R21	NA	NA	NA	NA	NA	NA	NA	Isolation	D2E	NA	NA	NA	NA	Unused	NovaSeq
D2E-ITS-F24-R22	NA	NA	NA	NA	NA	NA	NA	Isolation	D2E	NA	NA	NA	NA	Unused	NovaSeq
D2E-ITS-F24-R23	NA	NA	NA	NA	NA	NA	NA	Isolation	D2E	NA	NA	NA	NA	Unused	NovaSeq
D2E-ITS-F24-R24	NA	NA	NA	NA	NA	NA	NA	Isolation	D2E	NA	NA	NA	NA	Unused	NovaSeq