Site,Tree,Agrillus exit holes,Oval shaped exit holes (A/P),Small circular shaped exit holes (A/P),Ground level fruiting bodies (A/P),Social Class (1-5),Crown contact (Y/N),Crown contact (%),Pruning / branch loss (A/P),Missing crown (%),Main defoliation type (0-7),Dieback type (0-5),Dieback location (0-6),Stem epicormics (0-4),Branch epicormics (0-4),Main necrosis type (0-7),Main chlorosis type (0-7),Main mechanical damage type (0-9),Mechanical damage (%),Insect damage on leaves (0-4),Insect defoliation type,Crown mildew (0-4),OPM (A/P),Xylella fastidiosa (A/P),Stem fruiting bodies (A/P),Crown fruiting bodies (A/P),Active bleeds #,Active bleeds length (mm),Black staining #,Black staining length (mm),Callused wound #,Callused wound length (mm),Agrilus exit hole density (m^-2),Bleed prevalence (%),Crown condition (%),Crown volume (m^3),Live crown ratio (%),Crown transparency (%),Dbh (m),Total height (m),Lower crown height (m),Crown radius (m)
ATTP,A16,2,A,A,P,2,Y,35,P,15,4,3,6,3,1,3,2,0,0,2,Both,0,A,A,A,A,17,55.29411765,0,0,0,0,0.6963619,1.206481128,34,6.525888944,6.812849869,60,0.457104109,21.78666354,20.30237087,2.869198993
ATTP,A8,0,A,A,A,2,Y,15,P,5,2,3,4,3,3,1,1,0,5,2,Both,0,A,A,A,A,1,800,0,0,0,0,0,13.63291484,71.25,543.0095781,67.20534251,25,0.498104109,23.48666354,7.702370865,5.544198993
ATTP,A9,6,A,A,A,2,Y,10,A,0,2,2,1,2,3,1,1,0,0,2,Both,0,A,A,A,A,6,43.33333333,0,0,0,0,1.764779905,0.220924299,75,980.7267027,49.97191665,25,0.541104109,32.18666354,16.10237087,7.194198993
ATTP,A18,0,A,A,A,1,N,0,P,10,4,4,6,2,2,2,4,0,5,2,Both,0,A,A,A,A,5,122,0,0,0,0,0,1.438016418,27,54.85392917,30.57268705,70,0.549104109,29.38666354,20.40237087,3.794198993
ATTP,A17,51,A,A,A,2,Y,30,P,15,3,3,4,1,3,1,1,2,10,2,Both,0,A,A,A,A,5,182,0,0,0,0,9.696406943,2.099240416,55.25,369.5772473,44.84195409,35,0.837104109,28.28666354,15.60237087,5.794198993
ATTP,A14,0,A,A,A,2,Y,25,A,0,3,2,4,1,2,1,1,0,0,2,Both,0,A,A,A,A,9,73.33333333,0,0,0,0,0,0.888317418,80,358.5320535,81.22230031,20,0.578104109,17.58666354,3.302370865,4.469198993
ATTP,A15,0,A,A,A,2,Y,10,A,0,3,2,4,1,2,1,1,0,0,2,Both,0,A,A,A,A,1,80,0,0,0,0,0,0.111852495,70,400.3374954,35.96032186,30,0.607104109,27.48666354,17.60237087,6.069198993
ATTP,A19,2,A,A,A,2,Y,10,P,5,3,3,6,2,2,1,1,2,5,2,Both,0,A,A,A,A,3,110,0,0,0,0,0.644216229,0.779501637,61.75,245.0395989,29.67680411,35,0.494104109,22.18666354,15.60237087,6.194198993
ATTP,A10,3,A,A,A,2,N,0,P,15,3,4,3,3,3,3,6,0,0,2,Both,0,A,A,A,A,2,15,0,0,0,0,0.986285429,0.009862854,42.5,11.47229497,9.687267914,50,0.484104109,17.38666354,15.70237087,3.194198993
ATTP,A11,1,A,A,P,2,Y,15,P,5,2,2,3,1,1,4,6,0,0,2,Both,0,A,A,A,A,1,80,0,0,0,0,0.726389585,0.309926223,57,172.7944923,56.16439264,40,0.219104109,24.18666354,10.60237087,3.769198993
ATTP,A12,0,A,A,A,2,Y,10,P,20,3,4,3,2,2,4,6,0,0,3,Chin,0,A,A,A,A,3,40,0,0,0,0,0,0.084586006,40,141.6919735,46.07947434,50,0.602104109,23.18666354,12.50237087,4.594198993
ATTP,C4,0,A,A,A,2,N,0,A,0,3,3,4,2,2,1,1,0,0,2,Both,0,A,A,A,A,0,0,0,0,0,0,0,0,70,407.7609556,44.31046914,30,0.797104109,23.88666354,13.30237087,5.919198993
ATTP,A13,0,A,A,A,2,Y,25,P,0.55,4,4,6,1,1,1,1,2,55,2,Both,0,A,A,A,A,0,0,0,0,0,0,0,0,54.6975,209.7035235,50.46440225,45,0.572104109,19.58666354,9.702370865,4.969198993
ATTP,C5,0,A,A,A,2,N,0,A,0,2,2,4,2,2,1,1,0,0,2,Both,0,A,A,A,A,0,0,0,0,0,0,0,0,60,207.8226966,64.96086754,40,0.534104109,17.98666354,6.302370865,4.344198993
ATTP,A6,9,A,A,A,2,Y,20,P,30,2,3,6,2,2,1,1,0,0,2,Both,0,A,A,A,A,6,32.5,0,0,0,0,0.956776806,0.044915356,49,396.8389707,63.25284518,30,1.497104109,25.58666354,9.402370865,5.644198993
ATTP,A7,0,A,A,P,2,Y,15,P,20,3,4,2,1,2,1,1,2,10,2,Both,0,A,A,A,A,2,90,0,0,0,0,0,0.13200737,60,760.1916866,98.09670001,25,1.302104109,15.88666354,0.302370865,7.194198993
ATTP,C3,0,A,P,A,2,Y,20,A,0,3,3,2,3,3,1,1,2,15,1,Both,0,A,A,A,A,0,0,0,0,0,0,0,0,70,806.6573209,66.76456349,30,0.562104109,27.08666354,9.002370865,6.369198993
ATTP,C1,0,A,A,A,2,Y,20,A,0,3,3,2,1,2,1,1,2,10,1,Both,0,A,A,A,A,0,0,0,0,0,0,0,0,60,401.4911853,39.06402227,40,0.807104109,28.88666354,17.60237087,6.144198993
ATTP,C2,0,A,P,A,2,Y,15,A,0,2,2,4,1,2,1,1,0,0,1,Both,0,A,A,A,A,0,0,0,0,0,0,0,0,65,1234.735696,50.30953125,35,0.765104109,29.38666354,14.60237087,9.044198993
GMKW,C5,0,A,A,A,2,Y,5,A,0,1,2,5,2,3,0,0,0,0,3,Chin,0,A,A,A,A,0,0,0,0,0,0,0,0,75,564.7186894,43.98461918,25,0.645730425,27.83587407,15.59237087,6.25709373
GMKW,C3,0,A,A,A,2,Y,10,A,0,2,0,0,3,3,0,0,0,0,3,Chin,0,A,A,A,A,0,0,0,0,0,0,0,0,70,281.7762109,54.69670308,30,0.512730425,21.83587407,9.892370865,4.63209373
GMKW,C1,0,A,A,A,2,Y,25,A,0,1,0,0,3,3,0,0,0,0,3,Chin,0,A,A,A,A,0,0,0,0,0,0,0,0,70,553.1080131,46.0770671,30,0.773730425,35.03587407,18.89237087,5.58209373
GMKW,C4,0,A,P,A,2,Y,15,A,0,2,0,0,3,3,0,0,0,0,3,Chin,0,A,A,A,A,0,0,0,0,0,0,0,0,65,435.0030691,52.58115787,35,0.534730425,24.23587407,11.49237087,5.78209373
GMKW,C2,0,A,A,A,2,Y,10,A,0,0,0,0,1,3,0,0,0,0,3,Chin,0,A,A,A,A,0,0,0,0,0,0,0,0,80,586.5574296,56.62256689,20,0.613730425,23.03587407,9.992370865,5.98209373
GMKW,A8,0,A,A,A,2,Y,10,P,0,1,0,0,2,3,0,0,0,0,3,Chin,0,A,A,A,A,1,300,4,70,0,0,0,1.474384759,75,847.04594,54.29086723,25,0.788730425,22.73587407,10.39237087,7.63209373
GMKW,A7,0,A,A,A,2,Y,10,A,0,2,2,2,3,3,0,0,0,0,3,Chin,0,A,A,A,A,1,120,1,30,0,0,0,0.24275558,70,240.6897146,54.00063582,30,0.668730425,20.63587407,9.492370865,4.43209373
GMKW,A6,0,A,A,A,2,N,0,A,0,1,0,0,3,3,0,3,0,0,3,Chin,0,A,A,A,A,0,0,0,0,0,0,0,0,65,501.3011179,52.36509348,35,0.826730425,24.33587407,11.59237087,6.20709373
GMKW,A9,0,A,A,A,3,Y,35,A,0,1,0,0,2,3,0,0,0,0,3,Chin,0,A,A,A,A,0,0,2,110,0,0,0,0.657153778,70,167.4044843,48.08259738,30,0.390730425,22.13587407,11.49237087,3.78209373
GMKW,A10,0,A,A,A,2,Y,5,A,0,1,2,2,1,3,0,0,0,0,3,Chin,0,A,A,A,A,0,0,3,103.3333333,0,0,0,0.380724364,70,795.1302722,54.53201754,30,0.892730425,24.83587407,11.29237087,7.30709373
GMKW,A11,0,A,A,A,2,Y,15,A,0,0,0,0,3,3,0,0,0,0,3,Chin,0,A,A,A,A,7,61.42857143,8,66.25,0,0,0,0.95759181,80,164.9490756,52.22895096,20,0.681730425,21.33587407,10.19237087,3.43209373
GMKW,A12,0,A,A,A,2,N,0,A,0,1,2,6,1,3,0,3,0,0,3,Chin,0,A,A,A,A,3,96.66666667,10,56,0,0,0,0.619204087,50,500.8537942,48.28413652,50,1.017730425,24.73587407,12.79237087,7.30709373
GMKW,A13,0,A,A,A,2,Y,10,A,0,2,0,0,1,3,0,2,0,0,3,Chin,0,A,A,A,A,1,180,3,36.66666667,0,0,0,0.784545977,70,211.7384321,38.81065228,30,0.492730425,26.13587407,15.99237087,4.35709373
GMKW,A14,0,A,A,A,2,Y,30,A,0,1,2,3,3,3,0,0,0,0,3,Chin,0,A,A,A,A,5,78,1,40,0,0,0,0.499085599,65,404.7628867,51.76554943,35,0.680730425,26.93587407,12.99237087,5.33209373
GMKW,A15,0,A,A,A,2,Y,20,A,0,2,0,0,2,3,0,0,0,0,3,Chin,0,A,A,A,A,1,180,4,85,0,0,0,1.008814189,70,553.0218343,46.91134952,30,0.644730425,21.83587407,11.59237087,7.00709373
GMKW,A16,0,A,A,A,2,Y,5,P,0,1,2,6,2,3,0,3,0,0,3,Chin,0,A,A,A,A,0,0,7,51.42857143,0,0,0,0.231454731,35,92.97691143,40.04501197,65,0.848730425,20.33587407,12.19237087,4.55709373
GMKW,A20,0,A,A,A,2,Y,30,A,0,1,0,0,1,3,0,3,0,0,3,Chin,0,A,A,A,A,5,92,3,60,0,0,0,0.773428261,55,200.6162474,36.89757296,45,0.728730425,26.13587407,16.49237087,4.90709373
GMKW,A19,0,A,A,A,2,Y,20,A,0,1,2,2,1,3,0,2,0,0,3,Chin,0,A,A,A,A,4,165,1,140,0,0,0,2.859954545,60,301.0469452,49.40564301,40,0.476730425,20.93587407,10.59237087,5.55709373
GMKW,A17,0,A,A,A,2,N,0,P,0,1,2,5,3,3,0,0,0,0,3,Chin,0,A,A,A,A,11,83.63636364,1,40,0,0,0,1.199592139,55,239.9720976,43.39468808,45,0.694730425,23.83587407,13.49237087,5.18209373
GMKW,A18,0,A,A,A,2,Y,10,A,0,1,2,2,2,3,0,3,0,0,0,Chin,0,A,A,A,A,2,80,6,75,0,0,0,1.079043063,55,84.5051625,43.55063327,45,0.457730425,20.53587407,11.59237087,3.30709373
HTCH,A8,0,A,A,A,3,Y,80,P,40,4,4,4,1,2,3,2,1,5,2,Both,0,A,A,A,A,0,0,0,0,0,0,0,0,28.5,6.697233937,30.22838819,52.5,0.502230425,25.50087407,17.79237087,1.39309373
HTCH,C4,0,A,A,A,2,Y,80,A,0,0,0,0,2,1,3,2,1,5,1,Chin,0,A,A,A,A,0,0,0,0,0,0,0,0,82.5,765.3830905,55.04505907,17.5,0.671230425,28.90087407,12.99237087,6.09309373
HTCH,A7,0,A,A,A,2,Y,35,P,0,2,5,4,1,1,0,0,1,10,1,Pin,0,A,A,A,A,6,150,0,0,0,0,0,1.546477474,72.5,1380.639388,57.4158122,27.5,0.926230425,29.10087407,12.39237087,8.51809373
HTCH,A6,0,A,A,A,2,Y,60,A,0,4,3,4,1,1,0,0,9,35,2,Pin,0,A,A,A,A,0,0,0,0,0,0,0,0,27.5,92.67744241,31.23175307,72.5,0.621230425,23.40087407,16.09237087,5.41809373
HTCH,C2,0,A,A,A,2,Y,75,P,35,4,4,6,1,2,4,0,9,25,3,Chin,0,A,A,A,A,1,450,0,0,0,0,0,3.239585596,17.875,47.08770524,42.77911941,72.5,0.663230425,26.20087407,14.99237087,3.86809373
HTCH,A20,0,A,A,A,2,Y,80,A,0,2,2,4,1,3,3,0,1,10,2,Both,0,A,A,A,A,0,0,0,0,0,0,0,0,67.5,343.3931264,60.21708989,32.5,0.537230425,22.10087407,8.792370865,4.93309373
HTCH,A9,0,A,A,A,2,Y,70,A,0,3,2,4,0,1,4,6,1,10,1,Pin,0,A,A,A,A,1,120,0,0,0,0,0,0.17802765,62.5,644.0159231,60.90422113,37.5,0.858230425,23.00087407,8.992370865,6.84309373
HTCH,A10,0,A,A,A,2,Y,90,A,0,2,2,4,2,1,4,0,1,5,1,Pin,0,A,A,A,A,2,180,0,0,0,0,0,1.153160465,72.5,274.9799785,40.82520335,27.5,0.596230425,22.80087407,13.49237087,5.09309373
HTCH,C5,0,A,A,A,2,Y,95,A,0,2,2,4,2,2,0,0,1,5,1,Both,0,A,A,A,A,0,0,0,0,0,0,0,0,72.5,261.7619184,34.36916813,27.5,0.617230425,20.10087407,13.19237087,5.76809373
HTCH,A11,0,A,A,A,2,Y,50,P,15,2,2,4,0,1,3,1,1,5,1,Pin,3,A,A,A,A,0,0,0,0,0,0,0,0,53.125,446.8381976,71.54773026,37.5,0.693230425,18.60087407,5.292370865,6.34309373
HOEF,A6,0,A,A,A,2,Y,0.35,A,0,2,0,0,0,1,3,1,0,0,2,Both,0,A,A,A,A,0,0,0,0,0,0,0,0,70,470.3781469,57.89516801,30,0.684430425,23.75587407,10.00237087,5.57709373
HOEF,A7,0,A,A,A,2,Y,30,A,0,3,2,6,0,1,3,6,0,0,2,Both,0,A,A,A,A,1,110,0,0,0,0,0,0.207934339,55,117.0533444,41.76038617,45,0.617430425,23.35587407,13.60237087,3.72709373
HOEF,A8,0,A,A,A,2,Y,15,P,5,3,2,1,2,2,3,2,0,5,2,Both,0,A,A,A,A,5,130,0,0,0,0,0,1.424419301,57,109.2582599,38.60602916,40,0.629430425,22.15587407,13.60237087,3.77709373
HOEF,A9,0,A,A,A,2,Y,30,A,0,3,2,4,3,4,3,2,0,0,2,Both,0,A,A,A,A,2,200,0,0,0,0,0,1.13262864,65,103.6121556,37.43502512,35,0.749430425,26.85587407,16.80237087,3.17709373
HOEF,C1,0,A,A,A,2,Y,25,A,0,0,3,6,3,2,3,2,0,0,2,Both,0,A,A,A,A,0,0,0,0,0,0,0,0,75,482.5314039,50.83991372,25,0.658430425,26.85587407,13.20237087,5.47709373
HOEF,C2,0,A,P,A,2,Y,45,A,0,2,3,4,1,1,1,2,0,0,2,Both,0,A,A,A,A,0,0,0,0,0,0,0,0,70,387.6425195,43.18872338,30,0.787430425,30.45587407,17.30237087,5.17709373
HOEF,C3,0,A,P,P,2,Y,40,A,0,0,0,0,0,2,2,2,0,0,2,Both,0,A,A,A,A,0,0,0,0,0,0,0,0,75,2075.240078,65.44556043,25,0.886430425,34.15587407,11.80237087,8.87709373
HOEF,C4,0,A,A,A,2,Y,45,A,0,3,3,4,1,1,3,2,0,0,2,Both,0,A,A,A,A,0,0,0,0,0,0,0,0,60,1121.337534,68.63328569,40,0.908430425,24.55587407,7.702370865,8.40209373
HOEF,C5,0,A,A,A,2,N,0,A,0,2,2,4,1,3,3,2,0,0,2,Both,0,A,A,A,A,0,0,0,0,0,0,0,0,70,362.4856465,51.30718484,30,0.641430425,17.25587407,8.402370865,6.10209373
HOEF,A10,0,A,A,A,2,Y,10,A,0,3,2,6,1,2,2,1,0,0,2,Both,0,A,A,A,A,0,0,0,0,0,0,0,0,75,396.9730153,53.89243531,25,0.706430425,17.35587407,8.002370865,6.00209373
HOEF,A11,0,A,A,A,2,N,0,P,5,2,3,6,0,2,3,2,2,5,2,Both,0,A,A,A,A,1,20,0,0,0,0,0,0.007627426,61.75,94.32439904,47.99036057,35,0.556430425,13.65587407,7.102370865,3.85209373
HOEF,A12,0,A,A,A,2,Y,35,P,10,3,3,4,2,3,3,2,2,5,2,Both,0,A,A,A,A,0,0,0,0,0,0,0,0,58.5,213.1766838,41.40291557,35,0.686430425,26.45587407,15.50237087,4.60209373
HOEF,A15,11,A,A,A,2,Y,75,P,10,3,3,4,3,2,3,2,2,5,2,Both,0,A,A,P,A,11,82.72727273,0,0,0,0,2.844682847,1.297896345,63,121.5053935,34.84439309,30,0.615430425,19.95587407,13.00237087,4.20209373
HOEF,A14,0,A,A,A,2,Y,25,P,25,3,4,6,3,3,3,2,0,20,2,Both,1,A,A,A,A,0,0,0,0,0,0,0,0,41.25,289.3101448,47.55100224,45,0.506430425,23.45587407,12.30237087,6.32709373
HOEF,A13,0,A,A,P,2,Y,35,P,5,2,3,4,0,1,1,1,2,5,2,Both,0,A,A,A,A,4,97.5,0,0,0,0,0,0.742427663,66.5,503.2839233,40.21995981,30,0.543430425,23.25587407,13.90237087,7.17709373
HOEF,A16,0,A,A,A,2,Y,20,P,5,2,2,2,0,2,2,2,2,5,2,Both,0,A,A,A,A,0,0,0,0,0,0,0,0,71.25,264.0667401,46.0959326,25,0.614430425,18.55587407,10.00237087,5.25209373
HOEF,A18,0,A,A,A,2,Y,20,P,5,4,3,6,2,3,3,2,2,10,2,Both,0,A,A,A,A,6,81.66666667,0,0,0,0,0,0.734038187,57,348.1048193,44.9748059,40,0.578430425,26.35587407,14.50237087,5.72709373
HOEF,A19,0,A,A,A,2,Y,40,P,5,2,2,4,1,1,3,2,0,0,2,Both,0,A,A,A,A,0,0,0,0,0,0,0,0,52.25,191.10821,52.48561626,45,0.501430425,23.15587407,11.00237087,4.37709373
HOEF,A20,0,A,A,A,2,Y,60,P,10,3,3,6,0,2,3,2,2,10,2,Both,0,A,A,A,A,5,108,0,0,0,0,0,0.863718788,54,184.5188347,37.36505042,40,0.716430425,31.45587407,19.70237087,4.30209373
HLKH,C1,0,A,P,A,2,Y,10,A,0,2,0,0,3,3,0,0,0,0,3,Chin,0,A,A,A,A,0,0,0,0,0,0,0,0,75,1578.930879,45.33628601,25,0.991430425,26.20087407,14.32237087,10.62209373
HLKH,C5,0,A,A,A,2,N,0,A,0,2,2,6,3,3,4,0,0,0,3,Chin,0,A,A,A,A,0,0,0,0,0,0,0,0,80,665.459361,62.17254442,20,0.745430425,22.00087407,8.322370865,6.22209373
HLKH,C2,0,A,P,A,2,Y,15,P,0,1,0,0,3,3,0,0,0,0,3,Chin,0,A,A,A,A,0,0,0,0,0,0,0,0,55,950.5557165,48.79879354,45,1.095430425,26.80087407,13.72237087,9.17209373
HLKH,C3,0,A,A,A,2,Y,15,A,0,2,0,0,3,3,0,0,0,0,3,Chin,0,A,A,A,A,0,0,0,0,0,0,0,0,75,156.0563553,46.65892428,25,0.363430425,24.60087407,13.12237087,3.39709373
HLKH,C4,0,A,P,A,2,N,0,A,0,0,2,5,3,3,0,0,0,0,3,Chin,0,A,A,A,A,0,0,0,0,0,0,0,0,80,360.2916957,48.31232369,20,0.690430425,25.00087407,12.92237087,4.87209373
HLKH,A19,0,A,A,A,2,Y,5,A,0,1,2,2,3,3,0,0,0,0,3,Chin,0,A,A,A,A,0,0,2,100,0,0,0,0.264784795,65,635.6885702,57.40833923,35,0.801430425,24.00087407,10.22237087,6.72209373
HLKH,A20,0,A,P,A,2,N,0,A,0,1,2,6,3,3,0,2,0,0,3,Chin,0,A,A,A,A,0,0,3,183.3333333,0,0,0,1.64234714,45,341.5741418,48.85842606,55,0.651430425,28.20087407,14.42237087,5.92209373
HLKH,A15,3,A,P,A,2,Y,20,A,0,2,2,2,3,3,0,0,0,0,3,Chin,0,A,A,A,A,0,0,2,85,0,0,0.855012205,0.274553919,75,569.1368861,50.93084912,25,0.558430425,24.50087407,12.02237087,6.22209373
HLKH,A10,51,A,P,A,2,Y,5,A,0,1,2,6,3,3,0,2,0,0,3,Chin,0,A,A,A,A,0,0,5,86,0,0,9.681068166,0.46798157,55,420.8637602,35.69047862,45,0.838430425,31.60087407,20.32237087,6.57209373
HLKH,A13,0,A,P,A,3,N,0,P,20,1,3,6,2,3,0,3,0,0,3,Chin,0,A,A,A,A,0,0,4,127.5,0,0,0,1.137701292,8,16.96939162,45.01594735,90,0.606430425,19.50087407,10.72237087,3.92209373
HLKH,A7,51,A,A,A,3,N,0,A,0,1,2,1,3,3,0,2,0,0,3,Chin,0,A,A,A,A,0,0,11,47.27272727,0,0,10.94762478,0.351781074,55,42.52995823,52.34336121,45,0.741430425,20.40087407,9.722370865,2.14709373
HLKH,A8,0,A,A,A,2,Y,5,A,0,1,2,4,3,3,0,2,0,0,3,Chin,0,A,A,A,A,14,48.57142857,6,61.66666667,0,0,0,1.061074671,70,124.2272065,49.90706348,30,0.558430425,23.60087407,11.82237087,3.09709373
HLKH,A9,0,A,A,A,2,N,0,A,40,1,2,3,3,3,0,2,0,0,3,Chin,0,A,A,A,A,1,120,7,40,0,0,0,0.381800422,27,140.2071915,44.40610343,55,0.711430425,28.10087407,15.62237087,5.14709373
HLKH,A17,0,A,A,A,2,Y,5,A,0,1,3,6,2,3,0,2,0,0,3,Chin,0,A,A,A,A,0,0,5,70,0,0,0,0.363860587,25,90.17775227,38.06494173,75,0.714430425,24.90087407,15.42237087,4.92209373
HLKH,A12,0,A,A,A,2,N,0,A,0,1,2,6,2,3,0,3,0,0,3,Chin,0,A,A,A,A,6,95,9,68.88888889,0,0,0,1.840387383,45,389.1793616,43.11250549,55,0.558430425,25.00087407,14.22237087,7.14709373
HLKH,A16,0,A,A,A,3,N,0,A,30,1,2,6,2,2,0,3,0,0,3,Chin,0,A,A,A,A,11,53.63636364,2,120,0,0,0,1.562618541,17.5,35.42981405,60.195758,75,0.410430425,19.40087407,7.722370865,3.32209373
HLKH,A6,0,A,A,A,2,N,0,A,0,0,0,0,3,3,0,0,0,0,3,Chin,0,A,A,A,A,41,86.58536585,25,91.2,0,0,0,7.828484667,75,292.7980622,47.43537483,25,0.698430425,22.30087407,11.72237087,4.84709373
HLKH,A18,17,A,P,A,2,Y,5,P,0,1,2,6,3,3,0,3,0,0,3,Chin,0,A,A,A,A,14,57.14285714,18,73.33333333,0,0,3.771284208,2.107693628,60,771.2523179,64.15358578,40,0.717430425,22.10087407,7.922370865,7.59709373
HLKH,A11,7,A,A,A,2,Y,25,A,0,1,2,6,2,3,0,3,0,0,3,Chin,0,A,A,A,A,19,98.42105263,0,0,0,0,2.080727111,3.647165231,35,193.1959013,39.83781006,65,0.535430425,25.80087407,15.52237087,5.84709373
HLKH,A14,7,A,P,A,3,Y,5,P,50,1,2,6,1,2,0,3,0,0,3,Chin,0,A,A,A,A,0,0,0,0,0,0,2.898013604,0,10,0.762072776,46.61101164,80,0.384430425,15.40087407,8.222370865,0.82209373
LNGDL,A6,0,A,A,A,2,Y,0.1,A,0,3,3,6,0,3,2,2,0,0,2,Both,0,A,A,A,A,0,0,0,0,0,0,0,0,50,299.5548506,35.88840273,50,0.71647253,28.26034775,18.11816034,6.132356888
LNGDL,A7,0,A,A,A,2,Y,55,A,0,2,2,4,0,2,2,2,0,0,2,Both,0,A,A,A,A,0,0,1,170,0,0,0,0.316294185,70,867.5627217,45.01945421,30,0.96947253,25.86034775,14.21816034,8.232356888
LNGDL,A8,0,A,A,A,2,Y,45,P,5,2,2,4,0,2,2,2,2,5,2,Both,0,A,A,A,A,0,0,0,0,0,0,0,0,61.75,263.2198126,43.8790539,35,0.64647253,26.76034775,15.01816034,4.807356888
LNGDL,C1,0,A,A,A,2,Y,10,A,0,1,2,2,2,3,2,2,0,0,2,Both,0,A,A,A,A,0,0,0,0,0,0,0,0,70,525.2057625,72.16798113,30,0.60547253,23.06034775,6.418160339,5.357356888
LNGDL,C2,0,A,A,A,2,Y,5,A,0,1,2,1,2,3,2,2,0,0,2,Both,0,A,A,A,A,0,0,0,0,0,0,0,0,75,772.4329631,57.35387298,25,0.80247253,23.96034775,10.21816034,6.907356888
LNGDL,A14,0,A,A,A,1,N,0,P,15,2,3,2,1,2,4,2,2,15,2,Both,0,A,A,A,A,0,0,0,0,0,0,0,0,55.25,233.9746419,42.92762579,35,0.70047253,23.16034775,13.21816034,5.207356888
LNGDL,A9,0,A,A,A,2,Y,10,A,0,1,2,4,2,3,2,2,0,0,2,Both,0,A,A,A,A,0,0,0,0,0,0,0,0,70,766.824258,48.91629011,30,0.71147253,21.96034775,11.21816034,8.057356888
LNGDL,A10,0,A,A,A,2,Y,25,A,0,2,3,6,2,2,4,2,0,0,2,Both,0,A,A,A,A,19,99.47368421,0,0,0,0,0,3.571881675,60,180.7631416,37.21404883,40,0.55847253,23.76034775,14.91816034,4.657356888
LNGDL,A11,0,A,A,A,2,Y,25,P,5,2,2,4,2,2,2,2,0,0,2,Both,0,A,A,A,A,0,0,0,0,0,0,0,0,66.5,277.0878292,41.14890614,30,0.66647253,22.46034775,13.21816034,5.357356888
LNGDL,A13,0,A,A,A,2,Y,15,A,0,3,3,4,2,3,4,2,2,5,2,Both,0,A,A,A,A,0,0,0,0,0,0,0,0,65,270.0817583,50.05988699,35,0.71447253,20.06034775,10.01816034,5.132356888
LNGDL,C4,0,A,A,A,1,N,0,A,0,2,3,2,0,2,2,2,0,0,2,Both,0,A,A,A,A,0,0,0,0,0,0,0,0,60,219.7776596,48.84158313,40,0.75747253,24.86034775,12.71816034,4.382356888
LNGDL,A16,0,A,A,A,2,Y,15,P,0,2,2,4,3,2,2,2,0,0,2,Both,0,A,A,A,A,0,0,3,93.33333333,0,0,0,0.567653781,65,272.5495938,64.33503599,35,0.48847253,21.36034775,7.618160339,4.407356888
LNGDL,A17,0,A,A,A,2,Y,15,A,0,2,2,1,2,3,2,2,0,0,2,Both,0,A,A,A,A,0,0,3,33.33333333,0,0,0,0.059195634,65,304.0893733,62.90836921,35,0.59747253,19.46034775,7.218160339,4.932356888
LNGDL,A18,0,A,A,A,2,Y,5,A,0,5,3,6,3,3,2,2,0,0,4,Both,0,A,A,A,A,2,205,2,85,0,0,0,2.135191241,35,39.33003119,29.20256511,65,0.48947253,22.06034775,15.61816034,3.332356888
LNGDL,C5,0,A,A,A,2,Y,15,A,0,3,3,2,2,3,2,2,0,0,2,Both,0,A,A,A,A,0,0,0,0,0,0,0,0,65,265.9699667,46.34895135,35,0.61747253,27.06034775,14.51816034,4.557356888
LNGDL,A20,0,A,A,A,1,N,0,A,0,2,3,4,0,2,2,2,0,0,2,Both,0,A,A,A,A,0,0,0,0,0,0,0,0,70,866.1437512,51.98317123,30,0.80547253,30.86034775,14.81816034,7.007356888
LNGDL,A19,0,A,A,A,1,N,0,P,15,3,3,4,0,1,2,2,0,0,2,Both,0,A,A,A,A,0,0,0,0,0,0,0,0,55.25,177.4924534,34.31338484,35,0.68747253,26.06034775,17.11816034,4.782356888
LINEAG,C1,0,A,A,A,2,Y,30,A,0,1,0,0,2,3,0,0,0,0,3,Chin,0,A,A,A,A,0,0,0,0,0,0,0,0,70,425.6377772,52.91502821,30,0.734030425,25.49087407,12.00237087,5.35709373
LINEAG,C2,0,A,A,A,2,Y,20,A,0,1,0,0,3,3,0,0,0,0,3,Chin,0,A,A,A,A,0,0,0,0,0,0,0,0,75,384.5227161,48.3037974,25,0.626030425,23.99087407,12.40237087,5.30709373
LINEAG,C3,0,A,A,A,2,Y,5,A,0,1,0,0,2,3,0,0,0,0,3,Chin,0,A,A,A,A,0,0,0,0,0,0,0,0,75,388.4814513,42.82616935,25,0.679030425,24.49087407,14.00237087,5.60709373
LINEAG,C4,0,A,A,A,2,Y,10,A,0,1,0,0,3,3,0,0,0,0,3,Chin,0,A,A,A,A,0,0,0,0,0,0,0,0,60,206.6608034,44.20524122,40,0.623030425,21.69087407,12.10237087,4.78209373
LINEAG,C5,0,A,A,A,2,N,0,A,0,1,0,0,2,3,0,0,0,0,3,Chin,0,A,A,A,A,0,0,0,0,0,0,0,0,60,442.37211,52.45161117,40,0.681030425,24.19087407,11.50237087,6.08209373
MALDW,C1,0,A,A,A,3,Y,20,A,20,1,2,5,3,2,0,0,0,0,3,Chin,0,A,A,A,A,0,0,0,0,0,0,0,0,28,52.48076352,43.80129238,65,0.536830425,17.05087407,9.582370865,3.99709373
MALDW,C2,0,A,A,A,2,Y,20,A,0,2,0,0,3,3,0,0,0,0,3,Chin,0,A,A,A,A,0,0,0,0,0,0,0,0,65,715.539208,49.3785014,35,0.816830425,25.25087407,12.78237087,7.49709373
MALDW,C3,0,A,A,A,2,Y,25,A,0,1,0,0,3,3,0,0,0,0,3,Chin,0,A,A,A,A,0,0,0,0,0,0,0,0,60,389.2766646,54.78166082,40,0.760830425,24.95087407,11.28237087,5.49709373
MALDW,C4,0,A,A,A,2,Y,20,A,0,1,0,0,3,3,0,0,0,0,3,Chin,0,A,A,A,A,0,0,0,0,0,0,0,0,60,167.6453235,41.62282065,40,0.586830425,25.15087407,14.68237087,4.12209373
MCOU,C2,0,A,A,A,1,Y,10,A,0,2,5,2,0,1,1,1,0,0,1,Both,0,A,A,A,A,0,0,0,0,0,0,0,0,70,635.144134,54.68770623,30,0.779230425,27.37087407,12.40237087,6.21209373
MCOU,C1,0,A,A,A,1,Y,20,A,0,1,5,1,0,0,1,1,0,0,1,Both,0,A,A,A,A,0,0,0,0,0,0,0,0,70,471.3545926,56.41150424,30,0.663230425,25.47087407,11.10237087,5.46209373
MCOU,C3,0,A,A,A,1,Y,15,A,0,2,5,2,2,2,2,2,0,0,2,Both,0,A,A,A,A,0,0,0,0,0,0,0,0,60,311.0198606,48.65448453,40,0.657230425,27.27087407,14.00237087,4.98709373
MCOU,C4,0,A,A,A,1,N,0,A,0,2,5,4,0,3,2,3,0,0,1,Both,0,A,A,A,A,0,0,0,0,0,0,0,0,70,210.5919143,29.1767738,30,0.635230425,19.77087407,14.00237087,5.76209373
MCOU,C5,0,A,A,A,1,Y,15,A,0,1,5,2,0,1,1,1,0,0,1,Both,0,A,A,A,A,0,0,0,0,0,0,0,0,65,214.6556901,47.41156132,35,0.608230425,19.97087407,10.50237087,4.71209373
MOCCA,C5,0,A,A,A,2,Y,10,A,0,1,5,3,1,2,2,2,0,0,1,Both,0,A,A,A,A,0,0,0,0,0,0,0,0,75,431.086774,57.31470094,25,0.317452647,24.23976296,10.34681531,5.13209373
MOCCA,A6,0,A,A,A,1,N,0,A,0,1,2,1,0,2,2,2,0,0,1,Both,0,A,A,A,A,1,310,0,0,0,0,0,1.255030274,75,551.9404771,53.32600761,25,0.812452647,21.73976296,10.14681531,6.35709373
MOCCA,A13,0,A,A,A,1,Y,5,P,10,2,3,6,0,1,4,6,0,0,1,Both,0,A,A,A,A,6,145,0,0,0,0,0,3.546121827,63,12.73523656,9.180962105,30,0.377452647,18.43976296,16.74681531,2.75709373
MOCCA,CE21,0,A,P,A,2,Y,10,P,10,2,3,4,0,1,2,2,2,10,1,Both,0,A,A,A,A,0,0,0,0,0,0,0,0,63,573.0053156,44.10266339,30,0.776452647,26.73976296,14.94681531,7.00709373
MOCCA,A7,0,A,A,A,1,Y,10,P,5,2,3,4,0,2,4,6,0,0,1,Both,0,A,A,A,A,1,60,0,0,0,0,0,0.038103731,66.5,3088.770978,68.70833915,30,1.002452647,37.53976296,11.74681531,10.70709373
MOCCA,CE22,0,A,A,A,1,Y,10,A,0,1,2,3,0,2,1,1,0,0,1,Both,0,A,A,P,A,0,0,0,0,0,0,0,0,75,1041.575186,56.12324337,25,0.908452647,28.13976296,12.34681531,7.48209373
MOCCA,E39,0,A,A,A,1,N,0,A,0,4,4,6,0,1,4,6,0,0,1,Both,0,A,A,A,A,0,0,1,800,0,0,0,12.38139872,50,87.43834614,38.91450775,50,0.548452647,20.53976296,12.54681531,3.73209373
MOCCA,A8,0,A,A,A,1,N,0,A,0,3,3,6,0,2,4,6,0,0,2,Both,0,A,A,A,A,1,20,1,40,0,0,0,0.029413793,60,246.4175015,31.5628579,40,0.721452647,23.73976296,16.24681531,5.90709373
MOCCA,CE23,0,P,A,A,1,Y,5,A,0,2,3,4,0,2,4,6,0,0,1,Both,3,A,A,A,A,0,0,0,0,0,0,0,0,70,641.585628,48.48919865,30,0.547452647,21.63976296,11.14681531,7.45709373
MOCCA,CE24,0,A,A,A,1,N,0,P,15,2,3,4,1,2,4,6,2,10,1,Both,0,A,A,A,A,0,0,0,0,0,0,0,0,59.5,399.1229305,47.13534945,30,1.249452647,20.13976296,10.64681531,6.70709373
MOCCA,A11,0,A,A,A,2,Y,15,A,0,2,3,3,2,2,2,2,0,0,1,Both,0,A,A,A,A,5,30,0,0,0,0,0,0.111700052,65,166.4912093,33.89111275,35,0.427452647,26.23976296,17.34681531,4.28209373
MOCCA,E40,0,A,A,A,1,N,0,P,30,2,4,2,0,1,2,2,0,0,1,Both,0,A,A,A,A,0,0,0,0,0,0,0,0,42,95.92189394,37.66262718,40,0.987452647,17.23976296,10.74681531,4.73209373
MOCCA,A12,0,A,A,A,2,Y,10,A,0,1,5,2,0,1,1,1,0,0,1,Both,0,A,A,A,A,4,97.5,0,0,0,0,0,0.922289037,70,402.0934903,55.7242794,30,0.437452647,22.23976296,9.846815309,5.43209373
MOCCA,A9,51,A,A,A,1,N,0,A,0,6,4,6,0,2,4,6,0,0,2,Both,0,A,A,A,A,0,0,1,150,0,0,10.91784679,0.321113141,20,191.9219668,65.14751954,80,0.743452647,28.53976296,9.946815309,5.73209373
MOCCA,CE25,0,A,A,A,1,Y,5,P,10,3,3,3,2,3,2,2,2,10,1,Both,0,A,A,A,A,0,0,0,0,0,0,0,0,58.5,543.8368506,64.1230917,35,0.699452647,28.83976296,10.34681531,5.65709373
MOCCA,CE26,0,A,A,A,2,Y,10,A,0,1,3,4,0,2,1,1,0,0,1,Both,0,A,A,P,A,0,0,0,0,0,0,0,0,70,571.4079836,56.11560161,30,0.449452647,26.53976296,11.64681531,5.90709373
MOCCA,A15,0,A,A,A,1,N,0,P,5,3,4,3,0,2,4,6,0,0,2,Both,0,A,A,P,A,3,50,3,126.6666667,0,0,0,0.827368154,61.75,548.8802377,49.37123198,35,0.713452647,28.13976296,14.24681531,6.38209373
MOCCA,A10,0,A,A,A,1,Y,5,P,5,2,2,3,0,2,4,6,0,0,2,Both,0,A,A,P,A,1,350,0,0,0,0,0,3.666964765,66.5,78.43679603,27.84628443,30,0.354452647,22.23976296,16.04681531,3.48209373
MOCCA,CE29,0,A,A,A,1,N,0,A,0,1,5,2,0,1,4,6,0,0,1,Both,0,A,A,A,A,0,0,0,0,0,0,0,0,75,472.5299004,51.80285992,25,0.430452647,26.23976296,12.64681531,5.43209373
MOCCA,A16,0,A,A,A,1,Y,10,P,5,2,3,4,1,2,4,6,0,0,1,Both,0,A,A,A,A,0,0,11,98.18181818,0,0,0,2.06265524,57,129.5813414,56.18349382,40,0.545452647,25.43976296,11.14681531,3.18209373
MOCCA,CE30,0,A,A,A,1,N,0,A,0,1,5,2,0,2,2,2,0,0,1,Both,0,A,A,A,A,0,0,0,0,0,0,0,0,75,899.4936279,63.7418986,25,0.726452647,29.63976296,10.74681531,6.35709373
MOCCA,E44,0,A,A,A,1,N,0,P,30,4,4,6,0,0,2,2,0,0,2,Both,0,A,A,P,A,0,0,0,0,0,0,0,0,35,6.095732873,24.47551691,50,0.897452647,17.53976296,13.24681531,1.60709373
MOCCA,E45,0,A,A,A,1,N,0,A,0,2,2,3,0,2,2,2,0,0,1,Both,0,A,A,A,A,3,683.3333333,0,0,0,0,0,30.87178641,65,535.6280987,53.08735419,35,0.481452647,25.03976296,11.74681531,6.28209373
MOCCA,CE28,0,A,A,A,1,N,0,A,0,1,3,3,0,3,2,2,0,0,1,Both,0,A,A,A,A,0,0,0,0,0,0,0,0,70,895.7426432,60.41733307,30,0.907452647,26.13976296,10.34681531,7.18209373
MOCCA,E42,0,A,A,A,1,N,0,A,0,4,4,3,0,2,2,2,0,0,1,Both,0,A,A,A,A,0,0,0,0,0,0,0,0,55,15.6036161,24.67539217,45,0.441452647,28.33976296,21.34681531,1.60709373
MOCCA,E43,0,A,A,A,1,N,0,A,0,3,4,3,1,2,4,6,0,0,1,Both,0,A,A,A,A,0,0,0,0,0,0,0,0,60,53.52102749,18.34554168,40,0.437452647,19.03976296,15.54681531,4.03209373
MOCCA,A14,0,A,A,A,1,Y,15,A,0,1,2,4,2,2,1,1,0,0,1,Both,0,A,A,P,A,5,206,0,0,0,0,0,2.720759585,75,1331.446814,68.06571384,25,0.827452647,33.33976296,10.64681531,7.05709373
MOCCA,CE27,0,A,A,A,1,Y,10,A,0,1,2,2,0,2,2,2,0,0,2,Both,0,A,A,P,A,0,0,0,0,0,0,0,0,65,274.1768695,52.16795863,35,0.603452647,28.73976296,13.74681531,4.23209373
MOCCA,E41,0,A,A,A,1,Y,45,P,10,3,4,3,3,2,4,6,0,0,2,Both,0,A,A,A,A,0,0,0,0,0,0,0,0,54,19.64971575,22.6057495,40,0.549452647,13.23976296,10.24681531,2.78209373
MOCCA,E34,0,A,A,A,1,N,0,A,0,2,2,1,2,2,4,6,0,0,1,Both,0,A,A,A,A,0,0,0,0,0,0,0,0,65,124.5515014,41.9468216,35,0.435452647,18.33976296,10.64681531,3.98209373
MOCCA,A17,0,A,A,A,1,N,0,A,0,3,3,6,2,2,4,6,0,0,1,Both,0,A,A,A,A,9,115.5555556,1,300,0,0,0,3.542848685,60,347.0580555,43.64104767,40,0.629452647,22.43976296,12.64681531,6.13209373
MOCCA,E35,0,A,A,A,1,N,0,A,0,2,3,4,1,2,2,2,0,0,1,Both,0,A,A,A,A,0,0,0,0,0,0,0,0,65,40.71293165,16.01730667,35,0.292452647,14.93976296,12.54681531,4.08209373
MOCCA,E36,0,A,A,A,1,N,0,P,15,2,4,6,0,2,2,2,0,0,1,Both,0,A,A,P,A,0,0,0,0,0,0,0,0,51,38.18388068,27.62556714,40,1.199452647,15.53976296,11.24681531,3.33209373
MOCCA,C4,0,A,A,A,1,Y,5,A,0,1,5,2,1,2,1,1,0,0,1,Both,0,A,A,A,A,0,0,0,0,0,0,0,0,75,1580.622897,70.04506167,25,1.133452647,33.53976296,10.04681531,7.55709373
MOCCA,E37,0,A,A,A,1,Y,10,P,5,2,3,3,0,2,2,2,0,0,1,Both,0,A,A,A,A,0,0,0,0,0,0,0,0,61.75,49.07778321,16.40015037,35,0.235452647,17.63976296,14.74681531,4.18209373
MOCCA,E38,0,A,A,A,1,N,0,A,0,3,4,6,0,4,2,2,0,0,2,Both,0,A,A,A,A,0,0,0,0,0,0,0,0,60,56.3557524,31.4502769,40,0.342452647,15.23976296,10.44681531,3.53209373
MOCCA,A18,0,A,A,A,1,N,0,A,0,3,3,6,1,3,2,2,0,0,1,Both,0,A,A,A,A,2,95,2,80,0,0,0,0.858110879,60,117.6228791,48.92140501,40,0.381452647,21.03976296,10.74681531,3.48209373
MOCCA,C3,0,A,A,A,1,N,0,A,0,1,5,5,0,2,1,1,0,0,1,Both,0,A,A,A,A,0,0,0,0,0,0,0,0,75,469.9167543,48.38469536,25,0.958452647,20.23976296,10.44681531,6.38209373
MOCCA,E33,0,A,A,A,1,N,0,P,40,2,4,6,0,2,1,1,0,0,1,Both,0,A,A,A,A,0,0,0,0,0,0,0,0,42,81.74047937,28.21807692,30,0.911452647,17.33976296,12.44681531,5.03209373
MOCCA,E32,0,A,A,A,1,N,0,A,0,3,3,3,0,2,2,2,0,0,1,Both,0,A,A,A,A,0,0,0,0,0,0,0,0,55,812.8232577,57.87973182,45,0.790452647,25.03976296,10.54681531,8.05709373
MOCCA,A19,0,A,P,A,1,Y,10,P,5,4,3,3,0,1,2,2,0,0,2,Both,0,A,A,A,A,0,0,2,135,0,0,0,0.518807617,52.25,278.5773721,33.37324374,45,0.745452647,32.63976296,21.74681531,5.58209373
MOCCA,C2,0,A,A,A,1,N,0,P,5,1,2,3,0,2,1,1,2,5,2,Both,0,A,P,A,A,0,0,0,0,0,0,0,0,71.25,2157.394875,69.98568701,25,1.530452647,34.13976296,10.24681531,8.98209373
MOCCA,C1,0,A,A,A,1,N,0,A,0,1,5,4,0,2,1,1,0,0,1,Both,0,A,A,A,A,0,0,0,0,0,0,0,0,70,1314.774238,65.10722104,30,0.757452647,29.93976296,10.44681531,7.83209373
MOCCA,A20,0,A,A,A,1,N,0,A,0,4,4,3,2,2,2,2,0,0,2,Both,0,A,A,A,A,0,0,0,0,0,0,0,0,25,26.94329377,52.10065119,75,0.450452647,20.13976296,9.646815309,2.55709373
MOCCA,E31,0,A,A,A,1,N,0,A,0,3,2,4,0,2,1,1,0,0,1,Both,0,A,A,A,A,0,0,0,0,0,0,0,0,65,1117.280879,55.52769434,35,0.372452647,24.83976296,11.04681531,8.90709373
SNDR,C4,0,A,A,A,2,Y,20,A,0,0,0,0,3,3,0,0,0,0,3,Chin,0,A,A,A,A,0,0,0,0,0,0,0,0,75,406.2618342,42.1225933,25,0.823755425,25.68337407,14.86487087,5.64584373
SNDR,C3,0,A,A,A,2,Y,30,A,0,0,0,0,3,3,0,0,0,0,3,Chin,0,A,A,A,A,0,0,0,0,0,0,0,0,75,598.6208684,42.79257629,25,0.842755425,26.68337407,15.26487087,6.67084373
SNDR,C5,0,A,A,A,2,Y,15,A,0,1,0,0,3,3,0,0,0,0,3,Chin,0,A,A,A,A,0,0,0,0,0,0,0,0,55,351.4953998,46.68797794,45,0.689755425,29.38337407,15.66487087,5.44584373
SNDR,C1,0,A,A,A,2,Y,5,A,0,1,0,0,2,3,0,0,0,0,3,Chin,0,A,A,A,A,0,0,0,0,0,0,0,0,70,384.1651014,39.69429694,30,0.672755425,24.48337407,14.76487087,5.99584373
SNDR,C2,0,A,A,A,2,Y,35,A,0,0,0,0,2,3,0,0,0,0,3,Chin,0,A,A,A,A,0,0,0,0,0,0,0,0,80,406.7128316,52.01685289,20,0.551755425,18.68337407,8.964870865,5.77084373
SLCY,C5,0,A,A,A,2,N,0,A,0,1,0,0,3,3,0,0,0,0,3,Chin,0,A,A,A,A,0,0,0,0,0,0,0,0,60,177.8017821,41.02202145,40,0.596463758,20.56254074,12.12737087,4.729177063
SLCY,C4,0,A,A,A,2,Y,10,A,0,2,0,0,3,3,0,0,0,0,3,Chin,0,A,A,A,A,0,0,0,0,0,0,0,0,70,683.3202583,48.62763123,30,0.918463758,28.86254074,14.82737087,6.654177063
SLCY,C2,0,A,A,A,2,Y,30,A,0,2,0,0,2,3,0,0,0,0,3,Chin,0,A,A,A,A,0,0,0,0,0,0,0,0,70,669.4538344,45.37840106,30,0.840463758,26.96254074,14.72737087,7.054177063
SLCY,C1,0,A,A,A,2,Y,20,A,0,0,0,0,2,2,0,0,0,0,3,Chin,0,A,A,A,A,0,0,0,0,0,0,0,0,80,899.2596088,46.03186769,20,0.860463758,26.36254074,14.22737087,7.679177063
SLCY,C3,0,A,A,A,2,Y,5,A,0,1,0,0,3,2,0,0,0,0,3,Chin,0,A,A,A,A,0,0,0,0,0,0,0,0,70,572.795905,44.51704168,30,0.907463758,25.46254074,14.12737087,6.779177063
HRWD,C1,0,A,A,A,2,Y,65,A,0,2,5,6,0,2,1,1,0,0,1,Pin,0,A,A,A,A,0,0,0,0,0,0,0,0,75,1920.475707,75.05226461,25,0.914463758,37.33754074,9.314870865,7.62709373
HRWD,C5,0,A,A,A,2,Y,35,A,0,3,2,4,1,2,4,6,0,0,2,Both,0,A,A,A,A,0,0,0,0,0,0,0,0,70,527.3672716,58.63717688,30,0.593463758,24.93754074,10.31487087,5.72709373
HRWD,C2,0,A,A,A,2,Y,45,P,10,2,2,4,2,3,4,6,2,10,2,Both,0,A,A,A,A,0,0,0,0,0,0,0,0,63,548.9590449,52.81137637,30,0.641463758,25.03754074,11.81487087,6.47709373
HRWD,C3,0,A,A,A,2,Y,50,A,0,2,2,4,2,2,4,6,0,0,2,Both,0,A,A,A,A,0,0,0,0,0,0,0,0,75,482.2803363,58.69840894,25,0.618463758,23.03754074,9.514870865,5.50209373
HRWD,C4,0,A,A,A,2,Y,35,A,0,2,2,4,1,2,4,6,0,0,1,Pin,0,A,A,A,A,0,0,0,0,0,0,0,0,75,956.7495676,58.66396452,25,0.907463758,25.43754074,10.51487087,7.37709373
ANCST,C5,0,A,A,A,2,Y,15,A,0,1,0,0,2,3,0,0,0,0,3,Chin,0,A,A,A,A,0,0,0,0,0,0,0,0,75,348.3292093,45.34102186,25,0.639630425,25.0917074,13.71487087,5.097927063
ANCST,C4,0,A,P,A,2,Y,20,A,0,2,0,0,3,3,0,0,0,0,3,Chin,0,A,A,A,A,0,0,0,0,0,0,0,0,55,341.9601405,45.17331779,45,0.826630425,26.2917074,14.41487087,5.772927063
ANCST,C3,0,A,A,A,2,Y,20,A,0,0,0,0,3,3,0,0,0,0,3,Chin,0,A,A,A,A,0,0,0,0,0,0,0,0,80,392.6519645,44.58218916,20,0.699630425,26.1917074,14.51487087,5.172927063
ANCST,C1,0,A,P,A,2,Y,15,A,0,1,0,0,2,3,0,0,0,0,3,Chin,0,A,A,A,A,0,0,0,0,0,0,0,0,65,485.3578556,43.08359345,35,0.677630425,29.1917074,16.61487087,6.147927063
ANCST,C2,0,A,P,A,2,Y,15,A,0,1,0,0,2,3,0,0,0,0,3,Chin,0,A,A,A,A,0,0,0,0,0,0,0,0,65,323.543233,49.68758792,35,0.618630425,22.0917074,11.11487087,5.372927063
BBW,C2,0,A,A,A,2,Y,45,A,0,2,2,4,2,2,4,6,0,0,2,Pin,0,A,A,A,A,0,0,0,0,0,0,0,0,75,1689.419954,50.87872066,25,1.108922092,27.94587407,13.72737087,10.04271873
BBW,C1,0,A,A,A,2,Y,50,A,0,2,2,4,2,2,0,1,0,0,2,Both,0,A,A,A,A,0,0,0,0,0,0,0,0,70,377.9165687,48.74438913,30,0.582922092,24.24587407,12.42737087,5.39271873
BBW,C5,0,A,A,A,2,Y,40,A,0,4,2,4,2,3,4,6,0,0,2,Both,0,A,A,A,A,0,0,0,0,0,0,0,0,55,273.9004658,62.20572014,45,0.626922092,20.44587407,7.727370865,4.99271873
BBW,C4,0,A,P,A,2,Y,60,A,0,3,2,4,1,3,1,1,0,0,2,Pin,0,A,A,A,A,0,0,0,0,0,0,0,0,65,292.1280475,50.34319688,35,0.653922092,27.84587407,13.82737087,4.51771873
BBW,C3,0,A,A,A,2,Y,80,A,0,2,2,6,1,3,4,3,0,0,2,Both,0,A,A,A,A,0,0,0,0,0,0,0,0,70,323.988422,48.81910648,30,0.604922092,21.54587407,11.02737087,5.29271873
MTRD,C5,0,A,P,A,2,Y,20,A,0,3,2,4,2,2,1,1,0,0,1,Both,0,A,A,A,A,0,0,0,0,0,0,0,0,70,491.432294,52.62898814,30,0.780255425,23.05004074,10.91903753,6.069802063
MTRD,C4,0,A,A,A,2,Y,80,A,0,3,2,4,2,2,1,1,0,0,2,Both,0,A,A,A,A,0,0,0,0,0,0,0,0,60,282.3981296,50.02618305,40,0.621255425,22.85004074,11.41903753,5.119802063
MTRD,C2,0,A,A,A,2,Y,55,A,0,2,2,4,1,2,1,1,0,0,1,Both,0,A,A,A,A,0,0,0,0,0,0,0,0,70,1111.422991,60.9581645,30,0.854255425,25.15004074,9.819037532,8.119802063
MTRD,C3,0,A,A,A,2,Y,10,A,0,1,5,6,1,2,1,1,1,5,1,Both,0,A,A,A,A,0,0,0,0,0,0,0,0,80,661.0100339,62.05335379,20,0.641255425,22.45004074,8.519037532,6.144802063
MTRD,C1,0,A,A,A,2,Y,25,A,0,1,2,4,1,1,1,1,0,0,2,Both,0,A,A,A,A,0,0,0,0,0,0,0,0,75,802.7937832,52.80512688,25,0.789255425,26.95004074,12.71903753,6.919802063
CROC,C5,0,A,A,A,2,Y,10,A,0,3,2,3,1,2,1,1,0,0,2,Both,0,A,A,A,A,0,0,0,0,0,0,0,0,65,706.9539595,63.92738694,35,0.806201854,23.21373121,8.373799436,6.830665158
CROC,C2,0,A,A,A,2,Y,25,A,0,3,2,4,1,2,1,1,0,0,2,Both,0,A,A,A,A,0,0,0,0,0,0,0,0,55,280.8856931,61.03518891,45,0.621201854,24.31373121,9.473799436,4.680665158
CROC,C3,0,A,A,A,2,Y,20,A,0,3,2,5,1,3,1,1,0,0,2,Both,0,A,A,A,A,0,0,0,0,0,0,0,0,55,130.4618852,39.97427233,45,0.707201854,21.61373121,12.97379944,4.180665158
CROC,C4,0,A,A,A,2,N,0,A,0,3,3,4,1,3,1,1,0,0,2,Both,0,A,A,A,A,0,0,0,0,0,0,0,0,60,503.8578271,61.03609619,40,0.744201854,32.01373121,12.47379944,5.230665158
CROC,C1,0,A,P,A,2,Y,20,A,0,4,3,4,0,1,1,1,0,0,2,Both,0,A,A,A,A,0,0,0,0,0,0,0,0,55,257.6022862,41.59558648,45,0.652201854,22.21373121,12.97379944,5.680665158
CDPM,C2,0,P,P,A,2,Y,40,P,50,3,4,6,0,0,1,1,2,50,2,Both,1,A,A,A,A,0,0,0,0,0,0,0,0,35,106.0162394,57.91985058,30,0.634930425,23.46087407,9.872370865,3.76709373
CDPM,C3,0,A,A,A,2,Y,60,A,0,3,2,6,2,3,1,1,0,0,2,Both,0,A,A,A,A,0,0,0,0,0,0,0,0,65,360.9220882,40.20197535,35,0.693930425,21.86087407,13.07237087,6.34209373
CDPM,C1,0,A,A,A,2,Y,25,A,0,3,2,6,3,2,1,1,0,0,1,Both,1,A,A,A,A,0,0,0,0,0,0,0,0,60,423.3531013,50.50242142,40,0.661930425,31.46087407,15.57237087,5.31709373
CDPM,C4,0,A,A,A,2,Y,40,A,0,2,5,4,2,2,0,1,0,0,1,Both,0,A,A,A,A,0,0,0,0,0,0,0,0,75,374.1385772,48.09378809,25,0.690930425,20.56087407,10.67237087,5.66709373
CDPM,C5,0,A,P,A,2,Y,10,A,0,2,2,4,2,2,1,1,0,0,2,Both,0,A,A,A,A,0,0,0,0,0,0,0,0,70,394.4027516,43.50495131,30,0.647930425,20.66087407,11.67237087,6.31709373
LWBKR,C2,0,A,A,A,2,Y,50,A,0,2,2,4,1,2,1,1,0,0,1,Both,0,A,A,A,A,0,0,0,0,0,0,0,0,70,197.2083,38.82760532,30,0.591547092,24.22504074,14.81903753,4.366677063
LWBKR,C1,0,A,P,A,2,Y,40,A,0,2,2,4,1,3,0,0,0,0,1,Both,0,A,A,A,A,0,0,0,0,0,0,0,0,75,486.0638242,50.4488963,25,0.770547092,20.82504074,10.31903753,6.266677063
LWBKR,C3,0,A,A,A,2,Y,45,A,0,2,2,4,2,2,1,1,0,0,2,Both,0,A,A,A,A,0,0,0,0,0,0,0,0,75,231.7532209,45.93404673,25,0.633547092,23.52504074,12.71903753,4.266677063
LWBKR,C4,0,A,A,A,2,Y,25,A,0,2,2,4,1,2,0,0,0,0,2,Both,0,A,A,A,A,0,0,0,0,0,0,0,0,70,1023.178062,53.35865172,30,0.845547092,23.62504074,11.01903753,8.591677063
LWBKR,C5,0,A,P,A,2,Y,60,A,0,2,2,4,0,2,1,1,1,5,1,Both,0,A,A,A,A,0,0,0,0,0,0,0,0,75,891.5888483,46.97611322,25,0.834547092,28.32504074,15.01903753,7.541677063
WLDCP,C1,2,A,P,A,2,Y,35,A,0,0,0,0,2,3,0,0,0,0,3,Chin,0,A,A,A,A,0,0,0,0,0,0,0.454373289,0,80,450.5373104,51.75416351,20,0.700547092,21.83754074,10.5357042,5.632302063
WLDCP,C5,0,A,A,A,2,Y,10,A,0,0,0,0,2,3,0,0,0,0,3,Chin,0,A,A,A,A,0,0,0,0,0,0,0,0,75,272.2510595,59.33755087,25,0.647547092,21.23754074,8.635704198,4.282302063
WLDCP,C2,0,A,A,A,2,Y,15,A,0,2,0,0,2,2,0,3,0,0,3,Chin,0,A,A,A,A,0,0,0,0,0,0,0,0,45,332.444157,39.47437773,55,0.701547092,25.33754074,15.3357042,6.857302063
WLDCP,C3,0,A,A,A,2,Y,15,A,0,2,0,0,3,3,0,3,0,0,3,Chin,0,A,A,A,A,0,0,0,0,0,0,0,0,70,154.7290373,41.67847162,30,0.542547092,24.23754074,14.1357042,3.732302063
WLDCP,C4,0,A,A,A,2,Y,15,A,0,1,0,0,3,3,0,0,0,0,3,Chin,0,A,A,A,A,0,0,0,0,0,0,0,0,65,200.056772,46.02698629,35,0.466547092,24.33754074,13.1357042,4.182302063
WLDCP,C6,0,A,A,A,2,Y,30,A,0,2,0,0,3,3,0,0,0,0,3,Chin,0,A,A,A,A,0,0,0,0,0,0,0,0,70,344.1695535,40.46979682,30,0.645547092,22.73754074,13.5357042,5.832302063
DYMK,C4,0,A,A,A,2,Y,40,A,0,1,3,2,0,3,1,1,0,0,1,Both,0,A,A,A,A,0,0,0,0,0,0,0,0,60,355.8459658,50.39266983,40,0.511130425,27.52087407,13.65237087,5.21771873
DYMK,C5,0,A,A,A,2,Y,60,A,0,1,3,4,2,2,1,1,0,0,1,Both,0,A,A,A,A,0,0,0,0,0,0,0,0,70,175.2923264,35.18542858,30,0.711130425,19.52087407,12.65237087,4.81771873
DYMK,C1,0,A,A,A,2,Y,45,A,15,2,2,4,1,2,1,1,2,15,1,Both,0,A,A,A,A,0,0,0,0,0,0,0,0,46.75,196.0433803,45.61147013,45,0.813130425,26.02087407,14.15237087,4.74271873
DYMK,C2,0,A,A,A,2,Y,60,P,5,2,3,4,1,3,3,1,2,5,1,Both,0,A,A,A,A,0,0,0,0,0,0,0,0,61.75,429.7689889,53.25641641,35,0.804130425,29.42087407,13.75237087,5.31771873
DYMK,C3,0,A,A,A,2,Y,65,A,0,3,2,6,1,2,1,1,0,0,1,Chin,0,A,A,A,A,0,0,0,0,0,0,0,0,55,347.0492911,47.56614903,45,0.587130425,24.32087407,12.75237087,5.89271873
CDS,C4,0,A,A,A,2,Y,30,P,0,2,2,4,1,3,1,1,0,0,2,Both,0,A,A,A,A,0,0,0,0,0,0,0,0,70,196.6778802,38.17429822,30,0.769380425,23.13337407,14.30237087,4.50053123
CDS,C3,0,A,A,A,2,Y,30,P,10,0,3,4,2,2,1,1,0,0,2,Both,0,A,A,A,A,0,0,0,0,0,0,0,0,72,471.4671861,56.77334298,20,0.650380425,23.83337407,10.30237087,5.55053123
CDS,C1,0,A,A,A,2,Y,65,A,0,2,3,4,1,2,1,1,0,0,2,Both,2,A,A,A,A,0,0,0,0,0,0,0,0,70,502.1593114,57.19014494,30,0.775380425,25.23337407,10.80237087,5.62553123
CDS,C2,0,A,P,A,2,Y,20,A,0,2,2,3,1,2,1,1,0,0,2,Both,0,A,A,A,A,0,0,0,0,0,0,0,0,65,779.5494738,56.90327527,35,0.809380425,24.83337407,10.70237087,7.35053123
CDS,C5,0,A,A,A,2,Y,40,A,0,3,2,3,2,3,1,1,0,0,2,Both,0,A,A,A,A,0,0,0,0,0,0,0,0,70,355.2818907,40.52472692,30,0.701380425,26.23337407,15.60237087,5.51303123
SAW,C5,0,A,A,A,2,Y,40,A,0,2,3,5,2,2,2,1,0,0,2,Both,0,A,A,A,A,0,0,0,0,0,0,0,0,75,640.6355378,39.95728104,25,0.823588758,25.00004074,15.0107042,7.378135396
SAW,C4,0,A,A,A,2,Y,30,A,0,2,2,5,2,3,1,0,0,0,3,Both,0,A,A,A,A,0,0,0,0,0,0,0,0,80,374.7624822,31.12261411,20,0.689588758,23.10004074,15.9107042,6.440635396
SAW,C1,0,A,A,A,2,Y,60,A,0,2,2,4,2,3,5,1,2,5,2,Both,2,A,A,A,A,0,0,0,0,0,0,0,0,75,470.6613575,39.67726199,25,0.705588758,21.90004074,13.2107042,6.780635396
SAW,C2,0,A,A,A,2,Y,20,A,0,2,5,4,2,2,3,2,2,5,3,Both,0,A,A,A,A,0,0,0,0,0,0,0,0,75,358.5246917,39.78525564,25,0.660588758,23.60004074,14.2107042,5.693135396
SAW,C3,0,A,A,A,2,Y,40,A,0,2,2,4,2,3,7,2,2,5,2,Both,1,A,A,A,A,0,0,0,0,0,0,0,0,75,193.6908343,37.39416121,25,0.595588758,21.90004074,13.7107042,4.480635396
RWDN,C4,0,A,A,A,2,Y,50,P,5,4,4,6,1,2,1,3,2,10,3,Both,0,A,A,A,A,0,0,0,0,0,0,0,0,47.5,107.4341826,36.66874368,50,0.532630425,20.83337407,13.19403753,4.34146873
RWDN,C5,0,A,A,A,2,Y,5,A,0,3,2,4,2,3,1,1,2,5,2,Both,0,A,A,A,A,0,0,0,0,0,0,0,0,65,223.9752803,42.00593445,35,0.534630425,22.23337407,12.89403753,4.84646873
RWDN,C1,0,A,A,A,2,Y,20,A,0,2,2,4,1,3,3,1,2,10,2,Both,0,A,A,A,A,0,0,0,0,0,0,0,0,70,448.4603072,42.2001978,30,0.765630425,26.63337407,15.39403753,6.02396873
RWDN,C2,0,A,A,A,2,Y,60,A,0,2,2,6,1,2,1,1,2,5,2,Both,1,A,A,A,A,0,0,0,0,0,0,0,0,65,257.9325248,37.96981262,35,0.683630425,24.33337407,15.09403753,5.22896873
RWDN,C3,0,A,A,A,1,Y,50,P,0,2,3,5,1,2,1,1,2,10,2,Both,0,A,A,A,A,0,0,0,0,0,0,0,0,70,786.142953,42.78867775,30,0.817630425,26.03337407,14.89403753,8.01146873
ASHC,C2,0,A,A,A,2,Y,40,A,0,2,5,4,2,2,3,6,1,5,2,Pin,0,A,A,A,A,0,0,0,0,0,0,0,0,70,619.4480562,43.0641453,30,0.634430425,26.70087407,15.20237087,6.99959373
ASHC,C1,0,A,A,A,2,Y,60,A,5,2,2,5,2,3,3,0,1,5,2,Pin,0,A,A,A,A,0,0,0,0,0,0,0,0,71.25,283.5800447,35.17683211,25,0.624430425,21.60087407,14.00237087,5.77459373
ASHC,C4,0,A,A,A,2,Y,30,A,0,2,0,0,2,2,3,0,1,5,2,Pin,0,A,A,A,A,0,0,0,0,0,0,0,0,70,233.3295116,42.223642,30,0.710430425,25.10087407,14.50237087,4.47459373
ASHC,C3,0,A,A,A,2,Y,50,A,0,2,5,4,2,3,3,0,1,5,1,Pin,0,A,A,A,A,0,0,0,0,0,0,0,0,75,702.3893132,53.24918686,25,0.719430425,26.10087407,12.20237087,6.54959373
ASHC,C6,0,A,A,A,2,Y,30,A,0,2,5,4,2,3,3,2,0,0,1,Pin,0,A,A,A,A,0,0,0,0,0,0,0,0,70,747.78343,60.97715993,30,0.750430425,26.40087407,10.30237087,6.49959373
ASHC,C5,0,A,A,A,2,Y,25,A,5,2,2,4,2,4,4,1,1,5,1,Pin,0,A,A,A,A,0,0,0,0,0,0,0,0,66.5,386.4394669,52.90601242,30,0.750430425,22.30087407,10.50237087,5.59959373
TAWWD,C4,0,A,A,A,2,Y,60,A,0,3,5,4,1,2,4,0,4,10,2,Pin,0,A,A,A,A,0,0,0,0,0,0,0,0,70,188.1849689,43.49113866,30,0.659369556,16.6926132,9.432805648,4.855354599
TAWWD,C3,0,A,A,A,2,Y,5,A,0,3,2,2,2,4,2,0,0,0,1,Pin,0,A,A,A,A,0,0,0,0,0,0,0,0,70,61.97492327,46.4074684,30,0.571369556,21.8926132,11.73280565,2.355354599
TAWWD,C1,0,A,A,A,2,Y,30,A,0,2,5,1,1,2,3,1,1,5,2,Both,0,A,A,A,A,0,0,0,0,0,0,0,0,70,197.4922491,30.12273049,30,0.627369556,26.0926132,18.23280565,4.780354599
TAWWD,C2,0,A,A,A,2,Y,5,A,0,3,0,0,2,3,0,1,0,0,2,Pin,0,A,A,A,A,0,0,0,0,0,0,0,0,60,108.5403923,35.16827525,40,0.546369556,25.1926132,16.33280565,3.605354599
TAWWD,C5,0,A,A,A,2,Y,45,A,0,3,0,0,1,1,3,0,0,0,2,Both,0,A,A,A,A,0,0,0,0,0,0,0,0,65,172.7155219,38.1950957,35,0.624369556,19.7926132,12.23280565,4.730354599
RCHMD,C2,0,A,A,A,1,Y,70,P,5,3,2,2,1,3,7,2,1,10,2,Both,0,A,A,A,A,0,0,0,0,0,0,0,0,52.25,682.5059137,43.15154207,45,0.818453954,33.78852113,19.20825322,7.55209373
RCHMD,C3,0,A,A,A,2,Y,15,P,10,2,2,2,1,2,7,1,0,0,2,Both,0,A,A,A,A,0,0,0,0,0,0,0,0,58.5,662.0617847,69.10111501,35,0.753453954,26.88852113,8.308253218,6.22709373
RCHMD,A13,0,A,A,A,1,Y,10,P,20,2,2,4,0,2,4,1,0,0,1,Pin,0,A,A,A,A,1,410,1,110,0,0,0,2.09313384,64,492.2823503,58.38515094,20,0.913453954,23.08852113,9.608253218,6.02709373
RCHMD,A10,0,A,A,A,2,Y,65,P,5,2,2,4,2,3,7,1,1,10,2,Both,0,A,A,A,A,1,100,1,120,0,0,0,0.415254469,66.5,247.7668837,46.91535327,30,0.623453954,26.38852113,14.00825322,4.37709373
RCHMD,A12,0,A,A,A,1,Y,35,A,0,2,2,3,1,3,4,1,1,10,1,Both,0,A,A,A,A,0,0,1,200,0,0,0,0.717576032,65,171.6685539,66.60371492,35,0.591453954,19.18852113,6.408253218,3.62709373
RCHMD,A11,0,A,A,A,1,Y,5,P,20,4,2,6,2,2,4,6,0,0,2,Both,0,A,A,A,A,2,545,5,318,0,0,0,13.89934614,36,386.0404837,50.92593582,55,0.839453954,25.48852113,12.50825322,7.25209373
RCHMD,A9,0,A,A,A,3,N,0,P,35,5,2,6,2,4,7,1,0,0,3,Both,0,A,A,A,A,4,90,4,87.5,0,0,0,1.237322835,19.5,52.17440522,53.44001201,70,0.540453954,18.48852113,8.608253218,4.15209373
RCHMD,A14,0,P,A,A,2,Y,15,A,0,2,5,4,2,2,4,1,1,5,1,Pin,0,A,A,A,A,4,362.5,0,0,0,0,0,7.827950745,75,659.0600176,52.7546474,25,0.712453954,23.08852113,10.90825322,6.77709373
RCHMD,C5,0,A,A,A,1,Y,65,P,10,2,5,4,1,3,5,2,1,5,1,Pin,0,A,A,A,A,0,0,0,0,0,0,0,0,72,1395.272621,59.73595987,20,0.886453954,27.58852113,11.10825322,8.65209373
RCHMD,A16,0,A,A,A,2,Y,45,P,25,3,2,5,1,2,4,2,2,10,1,Both,0,A,A,A,A,2,95,0,0,0,0,0,0.355019083,48.75,141.9131862,45.73747082,35,0.539453954,23.78852113,12.90825322,4.12709373
RCHMD,A19,0,A,A,A,2,Y,75,P,15,2,2,2,2,2,4,1,1,10,1,Pin,0,A,A,A,A,0,0,1,100,0,0,0,0.204259289,55.25,101.0300788,40.11901015,35,0.519453954,20.88852113,12.50825322,3.72709373
RCHMD,A17,0,A,A,A,2,Y,70,A,0,2,2,5,2,2,4,1,1,10,1,Both,0,A,A,A,A,0,0,0,0,0,0,0,0,65,45.51581017,29.65985912,35,0.625453954,19.48852113,13.70825322,2.77709373
RCHMD,A15,0,A,A,A,1,Y,60,P,10,2,2,2,1,3,7,6,1,5,2,Both,0,A,A,A,A,2,275,0,0,0,0,0,1.802240683,72,617.5180569,55.28045871,20,0.890453954,29.08852113,13.00825322,5.82709373
RCHMD,C1,0,A,A,A,2,Y,95,A,0,2,5,3,0,2,4,1,1,5,1,Both,0,A,A,A,A,0,0,0,0,0,0,0,0,75,123.9864256,31.26118602,25,0.460453954,23.28852113,16.00825322,3.80209373
RCHMD,A6,0,A,A,A,2,Y,65,P,5,3,5,2,1,3,4,1,1,5,2,Both,0,A,A,A,A,7,131.4285714,0,0,0,0,0,3.156422525,61.75,100.0995066,25.16745884,35,0.406453954,19.78852113,14.80825322,4.55209373
RCHMD,A7,0,A,A,A,1,Y,75,A,0,2,2,5,1,2,7,1,1,10,1,Both,0,A,A,A,A,5,102,0,0,0,0,0,0.655947173,75,886.3189832,44.67416728,25,0.841453954,27.48852113,15.20825322,7.82709373
RCHMD,A8,0,A,A,A,2,Y,60,P,10,2,5,5,1,2,7,2,1,10,2,Both,0,A,A,A,A,6,98.33333333,0,0,0,0,0,1.521992665,58.5,174.8250866,39.00886136,35,0.404453954,19.68852113,12.00825322,4.97709373
STHWK,C2,0,A,A,A,2,Y,10,A,0,3,2,4,3,3,0,0,0,0,1,Chin,0,A,A,A,A,0,0,0,0,0,0,0,0,70,849.1282133,55.34588394,30,0.879536675,26.01774907,11.61799587,7.32318748
STHWK,CE23,0,A,A,A,2,Y,25,A,0,2,0,0,4,3,0,0,0,0,1,Chin,0,A,A,A,A,0,0,0,0,0,0,0,0,90,574.0189088,42.82684108,10,0.666536675,25.91774907,14.81799587,6.04818748
STHWK,CE21,0,A,A,A,2,Y,35,A,0,3,0,0,2,2,0,0,0,0,2,Chin,0,A,A,A,A,0,0,0,0,0,0,0,0,80,698.0266221,57.89475065,20,0.705536675,27.11774907,11.41799587,5.94818748
STHWK,CE25,0,A,A,A,2,Y,30,A,0,3,0,0,3,2,0,0,0,0,1,Chin,0,A,A,A,A,0,0,0,0,0,0,0,0,75,426.5963999,53.26569851,25,0.694536675,24.21774907,11.31799587,5.29818748
STHWK,C1,0,A,A,A,2,Y,20,A,0,4,0,0,3,3,0,0,0,0,1,Chin,0,A,A,A,A,0,0,0,0,0,0,0,0,60,814.7538428,55.77462685,40,0.778536675,25.81774907,11.41799587,7.74818748
STHWK,C4,0,A,A,A,2,Y,30,A,0,1,2,4,0,3,0,0,0,0,2,Chin,0,A,A,A,A,0,0,0,0,0,0,0,0,70,696.03503,51.70106852,30,0.734536675,25.91774907,12.51799587,6.87318748
STHWK,C5,0,A,A,A,2,Y,30,A,0,3,0,0,2,3,0,0,0,0,1,Chin,0,A,A,A,A,0,0,0,0,0,0,0,0,75,451.3646393,45.8817495,25,0.725536675,25.71774907,13.91799587,5.69818748
STHWK,CE30,0,A,A,A,2,Y,60,A,0,2,0,0,3,4,0,0,0,0,1,Chin,0,A,A,A,A,0,0,0,0,0,0,0,0,85,816.6227812,63.38993314,15,0.724536675,26.81774907,9.817995865,5.99818748
STHWK,CE29,0,A,A,A,2,Y,80,A,0,2,0,0,2,2,0,0,0,0,2,Both,0,A,A,A,A,0,0,0,0,0,0,0,0,70,585.9983009,40.26117705,30,0.755536675,27.81774907,16.61799587,6.89818748
STHWK,CE28,0,A,A,A,2,Y,95,A,0,2,0,0,2,3,3,0,0,0,1,Chin,0,A,A,A,A,0,0,0,0,0,0,0,0,80,615.5213018,44.07578009,20,0.721536675,26.31774907,14.71799587,6.49818748
STHWK,CE26,0,A,A,A,3,Y,10,A,0,2,0,0,2,2,1,0,0,0,1,Chin,0,A,A,A,A,0,0,0,0,2,100,0,0,80,559.2595616,48.26773784,20,0.708536675,23.61774907,12.21799587,6.24818748
STHWK,A7,0,A,A,A,3,Y,45,A,0,6,3,6,3,3,3,0,0,0,1,Chin,0,A,A,A,A,0,0,2,75,0,0,0,0.182926434,30,127.8855781,38.81348831,70,0.652536675,24.21774907,14.81799587,5.37318748
STHWK,A11,0,A,A,A,3,Y,30,A,0,5,3,4,2,2,0,0,0,0,1,Chin,0,A,A,A,A,0,0,3,53.33333333,2,90,0,0.147813972,35,103.479251,40.85556321,65,0.612536675,22.51774907,13.31799587,4.52318748
STHWK,A15,0,A,A,A,3,Y,10,A,0,4,2,6,1,4,3,3,0,0,3,Both,0,A,A,A,A,0,0,7,95.71428571,1,60,0,0.837408694,50,600.9168473,56.33643626,50,0.812536675,24.31774907,10.61799587,7.47318748
STHWK,A16,0,A,A,A,2,Y,45,A,0,4,2,6,1,3,0,0,0,0,3,Chin,0,A,A,A,A,0,0,3,103.3333333,2,130,0,0.529797027,50,335.469502,47.84432747,50,0.641536675,23.61774907,12.31799587,6.14818748
STHWK,A18,0,A,A,A,3,Y,60,A,0,1,3,4,3,3,0,0,1,20,2,Both,0,A,A,A,A,0,0,9,121.1111111,4,102.5,0,2.186730981,70,175.0560125,48.92559903,30,0.640536675,24.11774907,12.31799587,3.67318748
STHWK,A12,0,A,A,A,3,Y,10,A,0,6,3,6,2,1,0,0,0,0,2,Chin,0,A,A,A,A,0,0,5,80,5,72,0,0.548039461,20,126.0313961,47.94279733,80,0.619536675,22.31774907,11.61799587,6.12318748
STHWK,A13,0,A,A,A,2,Y,45,A,0,3,5,6,3,2,3,3,0,0,1,Chin,0,A,A,A,A,0,0,12,126.6666667,9,137.7777778,0,3.413060885,65,286.9195524,39.81871936,35,0.598536675,26.11774907,15.71799587,5.19818748
STHWK,A14,0,A,A,A,3,Y,20,A,0,4,2,6,0,3,0,0,0,0,3,Both,0,A,A,A,A,7,72.85714286,19,62.10526316,3,143.3333333,0,1.784849497,55,371.3826909,44.36751354,45,0.656536675,25.01774907,13.91799587,6.22318748
STHWK,A17,0,A,A,A,3,Y,20,A,0,3,2,4,2,3,0,0,0,0,2,Chin,0,A,A,A,A,0,0,0,0,8,122.5,0,0,65,255.8781255,45.60853989,35,0.606536675,24.11774907,13.11799587,4.77318748
STHWK,A19,0,A,A,A,3,Y,30,A,0,6,5,2,2,3,3,2,0,0,1,Chin,0,A,A,A,A,0,0,5,72,2,135,0,0.425373768,55,201.8329854,51.82802578,45,0.646536675,24.11774907,11.61799587,4.32318748
STHWK,E31,0,A,A,A,3,Y,5,A,0,1,2,6,1,3,0,2,0,0,1,Chin,0,A,A,A,A,0,0,0,0,2,115,0,0,70,338.9675345,51.32110993,30,0.655536675,22.01774907,10.71799587,5.22318748
STHWK,E34,0,A,A,A,3,Y,70,A,0,4,3,4,3,3,3,0,0,0,2,Chin,0,A,A,A,A,0,0,0,0,0,0,0,0,50,127.2029245,39.88272272,50,0.573536675,23.31774907,14.01799587,4.17318748
STHWK,E35,0,A,A,A,3,Y,70,A,0,4,3,5,3,3,0,0,0,0,2,Both,0,A,A,A,A,0,0,0,0,0,0,0,0,65,150.1537175,50.65470914,35,0.598536675,21.51774907,10.61799587,3.67318748
STHWK,E36,0,A,A,A,3,Y,5,A,0,4,2,6,3,3,0,0,0,0,1,Chin,0,A,A,A,A,0,0,0,0,0,0,0,0,50,263.457774,51.87762216,50,0.624536675,20.81774907,10.01799587,5.57318748
STHWK,E37,0,A,A,A,3,Y,5,A,0,4,2,6,0,2,0,2,0,0,2,Chin,0,A,A,A,A,0,0,3,30,4,200,0,0.041546579,40,311.5896706,63.82565967,60,0.689536675,22.71774907,8.217995865,5.84818748
STHWK,E38,0,A,A,A,3,N,0,A,0,6,4,6,3,1,0,0,0,0,1,Chin,0,A,A,A,A,0,0,0,0,2,105,0,0,20,16.10993962,28.89521849,80,0.544536675,20.41774907,14.51799587,2.94818748
STHWK,E39,0,A,A,A,3,Y,20,A,20,3,3,4,2,2,3,0,0,0,1,Chin,0,A,A,A,A,0,0,0,0,0,0,0,0,52,191.5146367,50.68661854,35,0.633536675,20.51774907,10.11799587,4.74818748
STHWK,E40,0,A,A,A,3,Y,25,A,20,6,2,6,3,2,1,0,0,0,3,Chin,0,A,A,A,A,0,0,0,0,0,0,0,0,20,18.56098141,29.75782695,75,0.550536675,18.81774907,13.21799587,3.24818748
STHWK,E41,0,A,A,A,3,Y,30,A,0,5,2,6,3,4,3,0,0,0,3,Both,0,A,A,A,A,0,0,0,0,2,85,0,0,35,87.03237822,41.03780971,65,0.638536675,22.41774907,13.21799587,4.14818748
STHWK,E43,0,A,A,A,2,Y,40,A,0,3,3,4,1,2,3,0,0,0,1,Chin,0,A,A,A,A,0,0,0,0,1,80,0,0,55,336.7226912,52.08690449,45,0.712536675,25.91774907,12.41799587,5.37318748
STHWK,E44,0,A,A,A,2,Y,75,A,0,2,3,5,2,3,0,0,0,0,1,Chin,0,A,A,A,A,0,0,0,0,2,145,0,0,85,315.7265531,56.09559981,15,0.592536675,22.81774907,10.01799587,4.29818748
STRTS,C5,0,A,A,A,2,Y,65,A,0,2,0,0,2,3,1,2,1,10,1,Pin,0,A,A,A,A,0,0,0,0,0,0,0,0,65,417.8665812,41.77081282,35,0.712820901,25.60896931,14.91189467,6.185427063
STRTS,C4,0,A,A,A,2,Y,35,A,0,2,2,2,2,4,0,0,1,5,1,Pin,0,A,A,A,A,0,0,0,0,0,0,0,0,80,173.8423815,33.449468,20,0.617820901,23.60896931,15.71189467,4.185427063
STRTS,C3,0,A,A,A,2,Y,45,A,0,3,2,2,2,3,2,0,1,10,3,Both,0,A,A,A,A,0,0,0,0,0,0,0,0,45,169.7630839,35.2209654,55,0.647820901,24.40896931,15.81189467,5.285427063
STRTS,C2,0,A,A,A,2,Y,35,A,0,2,0,0,2,2,0,0,2,5,1,Pin,0,A,A,A,A,0,0,0,0,0,0,0,0,80,175.9298634,38.1939951,20,0.565820901,22.50896931,13.91189467,4.035427063
STRTS,C1,0,A,A,A,2,Y,15,A,0,2,0,0,1,3,2,0,1,5,1,Pin,0,A,A,A,A,0,0,0,0,0,0,0,0,65,597.0997046,43.31840889,35,0.784820901,23.30896931,13.21189467,7.610427063
WINDW,C2,0,A,P,A,2,Y,5,A,0,0,2,1,3,3,0,0,0,0,3,Chin,0,A,A,A,A,0,0,0,0,0,0,0,0,85,952.5934495,61.31650963,15,0.853998846,21.80245302,8.433949812,7.305383203
WINDW,C5,0,A,A,A,2,Y,20,A,0,1,2,2,3,3,0,0,0,0,3,Chin,0,A,A,A,A,0,0,0,0,0,0,0,0,70,903.1332545,48.80325918,30,0.848998846,27.80245302,14.23394981,7.780383203
WINDW,C4,0,A,A,A,2,Y,25,A,0,1,0,0,3,3,0,0,0,0,3,Chin,0,A,A,A,A,0,0,0,0,0,0,0,0,75,733.8131529,45.49960383,25,0.724998846,28.50245302,15.53394981,6.930383203
WINDW,C3,0,A,A,A,2,Y,15,A,0,1,0,0,2,3,0,0,0,0,3,Chin,0,A,A,A,A,0,0,0,0,0,0,0,0,65,476.6872106,43.76881507,35,0.652998846,26.20245302,14.73394981,6.380383203
WINDW,C1,0,A,A,A,2,Y,5,P,0,2,0,0,2,2,0,0,0,0,3,Chin,0,A,A,A,A,0,0,0,0,0,0,0,0,75,821.6616033,58.86062767,25,0.778998846,22.20245302,9.133949812,7.305383203
WINDW,A7,0,A,A,A,2,N,0,A,0,1,2,6,2,3,0,2,0,0,3,Chin,0,A,A,A,A,0,0,0,0,0,0,0,0,55,360.5979221,51.83802471,45,0.801998846,22.70245302,10.93394981,5.955383203
WINDW,A14,2,A,P,A,2,Y,10,A,0,1,0,0,3,3,0,0,0,0,3,Chin,0,A,A,A,A,0,0,0,0,0,0,0.449590967,0,65,378.5377162,54.31859266,35,0.707998846,30.50245302,13.93394981,4.730383203
WINDW,A8,0,A,A,A,4,N,0,A,0,1,4,6,3,2,0,3,0,0,3,Chin,0,A,A,A,A,0,0,5,84,0,0,0,0.820906521,0,0,42.91638195,100,0.455998846,17.40245302,9.933949812,2.305383203
WINDW,A6,0,A,A,A,2,Y,10,A,0,1,2,5,3,3,0,0,0,0,3,Chin,0,A,A,A,A,0,0,0,0,0,0,0,0,55,149.6938379,36.94052914,45,0.434998846,25.90245302,16.33394981,4.255383203
WINDW,A11,0,A,P,A,3,Y,5,A,0,1,2,6,3,3,0,2,0,0,3,Chin,0,A,A,A,A,3,133.3333333,6,108.3333333,0,0,0,1.379233059,45,599.1196397,58.57799163,55,0.951998846,20.60245302,8.533949812,8.380383203
WINDW,A15,0,A,A,A,2,Y,5,A,0,1,2,2,2,3,0,0,0,0,3,Chin,0,A,A,A,A,0,0,1,200,0,0,0,0.625057294,55,350.0515036,45.73061886,45,0.678998846,27.70245302,15.03394981,5.655383203
WINDW,A17,0,A,A,A,3,Y,10,A,0,1,2,5,3,3,4,0,0,0,3,Chin,0,A,A,A,A,3,56.66666667,5,44,0,0,0,0.371234166,50,106.3863208,49.10877345,50,0.551998846,20.50245302,10.43394981,3.667883203
WINDW,A10,0,A,A,A,3,Y,5,A,40,1,2,6,3,3,4,0,0,0,3,Chin,0,A,A,A,A,0,0,5,104,0,0,0,1.105602885,33,88.14155023,52.24625767,45,0.518998846,20.80245302,9.933949812,3.955383203
WINDW,A13,0,A,A,A,4,N,0,A,0,1,2,6,3,3,0,3,0,0,3,Chin,0,A,A,A,A,0,0,5,106,0,0,0,1.468201989,15,4.838885183,46.59275016,85,0.405998846,17.10245302,9.133949812,1.605383203
WINDW,A12,2,A,A,A,2,N,0,A,0,1,3,4,3,3,0,3,0,0,3,Chin,0,A,A,A,A,0,0,5,58,0,0,0.378940861,0.21245951,50,432.0048455,45.20082382,50,0.839998846,23.60245302,12.93394981,7.180383203
WINDW,A18,0,A,P,A,3,N,0,A,40,1,2,6,3,2,4,3,0,0,3,Chin,0,A,A,A,A,0,0,6,130,0,0,0,2.236777539,33,62.06653631,37.92464636,45,0.480998846,21.80245302,13.53394981,3.805383203
WINDW,A19,0,A,A,A,2,Y,10,P,0,1,2,6,3,4,0,0,0,0,3,Chin,0,A,A,A,A,1,200,3,160,0,0,0,2.079343774,60,234.5929796,51.63369448,40,0.595998846,28.60245302,13.83394981,4.105383203
WINDW,A16,0,A,A,A,2,Y,10,A,0,1,2,6,3,3,0,3,0,0,3,Chin,0,A,A,A,A,0,0,23,52.17391304,0,0,0,0.913755086,20,127.1394884,44.49343708,80,0.726998846,24.20245302,13.43394981,6.130383203
WINDW,A20,0,A,A,A,2,Y,5,A,0,1,2,6,2,3,0,3,0,0,3,Chin,0,A,A,A,A,0,0,11,93.63636364,0,0,0,1.480925853,25,150.3872806,43.15434408,75,0.690998846,27.50245302,15.63394981,5.680383203