Site,Tree,NathanID,Severity,MG_leaf,MG_soil,MG_stem,ITS_Leaf,ITS_Stem,ITS_Soil,rRNA_16S_Leaf,rRNA_16S_Soil,rRNA_16S_Stem
RWDN,C1,S2,Control,FO253,F257,FOS263,Leaf_ITS_F21_R17,Stem_ITS_F21_R22,Soil_ITS_F21_R19,Leaf_16S_F21_R17,Soil_16S_F21_R19,Stem_16S_F21_R22
RWDN,C2,S4,Control,FO254,F258,FOS264,Leaf_ITS_F21_R18,Stem_ITS_F21_R23,Soil_ITS_F21_R20,Leaf_16S_F21_R18,Soil_16S_F21_R20,Stem_16S_F21_R23
RWDN,C3,S5,Control,FO52,F53,FOS54,Leaf_ITS_F7_R4,Stem_ITS_F7_R5,Soil_ITS_F7_R5,Leaf_16S_F7_R4,Soil_16S_F7_R5,Stem_16S_F7_R5
RWDN,C4,E7,Control,FO140,F142,FOS145,Leaf_ITS_F6_R12,Stem_ITS_F6_R16,Soil_ITS_F6_R14,Leaf_16S_F6_R12,Soil_16S_F6_R14,Stem_16S_F6_R16
RWDN,C5,E2,Control,FO77,F79,FOS80,Leaf_ITS_F10_R5,Stem_ITS_F10_R7,Soil_ITS_F10_R7,Leaf_16S_F10_R5,Soil_16S_F10_R7,Stem_16S_F10_R7
SAW,C1,S1,Control,FO54,F55,FOS56,Leaf_ITS_F7_R6,Stem_ITS_F7_R7,Soil_ITS_F7_R7,Leaf_16S_F7_R6,Soil_16S_F7_R7,Stem_16S_F7_R7
SAW,C2,S3,Control,FO285,F290,FOS296,Leaf_ITS_F13_R2,Stem_ITS_F13_R7,Soil_ITS_F13_R4,Leaf_16S_F13_R2,Soil_16S_F13_R4,Stem_16S_F13_R7
SAW,C3,S7,Control,FO53,F54,FOS55,Leaf_ITS_F7_R5,Stem_ITS_F7_R6,Soil_ITS_F7_R6,Leaf_16S_F7_R5,Soil_16S_F7_R6,Stem_16S_F7_R6
SAW,C4,N6,Control,FO197,F201,FOS205,Leaf_ITS_F13_R23,Stem_ITS_F14_R20,Soil_ITS_F14_R17,Leaf_16S_F13_R23,Soil_16S_F14_R17,Stem_16S_F14_R20
SAW,C5,N3,Control,FO78,F80,FOS81,Leaf_ITS_F10_R6,Stem_ITS_F10_R8,Soil_ITS_F10_R8,Leaf_16S_F10_R6,Soil_16S_F10_R8,Stem_16S_F10_R8
MTRD,C1,W3,Control,FO281,F286,FOS292,Leaf_ITS_F24_R22,Stem_ITS_F13_R3,Soil_ITS_F24_R24,Leaf_16S_F24_R22,Soil_16S_F24_R24,Stem_16S_F13_R3
MTRD,C2,E1,Control,FO223,F227,FOS232,Leaf_ITS_F17_R18,Stem_ITS_F17_R23,Soil_ITS_F17_R21,Leaf_16S_F17_R18,Soil_16S_F17_R21,Stem_16S_F17_R23
MTRD,C3,E4,Control,FO74,F76,FOS77,Leaf_ITS_F10_R2,Stem_ITS_F10_R4,Soil_ITS_F10_R4,Leaf_16S_F10_R2,Soil_16S_F10_R4,Stem_16S_F10_R4
MTRD,C4,N6,Control,FO73,F75,FOS75,Leaf_ITS_F10_R1,Stem_ITS_F10_R2,Soil_ITS_F10_R3,Leaf_16S_F10_R1,Soil_16S_F10_R3,Stem_16S_F10_R2
MTRD,C5,N4,Control,FO222,F226,FOS231,Leaf_ITS_F17_R17,Stem_ITS_F17_R22,Soil_ITS_F17_R20,Leaf_16S_F17_R17,Soil_16S_F17_R20,Stem_16S_F17_R22
GMKW,C1,18,Control,FO267,F272,FOS277,Leaf_ITS_F22_R24,Stem_ITS_F23_R20,Soil_ITS_F23_R18,Leaf_16S_F22_R24,Soil_16S_F23_R18,Stem_16S_F23_R20
GMKW,C2,1A,Control,FO239,F243,FOS248,Leaf_ITS_F19_R19,Stem_ITS_F19_R23,Soil_ITS_F19_R21,Leaf_16S_F19_R19,Soil_16S_F19_R21,Stem_16S_F19_R23
GMKW,C3,1B,Control,FO25,R5,FOS7,Leaf_ITS_F4_R1,Stem_ITS_F1_R7,Soil_ITS_F1_R7,Leaf_16S_F4_R1,Soil_16S_F1_R7,Stem_16S_F1_R7
GMKW,C4,1C,Control,FO266,F271,FOS276,Leaf_ITS_F22_R23,Stem_ITS_F23_R19,Soil_ITS_F23_R17,Leaf_16S_F22_R23,Soil_16S_F23_R17,Stem_16S_F23_R19
GMKW,C5,16,Control,FO65,F66,FOS67,Leaf_ITS_F9_R1,Stem_ITS_F9_R2,Soil_ITS_F9_R2,Leaf_16S_F9_R1,Soil_16S_F9_R2,Stem_16S_F9_R2
GMKW,A6,4,Low,FO94,F96,FOS97,Leaf_ITS_F12_R6,Stem_ITS_F12_R8,Soil_ITS_F12_R8,Leaf_16S_F12_R6,Soil_16S_F12_R8,Stem_16S_F12_R8
GMKW,A7,2,Low,FO182,F186,FOS189,Leaf_ITS_F11_R16,Stem_ITS_F12_R12,Soil_ITS_F12_R10,Leaf_16S_F11_R16,Soil_16S_F12_R10,Stem_16S_F12_R12
GMKW,A8,1,Low,FO237,F241,FOS246,Leaf_ITS_F19_R17,Stem_ITS_F19_R21,Soil_ITS_F19_R19,Leaf_16S_F19_R17,Soil_16S_F19_R19,Stem_16S_F19_R21
GMKW,A9,1D,Low,FO183,F187,FOS190,Leaf_ITS_F12_R9,Stem_ITS_F12_R13,Soil_ITS_F12_R11,Leaf_16S_F12_R9,Soil_16S_F12_R11,Stem_16S_F12_R13
GMKW,A10,10,Low,FO95,F97,FOS98,Leaf_ITS_F12_R7,Stem_ITS_F1_R9,Soil_ITS_F1_R9,Leaf_16S_F12_R7,Soil_16S_F1_R9,Stem_16S_F1_R9
GMKW,A11,3,Medium,FO122,F124,FOS126,Leaf_ITS_F4_R10,Stem_ITS_F4_R13,Soil_ITS_F4_R12,Leaf_16S_F4_R10,Soil_16S_F4_R12,Stem_16S_F4_R13
GMKW,A12,5,Medium,FO240,F125,FOS249,Leaf_ITS_F19_R20,Stem_ITS_F19_R24,Soil_ITS_F4_R13,Leaf_16S_F19_R20,Soil_16S_F4_R13,Stem_16S_F19_R24
GMKW,A13,7,Medium,FO153,F155,FOS158,Leaf_ITS_F8_R9,Stem_ITS_F8_R13,Soil_ITS_F8_R11,Leaf_16S_F8_R9,Soil_16S_F8_R11,Stem_16S_F8_R13
GMKW,A14,9,Medium,FO64,F65,FOS66,Leaf_ITS_F8_R8,Stem_ITS_F9_R1,Soil_ITS_F9_R1,Leaf_16S_F8_R8,Soil_16S_F9_R1,Stem_16S_F9_R1
GMKW,A15,12,Medium,FO265,F270,FOS275,Leaf_ITS_F22_R22,Stem_ITS_F23_R18,Soil_ITS_F22_R24,Leaf_16S_F22_R22,Soil_16S_F22_R24,Stem_16S_F23_R18
GMKW,A16,13,Medium,FO208,F212,FOS216,Leaf_ITS_F15_R19,Stem_ITS_F15_R23,Soil_ITS_F15_R20,Leaf_16S_F15_R19,Soil_16S_F15_R20,Stem_16S_F15_R23
GMKW,A17,14,High,FO17,R4,FOS6,Leaf_ITS_F3_R1,Stem_ITS_F1_R6,Soil_ITS_F1_R6,Leaf_16S_F3_R1,Soil_16S_F1_R6,Stem_16S_F1_R6
GMKW,A18,15,High,FO238,F242,FOS247,Leaf_ITS_F19_R18,Stem_ITS_F19_R22,Soil_ITS_F19_R20,Leaf_16S_F19_R18,Soil_16S_F19_R20,Stem_16S_F19_R22
GMKW,A19,11,High,FO121,F123,FOS125,Leaf_ITS_F4_R9,Stem_ITS_F4_R12,Soil_ITS_F4_R11,Leaf_16S_F4_R9,Soil_16S_F4_R11,Stem_16S_F4_R12
GMKW,A20,8,High,FO123,F244,FOS127,Leaf_ITS_F4_R11,Stem_ITS_F4_R14,Soil_ITS_F19_R22,Leaf_16S_F4_R11,Soil_16S_F19_R22,Stem_16S_F4_R14
STRTS,C1,W2,Control,FO258,F262,FOS268,Leaf_ITS_F21_R22,Stem_ITS_F22_R19,Soil_ITS_F21_R24,Leaf_16S_F21_R22,Soil_16S_F21_R24,Stem_16S_F22_R19
STRTS,C2,E5,Control,FO171,F174,FOS177,Leaf_ITS_F10_R11,Stem_ITS_F10_R16,Soil_ITS_F10_R14,Leaf_16S_F10_R11,Soil_16S_F10_R14,Stem_16S_F10_R16
STRTS,C3,N6,Control,FO84,F86,FOS87,Leaf_ITS_F11_R4,Stem_ITS_F11_R6,Soil_ITS_F11_R6,Leaf_16S_F11_R4,Soil_16S_F11_R6,Stem_16S_F11_R6
STRTS,C4,N5,Control,FO6,F27,FOS27,Leaf_ITS_F1_R6,Stem_ITS_F4_R3,Soil_ITS_F4_R3,Leaf_16S_F1_R6,Soil_16S_F4_R3,Stem_16S_F4_R3
STRTS,C5,N3,Control,FO286,F291,FOS297,Leaf_ITS_F13_R3,Stem_ITS_F13_R8,Soil_ITS_F13_R5,Leaf_16S_F13_R3,Soil_16S_F13_R5,Stem_16S_F13_R8
HTCH,C1,1244,Control,FO103,F105,FOS107,Leaf_ITS_F1_R15,Stem_ITS_F2_R10,Soil_ITS_F2_R9,Leaf_16S_F1_R15,Soil_16S_F2_R9,Stem_16S_F2_R10
HTCH,C2,18,Control,FO160,F162,FOS165,Leaf_ITS_F8_R16,Stem_ITS_F9_R12,Soil_ITS_F9_R10,Leaf_16S_F8_R16,Soil_16S_F9_R10,Stem_16S_F9_R12
HTCH,C3,1196,Control,FO9,F12,FOS12,Leaf_ITS_F2_R1,Stem_ITS_F2_R4,Soil_ITS_F2_R4,Leaf_16S_F2_R1,Soil_16S_F2_R4,Stem_16S_F2_R4
HTCH,C4,12,Control,FO16,F14,FOS14,Leaf_ITS_F2_R8,Stem_ITS_F2_R6,Soil_ITS_F2_R6,Leaf_16S_F2_R8,Soil_16S_F2_R6,Stem_16S_F2_R6
HTCH,C5,1287,Control,FO159,F161,FOS164,Leaf_ITS_F8_R15,Stem_ITS_F9_R11,Soil_ITS_F9_R9,Leaf_16S_F8_R15,Soil_16S_F9_R9,Stem_16S_F9_R11
HTCH,A6,15,Low,FO69,F70,FOS71,Leaf_ITS_F9_R5,Stem_ITS_F9_R6,Soil_ITS_F9_R6,Leaf_16S_F9_R5,Soil_16S_F9_R6,Stem_16S_F9_R6
HTCH,A7,13,Low,FO128,F130,FOS132,Leaf_ITS_F4_R16,Stem_ITS_F5_R11,Soil_ITS_F5_R10,Leaf_16S_F4_R16,Soil_16S_F5_R10,Stem_16S_F5_R11
HTCH,A8,11,Low,FO186,F190,FOS193,Leaf_ITS_F12_R12,Stem_ITS_F12_R16,Soil_ITS_F12_R14,Leaf_16S_F12_R12,Soil_16S_F12_R14,Stem_16S_F12_R16
HTCH,A9,1272,Low,FO245,F249,FOS254,Leaf_ITS_F20_R17,Stem_ITS_F20_R21,Soil_ITS_F20_R19,Leaf_16S_F20_R17,Soil_16S_F20_R19,Stem_16S_F20_R21
HTCH,A10,1284,Low,FO273,F278,FOS283,Leaf_ITS_F23_R22,Stem_ITS_F24_R18,Soil_ITS_F23_R24,Leaf_16S_F23_R22,Soil_16S_F23_R24,Stem_16S_F24_R18
HTCH,A11,1359,Low,FO70,F71,FOS72,Leaf_ITS_F9_R6,Stem_ITS_F9_R7,Soil_ITS_F9_R7,Leaf_16S_F9_R6,Soil_16S_F9_R7,Stem_16S_F9_R7
HTCH,A12,1199,Low,FO127,F129,FOS131,Leaf_ITS_F4_R15,Stem_ITS_F5_R10,Soil_ITS_F5_R9,Leaf_16S_F4_R15,Soil_16S_F5_R9,Stem_16S_F5_R10
HTCH,A13,1237,Low,FO7,F11,FOS11,Leaf_ITS_F1_R7,Stem_ITS_F2_R3,Soil_ITS_F2_R3,Leaf_16S_F1_R7,Soil_16S_F2_R3,Stem_16S_F2_R3
HTCH,A14,1248,Low,FO185,F189,FOS192,Leaf_ITS_F12_R11,Stem_ITS_F12_R15,Soil_ITS_F12_R13,Leaf_16S_F12_R11,Soil_16S_F12_R13,Stem_16S_F12_R15
HTCH,A15,1150,Low,FO129,F131,FOS133,Leaf_ITS_F5_R9,Stem_ITS_F5_R12,Soil_ITS_F5_R11,Leaf_16S_F5_R9,Soil_16S_F5_R11,Stem_16S_F5_R12
HTCH,A16,1243,Medium,FO274,F279,FOS284,Leaf_ITS_F23_R23,Stem_ITS_F24_R19,Soil_ITS_F24_R17,Leaf_16S_F23_R23,Soil_16S_F24_R17,Stem_16S_F24_R19
HTCH,A17,1246,High,FO14,R8,FOS13,Leaf_ITS_F2_R6,Stem_ITS_F2_R5,Soil_ITS_F2_R5,Leaf_16S_F2_R6,Soil_16S_F2_R5,Stem_16S_F2_R5
HTCH,A18,1,High,FO246,F250,FOS255,Leaf_ITS_F20_R18,Stem_ITS_F20_R22,Soil_ITS_F20_R20,Leaf_16S_F20_R18,Soil_16S_F20_R20,Stem_16S_F20_R22
HTCH,A19,17,High,FO272,F277,FOS282,Leaf_ITS_F23_R21,Stem_ITS_F24_R17,Soil_ITS_F23_R23,Leaf_16S_F23_R21,Soil_16S_F23_R23,Stem_16S_F24_R17
HTCH,A20,19,High,FO215,F219,FOS223,Leaf_ITS_F16_R18,Stem_ITS_F16_R22,Soil_ITS_F16_R21,Leaf_16S_F16_R18,Soil_16S_F16_R21,Stem_16S_F16_R22
ASHC,C1,N4,Control,FO233,F237,FOS242,Leaf_ITS_F18_R21,Stem_ITS_F19_R17,Soil_ITS_F18_R23,Leaf_16S_F18_R21,Soil_16S_F18_R23,Stem_16S_F19_R17
ASHC,C2,N3,Control,FO205,F209,FOS213,Leaf_ITS_F14_R24,Stem_ITS_F15_R20,Soil_ITS_F15_R17,Leaf_16S_F14_R24,Soil_16S_F15_R17,Stem_16S_F15_R20
ASHC,C3,S2,Control,FO204,F208,FOS212,Leaf_ITS_F14_R23,Stem_ITS_F15_R19,Soil_ITS_F14_R24,Leaf_16S_F14_R23,Soil_16S_F14_R24,Stem_16S_F15_R19
ASHC,C5,W7,Control,FO60,F61,FOS62,Leaf_ITS_F8_R4,Stem_ITS_F8_R5,Soil_ITS_F8_R5,Leaf_16S_F8_R4,Soil_16S_F8_R5,Stem_16S_F8_R5
ASHC,C6,W8,Control,FO232,F236,FOS241,Leaf_ITS_F18_R20,Stem_ITS_F18_R24,Soil_ITS_F18_R22,Leaf_16S_F18_R20,Soil_16S_F18_R22,Stem_16S_F18_R24
TAWWD,C1,S2,Control,FO300,F175,FOS178,Leaf_ITS_F15_R1,Stem_ITS_F11_R9,Soil_ITS_F10_R15,Leaf_16S_F15_R1,Soil_16S_F10_R15,Stem_16S_F11_R9
TAWWD,C2,S6,Control,FO259,F263,FOS269,Leaf_ITS_F21_R23,Stem_ITS_F22_R20,Soil_ITS_F22_R17,Leaf_16S_F21_R23,Soil_16S_F22_R17,Stem_16S_F22_R20
TAWWD,C3,E5,Control,FO144,F146,FOS149,Leaf_ITS_F6_R16,Stem_ITS_F7_R12,Soil_ITS_F7_R10,Leaf_16S_F6_R16,Soil_16S_F7_R10,Stem_16S_F7_R12
TAWWD,C4,N1,Control,FO29,F28,FOS28,Leaf_ITS_F4_R5,Stem_ITS_F4_R4,Soil_ITS_F4_R4,Leaf_16S_F4_R5,Soil_16S_F4_R4,Stem_16S_F4_R4
TAWWD,C5,W1,Control,FO287,F292,FOS298,Leaf_ITS_F13_R4,Stem_ITS_F14_R1,Soil_ITS_F13_R6,Leaf_16S_F13_R4,Soil_16S_F13_R6,Stem_16S_F14_R1
RCHMD,C1,Control C,Control,FO26,F21,FOS22,Leaf_ITS_F4_R2,Stem_ITS_F3_R6,Soil_ITS_F3_R5,Leaf_16S_F4_R2,Soil_16S_F3_R5,Stem_16S_F3_R6
RCHMD,C2,Control 36,Control,FO108,F110,FOS112,Leaf_ITS_F2_R12,Stem_ITS_F2_R15,Soil_ITS_F2_R14,Leaf_16S_F2_R12,Soil_16S_F2_R14,Stem_16S_F2_R15
RCHMD,C3,Control 61,Control,FO76,NA,FOS79,Leaf_ITS_F10_R4,Stem_ITS_F10_R6,Soil_ITS_F10_R6,Leaf_16S_F10_R4,Soil_16S_F10_R6,Stem_16S_F10_R6
RCHMD,C4,Control A,Control,FO139,F141,FOS144,Leaf_ITS_F6_R11,Stem_ITS_F6_R15,Soil_ITS_F6_R13,Leaf_16S_F6_R11,Soil_16S_F6_R13,Stem_16S_F6_R15
RCHMD,C5,Control B,Control,FO284,F289,FOS295,Leaf_ITS_F13_R1,Stem_ITS_F13_R6,Soil_ITS_F13_R3,Leaf_16S_F13_R1,Soil_16S_F13_R3,Stem_16S_F13_R6
RCHMD,A6,AOD Med C,Medium,FO22,F20,FOS21,Leaf_ITS_F3_R6,Stem_ITS_F3_R5,Soil_ITS_F3_R4,Leaf_16S_F3_R6,Soil_16S_F3_R4,Stem_16S_F3_R5
RCHMD,A7,150,Medium,FO168,F171,FOS174,Leaf_ITS_F9_R16,Stem_ITS_F10_R13,Soil_ITS_F10_R11,Leaf_16S_F9_R16,Soil_16S_F10_R11,Stem_16S_F10_R13
RCHMD,A8,318,High,FO75,F77,FOS78,Leaf_ITS_F10_R3,Stem_ITS_F10_R5,Soil_ITS_F10_R5,Leaf_16S_F10_R3,Soil_16S_F10_R5,Stem_16S_F10_R5
RCHMD,A9,7401,Medium,FO282,F287,FOS293,Leaf_ITS_F24_R23,Stem_ITS_F13_R4,Soil_ITS_F13_R1,Leaf_16S_F24_R23,Soil_16S_F13_R1,Stem_16S_F13_R4
RCHMD,A10,19,Medium,FO15,F19,FOS20,Leaf_ITS_F2_R7,Stem_ITS_F3_R4,Soil_ITS_F3_R3,Leaf_16S_F2_R7,Soil_16S_F3_R3,Stem_16S_F3_R4
RCHMD,A11,100,Medium,FO51,F52,FOS53,Leaf_ITS_F7_R3,Stem_ITS_F7_R4,Soil_ITS_F7_R4,Leaf_16S_F7_R3,Soil_16S_F7_R4,Stem_16S_F7_R4
RCHMD,A12,135,Low,FO252,F256,FOS262,Leaf_ITS_F20_R24,Stem_ITS_F21_R21,Soil_ITS_F21_R18,Leaf_16S_F20_R24,Soil_16S_F21_R18,Stem_16S_F21_R21
RCHMD,A13,118,Low,FO224,F228,FOS233,Leaf_ITS_F17_R19,Stem_ITS_F17_R24,Soil_ITS_F17_R22,Leaf_16S_F17_R19,Soil_16S_F17_R22,Stem_16S_F17_R24
RCHMD,A14,121,High,FO196,F200,FOS204,Leaf_ITS_F13_R22,Stem_ITS_F14_R19,Soil_ITS_F13_R24,Leaf_16S_F13_R22,Soil_16S_F13_R24,Stem_16S_F14_R19
RCHMD,A15,908,Medium,FO109,F111,FOS113,Leaf_ITS_F2_R13,Stem_ITS_F2_R16,Soil_ITS_F2_R15,Leaf_16S_F2_R13,Soil_16S_F2_R15,Stem_16S_F2_R16
RCHMD,A16,AOD Low A,Low,FO283,NA,FOS294,Leaf_ITS_F24_R24,Stem_ITS_F13_R5,Soil_ITS_F13_R2,Leaf_16S_F24_R24,Soil_16S_F13_R2,Stem_16S_F13_R5
RCHMD,A17,AOD Med B,Medium,FO251,F255,FOS261,Leaf_ITS_F20_R23,Stem_ITS_F21_R20,Soil_ITS_F21_R17,Leaf_16S_F20_R23,Soil_16S_F21_R17,Stem_16S_F21_R20
RCHMD,A18,1104,Medium,FO138,F140,FOS143,Leaf_ITS_F6_R10,Stem_ITS_F6_R14,Soil_ITS_F6_R12,Leaf_16S_F6_R10,Soil_16S_F6_R12,Stem_16S_F6_R14
RCHMD,A19,Low B,Low,FO166,F169,FOS172,Leaf_ITS_F9_R14,Stem_ITS_F10_R11,Soil_ITS_F10_R9,Leaf_16S_F9_R14,Soil_16S_F10_R9,Stem_16S_F10_R11
RCHMD,A20,High A,High,FO167,F170,FOS173,Leaf_ITS_F9_R15,Stem_ITS_F10_R12,Soil_ITS_F10_R10,Leaf_16S_F9_R15,Soil_16S_F10_R10,Stem_16S_F10_R12
WLDCP,C1,E1,Control,FO87,NA,FOS90,Leaf_ITS_F11_R7,Stem_ITS_F12_R1,Soil_ITS_F12_R1,Leaf_16S_F11_R7,Soil_16S_F12_R1,Stem_16S_F12_R1
WLDCP,C2,S1,Control,FO230,F234,FOS239,Leaf_ITS_F18_R17,Stem_ITS_F18_R22,Soil_ITS_F18_R20,Leaf_16S_F18_R17,Soil_16S_F18_R20,Stem_16S_F18_R22
WLDCP,C3,S3,Control,FO231,NA,FOS240,Leaf_ITS_F18_R18,Stem_ITS_F18_R23,Soil_ITS_F18_R21,Leaf_16S_F18_R18,Soil_16S_F18_R21,Stem_16S_F18_R23
WLDCP,C4,W4,Control,FO260,NA,FOS270,Leaf_ITS_F21_R24,Stem_ITS_F22_R21,Soil_ITS_F22_R19,Leaf_16S_F21_R24,Soil_16S_F22_R19,Stem_16S_F22_R21
WLDCP,C5,E6,Control,FO299,F304,FOS310,Leaf_ITS_F14_R8,Stem_ITS_F15_R5,Soil_ITS_F15_R2,Leaf_16S_F14_R8,Soil_16S_F15_R2,Stem_16S_F15_R5
MALDW,C1,1,Control,FO162,F164,FOS168,Leaf_ITS_F9_R10,Stem_ITS_F9_R15,Soil_ITS_F9_R12,Leaf_16S_F9_R10,Soil_16S_F9_R12,Stem_16S_F9_R15
MALDW,C2,2,Control,FO193,F197,FOS201,Leaf_ITS_F13_R19,Stem_ITS_F13_R24,Soil_ITS_F13_R21,Leaf_16S_F13_R19,Soil_16S_F13_R21,Stem_16S_F13_R24
MALDW,C3,3,Control,FO249,NA,FOS259,Leaf_ITS_F20_R21,Stem_ITS_F21_R18,Soil_ITS_F20_R23,Leaf_16S_F20_R21,Soil_16S_F20_R23,Stem_16S_F21_R18
MALDW,C4,4,Control,FO3,F16,FOS17,Leaf_ITS_F1_R3,Stem_ITS_F3_R1,Soil_ITS_F2_R8,Leaf_16S_F1_R3,Soil_16S_F2_R8,Stem_16S_F3_R1
MALDW,C5,8,Control,FO72,F74,FOS74,Leaf_ITS_F9_R8,Stem_ITS_F10_R1,Soil_ITS_F10_R2,Leaf_16S_F9_R8,Soil_16S_F10_R2,Stem_16S_F10_R1
LINEAG,C1,1,Control,FO275,F280,FOS285,Leaf_ITS_F23_R24,Stem_ITS_F24_R20,Soil_ITS_F24_R18,Leaf_16S_F23_R24,Soil_16S_F24_R18,Stem_16S_F24_R20
LINEAG,C2,2,Control,FO161,F163,FOS167,Leaf_ITS_F9_R9,Stem_ITS_F9_R14,Soil_ITS_F9_R11,Leaf_16S_F9_R9,Soil_16S_F9_R11,Stem_16S_F9_R14
LINEAG,C3,3,Control,FO130,F132,FOS134,Leaf_ITS_F5_R10,Stem_ITS_F5_R13,Soil_ITS_F5_R12,Leaf_16S_F5_R10,Soil_16S_F5_R12,Stem_16S_F5_R13
LINEAG,C4,4,Control,FO41,F42,FOS42,Leaf_ITS_F6_R1,Stem_ITS_F6_R2,Soil_ITS_F6_R2,Leaf_16S_F6_R1,Soil_16S_F6_R2,Stem_16S_F6_R2
LINEAG,C5,5,Control,FO104,F106,FOS108,Leaf_ITS_F1_R16,Stem_ITS_F2_R11,Soil_ITS_F2_R10,Leaf_16S_F1_R16,Soil_16S_F2_R10,Stem_16S_F2_R11
WINDW,C1,19,Control,FO229,F233,FOS238,Leaf_ITS_F17_R24,Stem_ITS_F18_R21,Soil_ITS_F18_R19,Leaf_16S_F17_R24,Soil_16S_F18_R19,Stem_16S_F18_R21
WINDW,C2,27,Control,FO228,F232,FOS237,Leaf_ITS_F17_R23,Stem_ITS_F18_R20,Soil_ITS_F18_R18,Leaf_16S_F17_R23,Soil_16S_F18_R18,Stem_16S_F18_R20
WINDW,C3,253,Control,FO115,NA,FOS119,Leaf_ITS_F3_R11,Stem_ITS_F3_R14,Soil_ITS_F3_R13,Leaf_16S_F3_R11,Soil_16S_F3_R13,Stem_16S_F3_R14
WINDW,C4,186,Control,FO85,F87,FOS88,Leaf_ITS_F11_R5,Stem_ITS_F11_R7,Soil_ITS_F11_R7,Leaf_16S_F11_R5,Soil_16S_F11_R7,Stem_16S_F11_R7
WINDW,C5,116,Control,FO116,F118,FOS120,Leaf_ITS_F3_R12,Stem_ITS_F3_R15,Soil_ITS_F3_R14,Leaf_16S_F3_R12,Soil_16S_F3_R14,Stem_16S_F3_R15
WINDW,A6,16,Low,FO173,F177,FOS180,Leaf_ITS_F10_R13,Stem_ITS_F11_R11,Soil_ITS_F11_R9,Leaf_16S_F10_R13,Soil_16S_F11_R9,Stem_16S_F11_R11
WINDW,A7,63,Medium,FO172,F176,FOS179,Leaf_ITS_F10_R12,Stem_ITS_F11_R10,Soil_ITS_F10_R16,Leaf_16S_F10_R12,Soil_16S_F10_R16,Stem_16S_F11_R10
WINDW,A8,216,Low,FO145,F147,FOS150,Leaf_ITS_F7_R9,Stem_ITS_F7_R13,Soil_ITS_F7_R11,Leaf_16S_F7_R9,Soil_16S_F7_R11,Stem_16S_F7_R13
WINDW,A9,154,Medium,FO226,F230,FOS235,Leaf_ITS_F17_R21,Stem_ITS_F18_R18,Soil_ITS_F17_R24,Leaf_16S_F17_R21,Soil_16S_F17_R24,Stem_16S_F18_R18
WINDW,A10,184,Medium,FO58,F59,FOS60,Leaf_ITS_F8_R2,Stem_ITS_F8_R3,Soil_ITS_F8_R3,Leaf_16S_F8_R2,Soil_16S_F8_R3,Stem_16S_F8_R3
WINDW,A11,9,Medium,FO202,F206,FOS210,Leaf_ITS_F14_R20,Stem_ITS_F15_R17,Soil_ITS_F14_R22,Leaf_16S_F14_R20,Soil_16S_F14_R22,Stem_16S_F15_R17
WINDW,A12,2871,Medium,FO227,F231,FOS236,Leaf_ITS_F17_R22,Stem_ITS_F18_R19,Soil_ITS_F18_R17,Leaf_16S_F17_R22,Soil_16S_F18_R17,Stem_16S_F18_R19
WINDW,A13,251,Medium,FO8,F29,FOS29,Leaf_ITS_F1_R8,Stem_ITS_F4_R5,Soil_ITS_F4_R5,Leaf_16S_F1_R8,Soil_16S_F4_R5,Stem_16S_F4_R5
WINDW,A14,150,Low,FO201,F205,FOS209,Leaf_ITS_F14_R19,Stem_ITS_F14_R24,Soil_ITS_F14_R21,Leaf_16S_F14_R19,Soil_16S_F14_R21,Stem_16S_F14_R24
WINDW,A15,209,Medium,FO289,F294,FOS300,Leaf_ITS_F13_R6,Stem_ITS_F14_R3,Soil_ITS_F13_R8,Leaf_16S_F13_R6,Soil_16S_F13_R8,Stem_16S_F14_R3
WINDW,A16,187,High,NA,F88,FOS89,Leaf_ITS_F11_R6,Stem_ITS_F11_R8,Soil_ITS_F11_R8,Leaf_16S_F11_R6,Soil_16S_F11_R8,Stem_16S_F11_R8
WINDW,A17,171,Medium,FO288,NA,FOS299,Leaf_ITS_F13_R5,Stem_ITS_F14_R2,Soil_ITS_F13_R7,Leaf_16S_F13_R5,Soil_16S_F13_R7,Stem_16S_F14_R2
WINDW,A18,106,High,FO11,F30,FOS30,Leaf_ITS_F2_R3,Stem_ITS_F4_R6,Soil_ITS_F4_R6,Leaf_16S_F2_R3,Soil_16S_F4_R6,Stem_16S_F4_R6
WINDW,A19,109,High,FO114,F116,FOS118,Leaf_ITS_F3_R10,Stem_ITS_F3_R13,Soil_ITS_F3_R12,Leaf_16S_F3_R10,Soil_16S_F3_R12,Stem_16S_F3_R13
WINDW,A20,269,High,FO298,F303,FOS309,Leaf_ITS_F14_R7,Stem_ITS_F15_R4,Soil_ITS_F15_R1,Leaf_16S_F14_R7,Soil_16S_F15_R1,Stem_16S_F15_R4
SLCY,C1,W7,Control,FO79,F81,FOS82,Leaf_ITS_F10_R7,Stem_ITS_F11_R1,Soil_ITS_F11_R1,Leaf_16S_F10_R7,Soil_16S_F11_R1,Stem_16S_F11_R1
SLCY,C2,W3,Control,FO110,F112,FOS114,Leaf_ITS_F2_R14,Stem_ITS_F3_R9,Soil_ITS_F2_R16,Leaf_16S_F2_R14,Soil_16S_F2_R16,Stem_16S_F3_R9
SLCY,C3,W5,Control,FO111,F113,FOS115,Leaf_ITS_F2_R15,Stem_ITS_F3_R10,Soil_ITS_F3_R9,Leaf_16S_F2_R15,Soil_16S_F3_R9,Stem_16S_F3_R10
SLCY,C4,S3,Control,FO198,F202,FOS206,Leaf_ITS_F13_R24,Stem_ITS_F14_R21,Soil_ITS_F14_R18,Leaf_16S_F13_R24,Soil_16S_F14_R18,Stem_16S_F14_R21
SLCY,C5,E6,Control,FO296,F301,FOS307,Leaf_ITS_F14_R5,Stem_ITS_F15_R2,Soil_ITS_F14_R7,Leaf_16S_F14_R5,Soil_16S_F14_R7,Stem_16S_F15_R2
ANCST,C1,S7,Control,FO147,F149,FOS152,Leaf_ITS_F7_R11,Stem_ITS_F7_R15,Soil_ITS_F7_R13,Leaf_16S_F7_R11,Soil_16S_F7_R13,Stem_16S_F7_R15
ANCST,C2,W3,Control,FO203,F207,FOS211,Leaf_ITS_F14_R22,Stem_ITS_F15_R18,Soil_ITS_F14_R23,Leaf_16S_F14_R22,Soil_16S_F14_R23,Stem_16S_F15_R18
ANCST,C3,S2,Control,FO146,F148,FOS151,Leaf_ITS_F7_R10,Stem_ITS_F7_R14,Soil_ITS_F7_R12,Leaf_16S_F7_R10,Soil_16S_F7_R12,Stem_16S_F7_R14
ANCST,C4,E6,Control,FO59,F60,FOS61,Leaf_ITS_F8_R3,Stem_ITS_F8_R4,Soil_ITS_F8_R4,Leaf_16S_F8_R3,Soil_16S_F8_R4,Stem_16S_F8_R4
ANCST,C5,E7,Control,FO261,F266,FOS271,Leaf_ITS_F22_R18,Stem_ITS_F22_R22,Soil_ITS_F22_R20,Leaf_16S_F22_R18,Soil_16S_F22_R20,Stem_16S_F22_R22
SNDR,C1,S9,Control,FO112,F114,FOS116,Leaf_ITS_F2_R16,Stem_ITS_F3_R11,Soil_ITS_F3_R10,Leaf_16S_F2_R16,Soil_16S_F3_R10,Stem_16S_F3_R11
SNDR,C2,W6,Control,FO199,F203,FOS207,Leaf_ITS_F14_R17,Stem_ITS_F14_R22,Soil_ITS_F14_R19,Leaf_16S_F14_R17,Soil_16S_F14_R19,Stem_16S_F14_R22
SNDR,C3,E1,Control,FO19,F23,FOS24,Leaf_ITS_F3_R3,Stem_ITS_F3_R8,Soil_ITS_F3_R7,Leaf_16S_F3_R3,Soil_16S_F3_R7,Stem_16S_F3_R8
SNDR,C4,N5,Control,FO12,R9,FOS23,Leaf_ITS_F2_R4,Stem_ITS_F3_R7,Soil_ITS_F3_R6,Leaf_16S_F2_R4,Soil_16S_F3_R6,Stem_16S_F3_R7
SNDR,C5,E6,Control,FO80,NA,FOS83,Leaf_ITS_F10_R8,Stem_ITS_F11_R2,Soil_ITS_F11_R2,Leaf_16S_F10_R8,Soil_16S_F11_R2,Stem_16S_F11_R2
HLKH,C1,16,Control,FO66,F67,FOS68,Leaf_ITS_F9_R2,Stem_ITS_F9_R3,Soil_ITS_F9_R3,Leaf_16S_F9_R2,Soil_16S_F9_R3,Stem_16S_F9_R3
HLKH,C2,18,Control,FO210,F214,FOS218,Leaf_ITS_F15_R21,Stem_ITS_F16_R17,Soil_ITS_F15_R22,Leaf_16S_F15_R21,Soil_16S_F15_R22,Stem_16S_F16_R17
HLKH,C3,19,Control,FO37,F38,FOS38,Leaf_ITS_F5_R5,Stem_ITS_F5_R6,Soil_ITS_F5_R6,Leaf_16S_F5_R5,Soil_16S_F5_R6,Stem_16S_F5_R6
HLKH,C4,20,Control,FO268,F273,FOS278,Leaf_ITS_F23_R17,Stem_ITS_F23_R21,Soil_ITS_F23_R19,Leaf_16S_F23_R17,Soil_16S_F23_R19,Stem_16S_F23_R21
HLKH,C5,17,Control,FO5,R6,FOS8,Leaf_ITS_F1_R5,Stem_ITS_F1_R8,Soil_ITS_F1_R8,Leaf_16S_F1_R5,Soil_16S_F1_R8,Stem_16S_F1_R8
HLKH,A6,1,High,FO96,F98,FOS99,Leaf_ITS_F12_R8,Stem_ITS_F1_R10,Soil_ITS_F1_R10,Leaf_16S_F12_R8,Soil_16S_F1_R10,Stem_16S_F1_R10
HLKH,A7,2,Medium,FO155,F157,FOS160,Leaf_ITS_F8_R11,Stem_ITS_F8_R15,Soil_ITS_F8_R13,Leaf_16S_F8_R11,Soil_16S_F8_R13,Stem_16S_F8_R15
HLKH,A8,3,Medium,FO209,F213,FOS217,Leaf_ITS_F15_R20,Stem_ITS_F15_R24,Soil_ITS_F15_R21,Leaf_16S_F15_R20,Soil_16S_F15_R21,Stem_16S_F15_R24
HLKH,A9,4,Medium,FO243,F247,FOS252,Leaf_ITS_F19_R23,Stem_ITS_F20_R19,Soil_ITS_F20_R17,Leaf_16S_F19_R23,Soil_16S_F20_R17,Stem_16S_F20_R19
HLKH,A10,10,Low,FO241,F245,FOS250,Leaf_ITS_F19_R21,Stem_ITS_F20_R17,Soil_ITS_F19_R23,Leaf_16S_F19_R21,Soil_16S_F19_R23,Stem_16S_F20_R17
HLKH,A11,11,High,FO292,F297,FOS303,Leaf_ITS_F14_R1,Stem_ITS_F14_R6,Soil_ITS_F14_R3,Leaf_16S_F14_R1,Soil_16S_F14_R3,Stem_16S_F14_R6
HLKH,A12,12,Medium,FO34,F35,FOS35,Leaf_ITS_F5_R2,Stem_ITS_F5_R3,Soil_ITS_F5_R3,Leaf_16S_F5_R2,Soil_16S_F5_R3,Stem_16S_F5_R3
HLKH,A13,13,Low,FO212,F216,FOS220,Leaf_ITS_F15_R23,Stem_ITS_F16_R19,Soil_ITS_F15_R24,Leaf_16S_F15_R23,Soil_16S_F15_R24,Stem_16S_F16_R19
HLKH,A14,15,High,FO67,NA,FOS69,Leaf_ITS_F9_R3,Stem_ITS_F9_R4,Soil_ITS_F9_R4,Leaf_16S_F9_R3,Soil_16S_F9_R4,Stem_16S_F9_R4
HLKH,A15,9,Low,FO242,F246,FOS251,Leaf_ITS_F19_R22,Stem_ITS_F20_R18,Soil_ITS_F19_R24,Leaf_16S_F19_R22,Soil_16S_F19_R24,Stem_16S_F20_R18
HLKH,A16,14,Medium,FO36,F37,FOS37,Leaf_ITS_F5_R4,Stem_ITS_F5_R5,Soil_ITS_F5_R5,Leaf_16S_F5_R4,Soil_16S_F5_R5,Stem_16S_F5_R5
HLKH,A17,5,Medium,FO97,F99,FOS100,Leaf_ITS_F1_R9,Stem_ITS_F1_R11,Soil_ITS_F1_R11,Leaf_16S_F1_R9,Soil_16S_F1_R11,Stem_16S_F1_R11
HLKH,A18,6,High,FO35,F36,FOS36,Leaf_ITS_F5_R3,Stem_ITS_F5_R4,Soil_ITS_F5_R4,Leaf_16S_F5_R3,Soil_16S_F5_R4,Stem_16S_F5_R4
HLKH,A19,7,Low,FO211,F215,FOS219,Leaf_ITS_F15_R22,Stem_ITS_F16_R18,Soil_ITS_F15_R23,Leaf_16S_F15_R22,Soil_16S_F15_R23,Stem_16S_F16_R18
HLKH,A20,8,Low,FO154,F156,FOS159,Leaf_ITS_F8_R10,Stem_ITS_F8_R14,Soil_ITS_F8_R12,Leaf_16S_F8_R10,Soil_16S_F8_R12,Stem_16S_F8_R14
STHWK,C1,B7,Control,FO141,F143,FOS146,Leaf_ITS_F6_R13,Stem_ITS_F7_R9,Soil_ITS_F6_R15,Leaf_16S_F6_R13,Soil_16S_F6_R15,Stem_16S_F7_R9
STHWK,C2,B1,Control,FO297,F302,FOS308,Leaf_ITS_F14_R6,Stem_ITS_F15_R3,Soil_ITS_F14_R8,Leaf_16S_F14_R6,Soil_16S_F14_R8,Stem_16S_F15_R3
STHWK,C3,B17,Control,FO169,F172,FOS175,Leaf_ITS_F10_R9,Stem_ITS_F10_R14,Soil_ITS_F10_R12,Leaf_16S_F10_R9,Soil_16S_F10_R12,Stem_16S_F10_R14
STHWK,C4,B8,Control,FO81,F83,FOS84,Leaf_ITS_F11_R1,Stem_ITS_F11_R3,Soil_ITS_F11_R3,Leaf_16S_F11_R1,Soil_16S_F11_R3,Stem_16S_F11_R3
STHWK,C5,B10,Control,FO142,F144,FOS147,Leaf_ITS_F6_R14,Stem_ITS_F7_R10,Soil_ITS_F6_R16,Leaf_16S_F6_R14,Soil_16S_F6_R16,Stem_16S_F7_R10
STHWK,CE21,B3,Control,NA,NA,NA,Leaf_ITS_F17_R8,Stem_ITS_F18_R3,Soil_ITS_F17_R7,Leaf_16S_F17_R8,Soil_16S_F17_R7,Stem_16S_F18_R3
STHWK,CE22,B6,Control,NA,NA,NA,Leaf_ITS_F20_R7,Stem_ITS_F21_R3,Soil_ITS_F20_R6,Leaf_16S_F20_R7,Soil_16S_F20_R6,Stem_16S_F21_R3
STHWK,CE23,B2,Control,NA,NA,NA,Leaf_ITS_F18_R4,Stem_ITS_F18_R7,Soil_ITS_F18_R3,Leaf_16S_F18_R4,Soil_16S_F18_R3,Stem_16S_F18_R7
STHWK,CE24,B5,Control,NA,NA,NA,Leaf_ITS_F21_R1,Stem_ITS_F21_R5,Soil_ITS_F20_R8,Leaf_16S_F21_R1,Soil_16S_F20_R8,Stem_16S_F21_R5
STHWK,CE25,B4,Control,NA,NA,NA,Leaf_ITS_F18_R1,Stem_ITS_F18_R4,Soil_ITS_F17_R8,Leaf_16S_F18_R1,Soil_16S_F17_R8,Stem_16S_F18_R4
STHWK,CE26,B16,Control,NA,NA,NA,Leaf_ITS_F20_R2,Stem_ITS_F20_R6,Soil_ITS_F20_R1,Leaf_16S_F20_R2,Soil_16S_F20_R1,Stem_16S_F20_R6
STHWK,CE27,B15,Control,NA,NA,NA,Leaf_ITS_F20_R8,Stem_ITS_F21_R4,Soil_ITS_F20_R7,Leaf_16S_F20_R8,Soil_16S_F20_R7,Stem_16S_F21_R4
STHWK,CE28,B13,Control,NA,NA,NA,Leaf_ITS_F18_R5,Stem_ITS_F18_R8,Soil_ITS_F18_R4,Leaf_16S_F18_R5,Soil_16S_F18_R4,Stem_16S_F18_R8
STHWK,CE29,B12,Control,NA,NA,NA,Leaf_ITS_F18_R8,Stem_ITS_F19_R3,Soil_ITS_F18_R7,Leaf_16S_F18_R8,Soil_16S_F18_R7,Stem_16S_F19_R3
STHWK,CE30,B11,Control,NA,NA,NA,Leaf_ITS_F21_R5,Stem_ITS_F22_R1,Soil_ITS_F21_R4,Leaf_16S_F21_R5,Soil_16S_F21_R4,Stem_16S_F22_R1
STHWK,A6,A6,Low,FO24,F26,FOS26,Leaf_ITS_F3_R8,Stem_ITS_F4_R2,Soil_ITS_F4_R2,Leaf_16S_F3_R8,Soil_16S_F4_R2,Stem_16S_F4_R2
STHWK,A7,A12,Low,FO170,F173,FOS176,Leaf_ITS_F10_R10,Stem_ITS_F10_R15,Soil_ITS_F10_R13,Leaf_16S_F10_R10,Soil_16S_F10_R13,Stem_16S_F10_R15
STHWK,A8,A16,Low,FO57,F58,FOS59,Leaf_ITS_F8_R1,Stem_ITS_F8_R2,Soil_ITS_F8_R2,Leaf_16S_F8_R1,Soil_16S_F8_R2,Stem_16S_F8_R2
STHWK,A9,A14,Low,FO200,F204,FOS208,Leaf_ITS_F14_R18,Stem_ITS_F14_R23,Soil_ITS_F14_R20,Leaf_16S_F14_R18,Soil_16S_F14_R20,Stem_16S_F14_R23
STHWK,A10,A17,Low,FO83,F85,FOS86,Leaf_ITS_F11_R3,Stem_ITS_F11_R5,Soil_ITS_F11_R5,Leaf_16S_F11_R3,Soil_16S_F11_R5,Stem_16S_F11_R5
STHWK,A11,A7,Low,NA,F84,FOS85,Leaf_ITS_F11_R2,Stem_ITS_F11_R4,Soil_ITS_F11_R4,Leaf_16S_F11_R2,Soil_16S_F11_R4,Stem_16S_F11_R4
STHWK,A12,A1,High,FO18,F25,FOS25,Leaf_ITS_F3_R2,Stem_ITS_F4_R1,Soil_ITS_F4_R1,Leaf_16S_F3_R2,Soil_16S_F4_R1,Stem_16S_F4_R1
STHWK,A13,A2,High,FO113,F115,FOS117,Leaf_ITS_F3_R9,Stem_ITS_F3_R12,Soil_ITS_F3_R11,Leaf_16S_F3_R9,Soil_16S_F3_R11,Stem_16S_F3_R12
STHWK,A14,A3,High,FO56,F57,FOS58,Leaf_ITS_F7_R8,Stem_ITS_F8_R1,Soil_ITS_F8_R1,Leaf_16S_F7_R8,Soil_16S_F8_R1,Stem_16S_F8_R1
STHWK,A15,A8,Medium,FO55,F56,FOS57,Leaf_ITS_F7_R7,Stem_ITS_F7_R8,Soil_ITS_F7_R8,Leaf_16S_F7_R7,Soil_16S_F7_R8,Stem_16S_F7_R8
STHWK,A16,A9,Medium,FO143,F145,FOS148,Leaf_ITS_F6_R15,Stem_ITS_F7_R11,Soil_ITS_F7_R9,Leaf_16S_F6_R15,Soil_16S_F7_R9,Stem_16S_F7_R11
STHWK,A17,A4,High,FO256,F260,FOS266,Leaf_ITS_F21_R20,Stem_ITS_F22_R17,Soil_ITS_F21_R22,Leaf_16S_F21_R20,Soil_16S_F21_R22,Stem_16S_F22_R17
STHWK,A18,A10,Medium,FO257,F261,FOS267,Leaf_ITS_F21_R21,Stem_ITS_F22_R18,Soil_ITS_F21_R23,Leaf_16S_F21_R21,Soil_16S_F21_R23,Stem_16S_F22_R18
STHWK,A19,A5,High,FO225,F229,FOS234,Leaf_ITS_F17_R20,Stem_ITS_F18_R17,Soil_ITS_F17_R23,Leaf_16S_F17_R20,Soil_16S_F17_R23,Stem_16S_F18_R17
STHWK,A20,A15,Medium,FO255,F259,FOS265,Leaf_ITS_F21_R19,Stem_ITS_F21_R24,Soil_ITS_F21_R21,Leaf_16S_F21_R19,Soil_16S_F21_R21,Stem_16S_F21_R24
STHWK,E31,C1,COD,NA,NA,NA,Leaf_ITS_F20_R5,Stem_ITS_F21_R1,Soil_ITS_F20_R4,Leaf_16S_F20_R5,Soil_16S_F20_R4,Stem_16S_F21_R1
STHWK,E32,C2,COD,NA,NA,NA,Leaf_ITS_F18_R2,Stem_ITS_F18_R5,Soil_ITS_F18_R1,Leaf_16S_F18_R2,Soil_16S_F18_R1,Stem_16S_F18_R5
STHWK,E33,C3,COD,NA,NA,NA,Leaf_ITS_F20_R1,Stem_ITS_F20_R5,Soil_ITS_F19_R8,Leaf_16S_F20_R1,Soil_16S_F19_R8,Stem_16S_F20_R5
STHWK,E34,C4,COD,NA,NA,NA,Leaf_ITS_F17_R6,Stem_ITS_F18_R1,Soil_ITS_F17_R5,Leaf_16S_F17_R6,Soil_16S_F17_R5,Stem_16S_F18_R1
STHWK,E35,C5,COD,NA,NA,NA,Leaf_ITS_F17_R5,Stem_ITS_F17_R8,Soil_ITS_F17_R4,Leaf_16S_F17_R5,Soil_16S_F17_R4,Stem_16S_F17_R8
STHWK,E36,C6,COD,NA,NA,NA,Leaf_ITS_F18_R3,Stem_ITS_F18_R6,Soil_ITS_F18_R2,Leaf_16S_F18_R3,Soil_16S_F18_R2,Stem_16S_F18_R6
STHWK,E37,C7,COD,NA,NA,NA,Leaf_ITS_F21_R2,Stem_ITS_F21_R6,Soil_ITS_F21_R1,Leaf_16S_F21_R2,Soil_16S_F21_R1,Stem_16S_F21_R6
STHWK,E38,C8,COD,NA,NA,NA,Leaf_ITS_F20_R4,Stem_ITS_F20_R8,Soil_ITS_F20_R3,Leaf_16S_F20_R4,Soil_16S_F20_R3,Stem_16S_F20_R8
STHWK,E39,C9,COD,NA,NA,NA,Leaf_ITS_F18_R6,Stem_ITS_F19_R1,Soil_ITS_F18_R5,Leaf_16S_F18_R6,Soil_16S_F18_R5,Stem_16S_F19_R1
STHWK,E40,C10,COD,NA,NA,NA,Leaf_ITS_F17_R7,Stem_ITS_F18_R2,Soil_ITS_F17_R6,Leaf_16S_F17_R7,Soil_16S_F17_R6,Stem_16S_F18_R2
STHWK,E41,C11,COD,NA,NA,NA,Leaf_ITS_F21_R4,Stem_ITS_F21_R8,Soil_ITS_F21_R3,Leaf_16S_F21_R4,Soil_16S_F21_R3,Stem_16S_F21_R8
STHWK,E42,C12,COD,NA,NA,NA,Leaf_ITS_F20_R3,Stem_ITS_F20_R7,Soil_ITS_F20_R2,Leaf_16S_F20_R3,Soil_16S_F20_R2,Stem_16S_F20_R7
STHWK,E43,C13,COD,NA,NA,NA,Leaf_ITS_F18_R7,Stem_ITS_F19_R2,Soil_ITS_F18_R6,Leaf_16S_F18_R7,Soil_16S_F18_R6,Stem_16S_F19_R2
STHWK,E44,C14,COD,NA,NA,NA,Leaf_ITS_F20_R6,Stem_ITS_F21_R2,Soil_ITS_F20_R5,Leaf_16S_F20_R6,Soil_16S_F20_R5,Stem_16S_F21_R2
STHWK,E45,C15,COD,NA,NA,NA,Leaf_ITS_F21_R3,Stem_ITS_F21_R7,Soil_ITS_F21_R2,Leaf_16S_F21_R3,Soil_16S_F21_R2,Stem_16S_F21_R7
LNGDL,C1,251,Control,FO216,F220,FOS224,Leaf_ITS_F16_R19,Stem_ITS_F16_R23,Soil_ITS_F16_R22,Leaf_16S_F16_R19,Soil_16S_F16_R22,Stem_16S_F16_R23
LNGDL,C2,243,Control,FO42,F43,FOS43,Leaf_ITS_F6_R2,Stem_ITS_F6_R3,Soil_ITS_F6_R3,Leaf_16S_F6_R2,Soil_16S_F6_R3,Stem_16S_F6_R3
LNGDL,C3,229,Control,FO71,F73,FOS73,Leaf_ITS_F9_R7,Stem_ITS_F9_R8,Soil_ITS_F10_R1,Leaf_16S_F9_R7,Soil_16S_F10_R1,Stem_16S_F9_R8
LNGDL,C4,204,Control,FO277,F282,FOS288,Leaf_ITS_F24_R18,Stem_ITS_F24_R23,Soil_ITS_F24_R20,Leaf_16S_F24_R18,Soil_16S_F24_R20,Stem_16S_F24_R23
LNGDL,C5,269,Control,FO188,F192,FOS195,Leaf_ITS_F12_R14,Stem_ITS_F13_R18,Soil_ITS_F12_R16,Leaf_16S_F12_R14,Soil_16S_F12_R16,Stem_16S_F13_R18
LNGDL,A6,245,Low,FO132,F134,FOS137,Leaf_ITS_F5_R12,Stem_ITS_F5_R16,Soil_ITS_F5_R14,Leaf_16S_F5_R12,Soil_16S_F5_R14,Stem_16S_F5_R16
LNGDL,A7,256,High,FO248,F252,FOS258,Leaf_ITS_F20_R20,Stem_ITS_F21_R17,Soil_ITS_F20_R22,Leaf_16S_F20_R20,Soil_16S_F20_R22,Stem_16S_F21_R17
LNGDL,A8,253,Medium,FO187,F191,FOS194,Leaf_ITS_F12_R13,Stem_ITS_F13_R17,Soil_ITS_F12_R15,Leaf_16S_F12_R13,Soil_16S_F12_R15,Stem_16S_F13_R17
LNGDL,A9,232,Low,FO23,F15,FOS15,Leaf_ITS_F3_R7,Stem_ITS_F2_R7,Soil_ITS_F2_R7,Leaf_16S_F3_R7,Soil_16S_F2_R7,Stem_16S_F2_R7
LNGDL,A10,216,High,FO131,F133,FOS135,Leaf_ITS_F5_R11,Stem_ITS_F5_R14,Soil_ITS_F5_R13,Leaf_16S_F5_R11,Soil_16S_F5_R13,Stem_16S_F5_R14
LNGDL,A11,213,Low,FO105,F107,FOS109,Leaf_ITS_F2_R9,Stem_ITS_F2_R12,Soil_ITS_F2_R11,Leaf_16S_F2_R9,Soil_16S_F2_R11,Stem_16S_F2_R12
LNGDL,A12,138,Medium,FO189,F193,FOS197,Leaf_ITS_F12_R15,Stem_ITS_F13_R20,Soil_ITS_F13_R17,Leaf_16S_F12_R15,Soil_16S_F13_R17,Stem_16S_F13_R20
LNGDL,A13,170,High,FO217,F221,FOS225,Leaf_ITS_F16_R20,Stem_ITS_F16_R24,Soil_ITS_F16_R23,Leaf_16S_F16_R20,Soil_16S_F16_R23,Stem_16S_F16_R24
LNGDL,A14,231/221,Medium,FO247,F251,FOS257,Leaf_ITS_F20_R19,Stem_ITS_F20_R24,Soil_ITS_F20_R21,Leaf_16S_F20_R19,Soil_16S_F20_R21,Stem_16S_F20_R24
LNGDL,A15,206,Low,FO43,F44,FOS44,Leaf_ITS_F6_R3,Stem_ITS_F6_R4,Soil_ITS_F6_R4,Leaf_16S_F6_R3,Soil_16S_F6_R4,Stem_16S_F6_R4
LNGDL,A16,203,Medium,FO276,F281,FOS287,Leaf_ITS_F24_R17,Stem_ITS_F24_R22,Soil_ITS_F24_R19,Leaf_16S_F24_R17,Soil_16S_F24_R19,Stem_16S_F24_R22
LNGDL,A17,220,High,FO190,F194,FOS198,Leaf_ITS_F12_R16,Stem_ITS_F13_R21,Soil_ITS_F13_R18,Leaf_16S_F12_R16,Soil_16S_F13_R18,Stem_16S_F13_R21
LNGDL,A18,273,High,FO218,F222,FOS227,Leaf_ITS_F16_R21,Stem_ITS_F17_R18,Soil_ITS_F16_R24,Leaf_16S_F16_R21,Soil_16S_F16_R24,Stem_16S_F17_R18
LNGDL,A19,286,Medium,FO191,F195,FOS199,Leaf_ITS_F13_R17,Stem_ITS_F13_R22,Soil_ITS_F13_R19,Leaf_16S_F13_R17,Soil_16S_F13_R19,Stem_16S_F13_R22
LNGDL,A20,283,Low,FO294,F299,FOS305,Leaf_ITS_F14_R3,Stem_ITS_F14_R8,Soil_ITS_F14_R5,Leaf_16S_F14_R3,Soil_16S_F14_R5,Stem_16S_F14_R8
DYMK,C1,W1,Control,FO33,F34,FOS34,Leaf_ITS_F5_R1,Stem_ITS_F5_R2,Soil_ITS_F5_R2,Leaf_16S_F5_R1,Soil_16S_F5_R2,Stem_16S_F5_R2
DYMK,C2,W2,Control,FO207,F211,FOS215,Leaf_ITS_F15_R18,Stem_ITS_F15_R22,Soil_ITS_F15_R19,Leaf_16S_F15_R18,Soil_16S_F15_R19,Stem_16S_F15_R22
DYMK,C3,W3,Control,FO206,F210,FOS214,Leaf_ITS_F15_R17,Stem_ITS_F15_R21,Soil_ITS_F15_R18,Leaf_16S_F15_R17,Soil_16S_F15_R18,Stem_16S_F15_R21
DYMK,C4,E5,Control,FO93,F95,FOS96,Leaf_ITS_F12_R5,Stem_ITS_F12_R7,Soil_ITS_F12_R7,Leaf_16S_F12_R5,Soil_16S_F12_R7,Stem_16S_F12_R7
DYMK,C5,E6,Control,FO152,F154,FOS157,Leaf_ITS_F7_R16,Stem_ITS_F8_R12,Soil_ITS_F8_R10,Leaf_16S_F7_R16,Soil_16S_F8_R10,Stem_16S_F8_R12
HOEF,C1,16,Control,FO156,NA,FOS161,Leaf_ITS_F8_R12,Stem_ITS_F8_R16,Soil_ITS_F8_R14,Leaf_16S_F8_R12,Soil_16S_F8_R14,Stem_16S_F8_R16
HOEF,C2,18,Control,FO39,F40,FOS40,Leaf_ITS_F5_R7,Stem_ITS_F5_R8,Soil_ITS_F5_R8,Leaf_16S_F5_R7,Soil_16S_F5_R8,Stem_16S_F5_R8
HOEF,C3,17,Control,FO184,F188,FOS191,Leaf_ITS_F12_R10,Stem_ITS_F12_R14,Soil_ITS_F12_R12,Leaf_16S_F12_R10,Soil_16S_F12_R12,Stem_16S_F12_R14
HOEF,C4,19,Control,FO125,F127,FOS129,Leaf_ITS_F4_R13,Stem_ITS_F4_R16,Soil_ITS_F4_R15,Leaf_16S_F4_R13,Soil_16S_F4_R15,Stem_16S_F4_R16
HOEF,C5,20,Control,FO100,F102,FOS103,Leaf_ITS_F1_R12,Stem_ITS_F1_R14,Soil_ITS_F1_R14,Leaf_16S_F1_R12,Soil_16S_F1_R14,Stem_16S_F1_R14
HOEF,A6,15,High,FO270,F275,FOS280,Leaf_ITS_F23_R19,Stem_ITS_F23_R23,Soil_ITS_F23_R21,Leaf_16S_F23_R19,Soil_16S_F23_R21,Stem_16S_F23_R23
HOEF,A7,14,Low,FO102,F104,FOS105,Leaf_ITS_F1_R14,Stem_ITS_F1_R16,Soil_ITS_F1_R16,Leaf_16S_F1_R14,Soil_16S_F1_R16,Stem_16S_F1_R16
HOEF,A8,12,High,FO126,F128,FOS130,Leaf_ITS_F4_R14,Stem_ITS_F5_R9,Soil_ITS_F4_R16,Leaf_16S_F4_R14,Soil_16S_F4_R16,Stem_16S_F5_R9
HOEF,A9,13,Low,FO38,F39,FOS39,Leaf_ITS_F5_R6,Stem_ITS_F5_R7,Soil_ITS_F5_R7,Leaf_16S_F5_R6,Soil_16S_F5_R7,Stem_16S_F5_R7
HOEF,A10,3,Low,FO271,F276,FOS281,Leaf_ITS_F23_R20,Stem_ITS_F23_R24,Soil_ITS_F23_R22,Leaf_16S_F23_R20,Soil_16S_F23_R22,Stem_16S_F23_R24
HOEF,A11,2,Low,FO124,F126,FOS128,Leaf_ITS_F4_R12,Stem_ITS_F4_R15,Soil_ITS_F4_R14,Leaf_16S_F4_R12,Soil_16S_F4_R14,Stem_16S_F4_R15
HOEF,A12,11,Low,FO269,F274,FOS279,Leaf_ITS_F23_R18,Stem_ITS_F23_R22,Soil_ITS_F23_R20,Leaf_16S_F23_R18,Soil_16S_F23_R20,Stem_16S_F23_R22
HOEF,A13,10,Low,FO98,F100,FOS101,Leaf_ITS_F1_R10,Stem_ITS_F1_R12,Soil_ITS_F1_R12,Leaf_16S_F1_R10,Soil_16S_F1_R12,Stem_16S_F1_R12
HOEF,A14,8,Low,FO158,NA,FOS163,Leaf_ITS_F8_R14,Stem_ITS_F9_R10,Soil_ITS_F8_R16,Leaf_16S_F8_R14,Soil_16S_F8_R16,Stem_16S_F9_R10
HOEF,A15,9,Medium,FO101,F103,FOS104,Leaf_ITS_F1_R13,Stem_ITS_F1_R15,Soil_ITS_F1_R15,Leaf_16S_F1_R13,Soil_16S_F1_R15,Stem_16S_F1_R15
HOEF,A16,1,Medium,FO4,R7,FOS9,Leaf_ITS_F1_R4,Stem_ITS_F2_R1,Soil_ITS_F2_R1,Leaf_16S_F1_R4,Soil_16S_F2_R1,Stem_16S_F2_R1
HOEF,A17,48,Medium,FO157,F159,FOS162,Leaf_ITS_F8_R13,Stem_ITS_F9_R9,Soil_ITS_F8_R15,Leaf_16S_F8_R13,Soil_16S_F8_R15,Stem_16S_F9_R9
HOEF,A18,5,High,FO213,F217,FOS221,Leaf_ITS_F15_R24,Stem_ITS_F16_R20,Soil_ITS_F16_R19,Leaf_16S_F15_R24,Soil_16S_F16_R19,Stem_16S_F16_R20
HOEF,A19,6,High,FO68,F69,FOS70,Leaf_ITS_F9_R4,Stem_ITS_F9_R5,Soil_ITS_F9_R5,Leaf_16S_F9_R4,Soil_16S_F9_R5,Stem_16S_F9_R5
HOEF,A20,7,High,FO99,F101,FOS102,Leaf_ITS_F1_R11,Stem_ITS_F1_R13,Soil_ITS_F1_R13,Leaf_16S_F1_R11,Soil_16S_F1_R13,Stem_16S_F1_R13
CDPM,C1,E2,Control,FO179,F183,FOS186,Leaf_ITS_F11_R13,Stem_ITS_F12_R9,Soil_ITS_F11_R15,Leaf_16S_F11_R13,Soil_16S_F11_R15,Stem_16S_F12_R9
CDPM,C2,N2,Control,FO151,F153,FOS156,Leaf_ITS_F7_R15,Stem_ITS_F8_R11,Soil_ITS_F8_R9,Leaf_16S_F7_R15,Soil_16S_F8_R9,Stem_16S_F8_R11
CDPM,C3,N6,Control,FO62,F63,FOS64,Leaf_ITS_F8_R6,Stem_ITS_F8_R7,Soil_ITS_F8_R7,Leaf_16S_F8_R6,Soil_16S_F8_R7,Stem_16S_F8_R7
CDPM,C4,W4,Control,FO63,F64,FOS65,Leaf_ITS_F8_R7,Stem_ITS_F8_R8,Soil_ITS_F8_R8,Leaf_16S_F8_R7,Soil_16S_F8_R8,Stem_16S_F8_R8
CDPM,C5,W5,Control,FO263,F268,FOS273,Leaf_ITS_F22_R20,Stem_ITS_F22_R24,Soil_ITS_F22_R22,Leaf_16S_F22_R20,Soil_16S_F22_R22,Stem_16S_F22_R24
CDS,C1,E5,Control,FO290,NA,FOS301,Leaf_ITS_F13_R7,Stem_ITS_F14_R4,Soil_ITS_F14_R1,Leaf_16S_F13_R7,Soil_16S_F14_R1,Stem_16S_F14_R4
CDS,C2,E6,Control,FO291,F296,FOS302,Leaf_ITS_F13_R8,Stem_ITS_F14_R5,Soil_ITS_F14_R2,Leaf_16S_F13_R8,Soil_16S_F14_R2,Stem_16S_F14_R5
CDS,C3,E2,Control,FO92,F94,FOS95,Leaf_ITS_F12_R4,Stem_ITS_F12_R6,Soil_ITS_F12_R6,Leaf_16S_F12_R4,Soil_16S_F12_R6,Stem_16S_F12_R6
CDS,C4,E1,Control,FO236,F240,FOS245,Leaf_ITS_F18_R24,Stem_ITS_F19_R20,Soil_ITS_F19_R18,Leaf_16S_F18_R24,Soil_16S_F19_R18,Stem_16S_F19_R20
CDS,C5,W4,Control,FO91,F93,FOS94,Leaf_ITS_F12_R3,Stem_ITS_F12_R5,Soil_ITS_F12_R5,Leaf_16S_F12_R3,Soil_16S_F12_R5,Stem_16S_F12_R5
MOCCA,C1,H15,Control,FO250,F254,FOS260,Leaf_ITS_F20_R22,Stem_ITS_F21_R19,Soil_ITS_F20_R24,Leaf_16S_F20_R22,Soil_16S_F20_R24,Stem_16S_F21_R19
MOCCA,C2,H14,Control,FO194,F198,FOS202,Leaf_ITS_F13_R20,Stem_ITS_F14_R17,Soil_ITS_F13_R22,Leaf_16S_F13_R20,Soil_16S_F13_R22,Stem_16S_F14_R17
MOCCA,C3,H13,Control,FO45,F46,FOS47,Leaf_ITS_F6_R5,Stem_ITS_F6_R6,Soil_ITS_F6_R6,Leaf_16S_F6_R5,Soil_16S_F6_R6,Stem_16S_F6_R6
MOCCA,C4,H12,Control,FO48,F49,FOS50,Leaf_ITS_F6_R8,Stem_ITS_F7_R1,Soil_ITS_F7_R1,Leaf_16S_F6_R8,Soil_16S_F7_R1,Stem_16S_F7_R1
MOCCA,C5,H1,Control,FO165,F167,FOS171,Leaf_ITS_F9_R13,Stem_ITS_F10_R10,Soil_ITS_F9_R15,Leaf_16S_F9_R13,Soil_16S_F9_R15,Stem_16S_F10_R10
MOCCA,CE21,H2,Control,NA,NA,NA,Leaf_ITS_F17_R1,Stem_ITS_F17_R4,Soil_ITS_F16_R8,Leaf_16S_F17_R1,Soil_16S_F16_R8,Stem_16S_F17_R4
MOCCA,CE22,H3,Control,NA,NA,NA,Leaf_ITS_F15_R6,Stem_ITS_F15_R8,Soil_ITS_F15_R5,Leaf_16S_F15_R6,Soil_16S_F15_R5,Stem_16S_F15_R8
MOCCA,CE23,H4,Control,NA,NA,NA,Leaf_ITS_F16_R6,Stem_ITS_F17_R1,Soil_ITS_F16_R5,Leaf_16S_F16_R6,Soil_16S_F16_R5,Stem_16S_F17_R1
MOCCA,CE24,H5,Control,NA,NA,NA,Leaf_ITS_F19_R4,Stem_ITS_F19_R7,Soil_ITS_F19_R3,Leaf_16S_F19_R4,Soil_16S_F19_R3,Stem_16S_F19_R7
MOCCA,CE25,H6,Control,NA,NA,NA,Leaf_ITS_F19_R3,Stem_ITS_F19_R6,Soil_ITS_F19_R2,Leaf_16S_F19_R3,Soil_16S_F19_R2,Stem_16S_F19_R6
MOCCA,CE26,H7,Control,NA,NA,NA,Leaf_ITS_F16_R5,Stem_ITS_F16_R8,Soil_ITS_F16_R4,Leaf_16S_F16_R5,Soil_16S_F16_R4,Stem_16S_F16_R8
MOCCA,CE27,H8,Control,NA,NA,NA,Leaf_ITS_F16_R1,Stem_ITS_F16_R4,Soil_ITS_F15_R8,Leaf_16S_F16_R1,Soil_16S_F15_R8,Stem_16S_F16_R4
MOCCA,CE28,H9,Control,NA,NA,NA,Leaf_ITS_F15_R4,Stem_ITS_F15_R6,Soil_ITS_F15_R3,Leaf_16S_F15_R4,Soil_16S_F15_R3,Stem_16S_F15_R6
MOCCA,CE29,H10,Control,NA,NA,NA,Leaf_ITS_F19_R8,Stem_ITS_F20_R4,Soil_ITS_F19_R7,Leaf_16S_F19_R8,Soil_16S_F19_R7,Stem_16S_F20_R4
MOCCA,CE30,H11,Control,NA,NA,NA,Leaf_ITS_F19_R6,Stem_ITS_F20_R2,Soil_ITS_F19_R5,Leaf_16S_F19_R6,Soil_16S_F19_R5,Stem_16S_F20_R2
MOCCA,A6,A1,Low,FO135,F137,FOS140,Leaf_ITS_F5_R15,Stem_ITS_F6_R11,Soil_ITS_F6_R9,Leaf_16S_F5_R15,Soil_16S_F6_R9,Stem_16S_F6_R11
MOCCA,A7,A3,Low,FO279,F284,FOS290,Leaf_ITS_F24_R20,Stem_ITS_F13_R1,Soil_ITS_F24_R22,Leaf_16S_F24_R20,Soil_16S_F24_R22,Stem_16S_F13_R1
MOCCA,A8,A4,Low,FO2,F17,FOS18,Leaf_ITS_F1_R2,Stem_ITS_F3_R2,Soil_ITS_F3_R1,Leaf_16S_F1_R2,Soil_16S_F3_R1,Stem_16S_F3_R2
MOCCA,A9,A7,Low,FO107,F109,FOS111,Leaf_ITS_F2_R11,Stem_ITS_F2_R14,Soil_ITS_F2_R13,Leaf_16S_F2_R11,Soil_16S_F2_R13,Stem_16S_F2_R14
MOCCA,A10,A10,Low,FO46,F47,FOS48,Leaf_ITS_F6_R6,Stem_ITS_F6_R7,Soil_ITS_F6_R7,Leaf_16S_F6_R6,Soil_16S_F6_R7,Stem_16S_F6_R7
MOCCA,A11,A5,Medium,FO49,F50,FOS51,Leaf_ITS_F7_R1,Stem_ITS_F7_R2,Soil_ITS_F7_R2,Leaf_16S_F7_R1,Soil_16S_F7_R2,Stem_16S_F7_R2
MOCCA,A12,A6,Medium,FO195,F199,FOS203,Leaf_ITS_F13_R21,Stem_ITS_F14_R18,Soil_ITS_F13_R23,Leaf_16S_F13_R21,Soil_16S_F13_R23,Stem_16S_F14_R18
MOCCA,A13,A2,High,FO278,F283,FOS289,Leaf_ITS_F24_R19,Stem_ITS_F24_R24,Soil_ITS_F24_R21,Leaf_16S_F24_R19,Soil_16S_F24_R21,Stem_16S_F24_R24
MOCCA,A14,A8,High,FO136,F138,FOS141,Leaf_ITS_F5_R16,Stem_ITS_F6_R12,Soil_ITS_F6_R10,Leaf_16S_F5_R16,Soil_16S_F6_R10,Stem_16S_F6_R12
MOCCA,A15,A9,High,FO164,F166,FOS170,Leaf_ITS_F9_R12,Stem_ITS_F10_R9,Soil_ITS_F9_R14,Leaf_16S_F9_R12,Soil_16S_F9_R14,Stem_16S_F10_R9
MOCCA,A16,A11,High,FO21,F18,FOS19,Leaf_ITS_F3_R5,Stem_ITS_F3_R3,Soil_ITS_F3_R2,Leaf_16S_F3_R5,Soil_16S_F3_R2,Stem_16S_F3_R3
MOCCA,A17,A12,High,FO280,F285,FOS291,Leaf_ITS_F24_R21,Stem_ITS_F13_R2,Soil_ITS_F24_R23,Leaf_16S_F24_R21,Soil_16S_F24_R23,Stem_16S_F13_R2
MOCCA,A18,A13,High,FO137,F139,FOS142,Leaf_ITS_F6_R9,Stem_ITS_F6_R13,Soil_ITS_F6_R11,Leaf_16S_F6_R9,Soil_16S_F6_R11,Stem_16S_F6_R13
MOCCA,A19,A14,High,FO50,F51,FOS52,Leaf_ITS_F7_R2,Stem_ITS_F7_R3,Soil_ITS_F7_R3,Leaf_16S_F7_R2,Soil_16S_F7_R3,Stem_16S_F7_R3
MOCCA,A20,A15,High,FO47,F48,FOS49,Leaf_ITS_F6_R7,Stem_ITS_F6_R8,Soil_ITS_F6_R8,Leaf_16S_F6_R7,Soil_16S_F6_R8,Stem_16S_F6_R8
MOCCA,E31,C15,COD,NA,NA,NA,Leaf_ITS_F16_R3,Stem_ITS_F16_R6,Soil_ITS_F16_R2,Leaf_16S_F16_R3,Soil_16S_F16_R2,Stem_16S_F16_R6
MOCCA,E32,C14,COD,NA,NA,NA,Leaf_ITS_F16_R4,Stem_ITS_F16_R7,Soil_ITS_F16_R3,Leaf_16S_F16_R4,Soil_16S_F16_R3,Stem_16S_F16_R7
MOCCA,E33,C13,COD,NA,NA,NA,Leaf_ITS_F17_R2,Stem_ITS_F17_R5,Soil_ITS_F17_R1,Leaf_16S_F17_R2,Soil_16S_F17_R1,Stem_16S_F17_R5
MOCCA,E34,C12,COD,NA,NA,NA,Leaf_ITS_F19_R1,Stem_ITS_F19_R4,Soil_ITS_F18_R8,Leaf_16S_F19_R1,Soil_16S_F18_R8,Stem_16S_F19_R4
MOCCA,E35,C8,COD,NA,NA,NA,Leaf_ITS_F17_R4,Stem_ITS_F17_R7,Soil_ITS_F17_R3,Leaf_16S_F17_R4,Soil_16S_F17_R3,Stem_16S_F17_R7
MOCCA,E36,C9,COD,NA,NA,NA,Leaf_ITS_F19_R7,Stem_ITS_F20_R3,Soil_ITS_F19_R6,Leaf_16S_F19_R7,Soil_16S_F19_R6,Stem_16S_F20_R3
MOCCA,E37,C10,COD,NA,NA,NA,Leaf_ITS_F19_R2,Stem_ITS_F19_R5,Soil_ITS_F19_R1,Leaf_16S_F19_R2,Soil_16S_F19_R1,Stem_16S_F19_R5
MOCCA,E38,C11,COD,NA,NA,NA,Leaf_ITS_F16_R2,Stem_ITS_F16_R5,Soil_ITS_F16_R1,Leaf_16S_F16_R2,Soil_16S_F16_R1,Stem_16S_F16_R5
MOCCA,E39,C1,COD,NA,NA,NA,Leaf_ITS_F15_R5,Stem_ITS_F15_R7,Soil_ITS_F15_R4,Leaf_16S_F15_R5,Soil_16S_F15_R4,Stem_16S_F15_R7
MOCCA,E40,C2,COD,NA,NA,NA,Leaf_ITS_F15_R7,Stem_ITS_F16_R1,Soil_ITS_F15_R6,Leaf_16S_F15_R7,Soil_16S_F15_R6,Stem_16S_F16_R1
MOCCA,E41,C3,COD,NA,NA,NA,Leaf_ITS_F16_R7,Stem_ITS_F17_R2,Soil_ITS_F16_R6,Leaf_16S_F16_R7,Soil_16S_F16_R6,Stem_16S_F17_R2
MOCCA,E42,C4,COD,NA,NA,NA,Leaf_ITS_F17_R3,Stem_ITS_F17_R6,Soil_ITS_F17_R2,Leaf_16S_F17_R3,Soil_16S_F17_R2,Stem_16S_F17_R6
MOCCA,E43,C5,COD,NA,NA,NA,Leaf_ITS_F16_R8,Stem_ITS_F17_R3,Soil_ITS_F16_R7,Leaf_16S_F16_R8,Soil_16S_F16_R7,Stem_16S_F17_R3
MOCCA,E44,C7,COD,NA,NA,NA,Leaf_ITS_F19_R5,Stem_ITS_F19_R8,Soil_ITS_F19_R4,Leaf_16S_F19_R5,Soil_16S_F19_R4,Stem_16S_F19_R8
MOCCA,E45,C6,COD,NA,NA,NA,Leaf_ITS_F15_R8,Stem_ITS_F16_R2,Soil_ITS_F15_R7,Leaf_16S_F15_R8,Soil_16S_F15_R7,Stem_16S_F16_R2
ATTP,C1,19,Control,FO117,F119,FOS121,Leaf_ITS_F3_R13,Stem_ITS_F3_R16,Soil_ITS_F3_R15,Leaf_16S_F3_R13,Soil_16S_F3_R15,Stem_16S_F3_R16
ATTP,C2,20,Control,FO10,R2,FOS2,Leaf_ITS_F2_R2,Stem_ITS_F1_R2,Soil_ITS_F1_R2,Leaf_16S_F2_R2,Soil_16S_F1_R2,Stem_16S_F1_R2
ATTP,C3,18,Control,FO13,F3,FOS3,Leaf_ITS_F2_R5,Stem_ITS_F1_R3,Soil_ITS_F1_R3,Leaf_16S_F2_R5,Soil_16S_F1_R3,Stem_16S_F1_R3
ATTP,C4,774,Control,FO118,F120,FOS122,Leaf_ITS_F3_R14,Stem_ITS_F4_R9,Soil_ITS_F3_R16,Leaf_16S_F3_R14,Soil_16S_F3_R16,Stem_16S_F4_R9
ATTP,C5,721,Control,FO20,F4,FOS4,Leaf_ITS_F3_R4,Stem_ITS_F1_R4,Soil_ITS_F1_R4,Leaf_16S_F3_R4,Soil_16S_F1_R4,Stem_16S_F1_R4
ATTP,A6,707,Low,FO174,F178,FOS181,Leaf_ITS_F10_R16,Stem_ITS_F11_R12,Soil_ITS_F11_R10,Leaf_16S_F10_R16,Soil_16S_F11_R10,Stem_16S_F11_R12
ATTP,A7,706,Low,FO61,F62,FOS63,Leaf_ITS_F8_R5,Stem_ITS_F8_R6,Soil_ITS_F8_R6,Leaf_16S_F8_R5,Soil_16S_F8_R6,Stem_16S_F8_R6
ATTP,A8,2,Low,FO176,F180,FOS183,Leaf_ITS_F11_R10,Stem_ITS_F11_R14,Soil_ITS_F11_R12,Leaf_16S_F11_R10,Soil_16S_F11_R12,Stem_16S_F11_R14
ATTP,A9,3,Low,FO177,F181,FOS184,Leaf_ITS_F11_R11,Stem_ITS_F11_R15,Soil_ITS_F11_R13,Leaf_16S_F11_R11,Soil_16S_F11_R13,Stem_16S_F11_R15
ATTP,A10,777,Low,FO262,F267,FOS272,Leaf_ITS_F22_R19,Stem_ITS_F22_R23,Soil_ITS_F22_R21,Leaf_16S_F22_R19,Soil_16S_F22_R21,Stem_16S_F22_R23
ATTP,A11,47,Low,FO178,F182,FOS185,Leaf_ITS_F11_R12,Stem_ITS_F11_R16,Soil_ITS_F11_R14,Leaf_16S_F11_R12,Soil_16S_F11_R14,Stem_16S_F11_R16
ATTP,A12,728,Medium,FO31,F32,FOS32,Leaf_ITS_F4_R7,Stem_ITS_F4_R8,Soil_ITS_F4_R8,Leaf_16S_F4_R7,Soil_16S_F4_R8,Stem_16S_F4_R8
ATTP,A13,720,Medium,FO175,NA,FOS182,Leaf_ITS_F11_R9,Stem_ITS_F11_R13,Soil_ITS_F11_R11,Leaf_16S_F11_R9,Soil_16S_F11_R11,Stem_16S_F11_R13
ATTP,A14,6,Medium,FO89,F91,FOS92,Leaf_ITS_F12_R1,Stem_ITS_F12_R3,Soil_ITS_F12_R3,Leaf_16S_F12_R1,Soil_16S_F12_R3,Stem_16S_F12_R3
ATTP,A15,7,Medium,FO88,F90,FOS91,Leaf_ITS_F11_R8,Stem_ITS_F12_R2,Soil_ITS_F12_R2,Leaf_16S_F11_R8,Soil_16S_F12_R2,Stem_16S_F12_R2
ATTP,A16,1,High,FO119,F121,FOS123,Leaf_ITS_F3_R15,Stem_ITS_F4_R10,Soil_ITS_F4_R9,Leaf_16S_F3_R15,Soil_16S_F4_R9,Stem_16S_F4_R10
ATTP,A17,5,High,FO234,F238,FOS243,Leaf_ITS_F18_R22,Stem_ITS_F19_R18,Soil_ITS_F18_R24,Leaf_16S_F18_R22,Soil_16S_F18_R24,Stem_16S_F19_R18
ATTP,A18,4,High,FO1,R1,FOS1,Leaf_ITS_F1_R1,Stem_ITS_F1_R1,Soil_ITS_F1_R1,Leaf_16S_F1_R1,Soil_16S_F1_R1,Stem_16S_F1_R1
ATTP,A19,8,High,FO148,F150,FOS153,Leaf_ITS_F7_R12,Stem_ITS_F7_R16,Soil_ITS_F7_R14,Leaf_16S_F7_R12,Soil_16S_F7_R14,Stem_16S_F7_R16
ATTP,A20,9,High,FO30,F31,FOS31,Leaf_ITS_F4_R6,Stem_ITS_F4_R7,Soil_ITS_F4_R7,Leaf_16S_F4_R6,Soil_16S_F4_R7,Stem_16S_F4_R7
HRWD,C1,E3,Control,FO293,F298,FOS304,Leaf_ITS_F14_R2,Stem_ITS_F14_R7,Soil_ITS_F14_R4,Leaf_16S_F14_R2,Soil_16S_F14_R4,Stem_16S_F14_R7
HRWD,C2,W3,Control,FO244,F248,FOS253,Leaf_ITS_F19_R24,Stem_ITS_F20_R20,Soil_ITS_F20_R18,Leaf_16S_F19_R24,Soil_16S_F20_R18,Stem_16S_F20_R20
HRWD,C3,W4,Control,FO27,F10,FOS10,Leaf_ITS_F4_R3,Stem_ITS_F2_R2,Soil_ITS_F2_R2,Leaf_16S_F4_R3,Soil_16S_F2_R2,Stem_16S_F2_R2
HRWD,C4,W5,Control,FO214,F218,FOS222,Leaf_ITS_F16_R17,Stem_ITS_F16_R21,Soil_ITS_F16_R20,Leaf_16S_F16_R17,Soil_16S_F16_R20,Stem_16S_F16_R21
HRWD,C5,W1,Control,FO40,F41,FOS41,Leaf_ITS_F5_R8,Stem_ITS_F6_R1,Soil_ITS_F6_R1,Leaf_16S_F5_R8,Soil_16S_F6_R1,Stem_16S_F6_R1
BBW,C1,N4,Control,FO90,NA,FOS93,Leaf_ITS_F12_R2,Stem_ITS_F12_R4,Soil_ITS_F12_R4,Leaf_16S_F12_R2,Soil_16S_F12_R4,Stem_16S_F12_R4
BBW,C2,N3,Control,FO120,F122,FOS124,Leaf_ITS_F3_R16,Stem_ITS_F4_R11,Soil_ITS_F4_R10,Leaf_16S_F3_R16,Soil_16S_F4_R10,Stem_16S_F4_R11
BBW,C3,W1,Control,FO235,NA,FOS244,Leaf_ITS_F18_R23,Stem_ITS_F19_R19,Soil_ITS_F19_R17,Leaf_16S_F18_R23,Soil_16S_F19_R17,Stem_16S_F19_R19
BBW,C4,S5,Control,FO149,F151,FOS154,Leaf_ITS_F7_R13,Stem_ITS_F8_R9,Soil_ITS_F7_R15,Leaf_16S_F7_R13,Soil_16S_F7_R15,Stem_16S_F8_R9
BBW,C5,E3,Control,FO150,NA,FOS155,Leaf_ITS_F7_R14,Stem_ITS_F8_R10,Soil_ITS_F7_R16,Leaf_16S_F7_R14,Soil_16S_F7_R16,Stem_16S_F8_R10
LWBKR,C1,E1,Control,FO133,F135,FOS138,Leaf_ITS_F5_R13,Stem_ITS_F6_R9,Soil_ITS_F5_R15,Leaf_16S_F5_R13,Soil_16S_F5_R15,Stem_16S_F6_R9
LWBKR,C2,N1,Control,FO219,F223,FOS228,Leaf_ITS_F16_R22,Stem_ITS_F17_R19,Soil_ITS_F17_R17,Leaf_16S_F16_R22,Soil_16S_F17_R17,Stem_16S_F17_R19
LWBKR,C3,S1,Control,FO44,F45,FOS45,Leaf_ITS_F6_R4,Stem_ITS_F6_R5,Soil_ITS_F6_R5,Leaf_16S_F6_R4,Soil_16S_F6_R5,Stem_16S_F6_R5
LWBKR,C4,S3,Control,FO295,F300,FOS306,Leaf_ITS_F14_R4,Stem_ITS_F15_R1,Soil_ITS_F14_R6,Leaf_16S_F14_R4,Soil_16S_F14_R6,Stem_16S_F15_R1
LWBKR,C5,S5,Control,FO192,F196,FOS200,Leaf_ITS_F13_R18,Stem_ITS_F13_R23,Soil_ITS_F13_R20,Leaf_16S_F13_R18,Soil_16S_F13_R20,Stem_16S_F13_R23
MCOU,C1,T2,Control,FO221,F225,FOS230,Leaf_ITS_F16_R24,Stem_ITS_F17_R21,Soil_ITS_F17_R19,Leaf_16S_F16_R24,Soil_16S_F17_R19,Stem_16S_F17_R21
MCOU,C2,T1,Control,FO106,F108,FOS110,Leaf_ITS_F2_R10,Stem_ITS_F2_R13,Soil_ITS_F2_R12,Leaf_16S_F2_R10,Soil_16S_F2_R12,Stem_16S_F2_R13
MCOU,C3,T3?,Control,FO220,F224,FOS229,Leaf_ITS_F16_R23,Stem_ITS_F17_R20,Soil_ITS_F17_R18,Leaf_16S_F16_R23,Soil_16S_F17_R18,Stem_16S_F17_R20
MCOU,C4,T4,Control,FO134,F136,FOS139,Leaf_ITS_F5_R14,Stem_ITS_F6_R10,Soil_ITS_F5_R16,Leaf_16S_F5_R14,Soil_16S_F5_R16,Stem_16S_F6_R10
MCOU,C5,T5,Control,FO163,F165,FOS169,Leaf_ITS_F9_R11,Stem_ITS_F9_R16,Soil_ITS_F9_R13,Leaf_16S_F9_R11,Soil_16S_F9_R13,Stem_16S_F9_R16
CROC,C1,S1,Control,FO181,F185,FOS188,Leaf_ITS_F11_R15,Stem_ITS_F12_R11,Soil_ITS_F12_R9,Leaf_16S_F11_R15,Soil_16S_F12_R9,Stem_16S_F12_R11
CROC,C2,E3,Control,FO28,R3,FOS5,Leaf_ITS_F4_R4,Stem_ITS_F1_R5,Soil_ITS_F1_R5,Leaf_16S_F4_R4,Soil_16S_F1_R5,Stem_16S_F1_R5
CROC,C3,E8,Control,FO180,F184,FOS187,Leaf_ITS_F11_R14,Stem_ITS_F12_R10,Soil_ITS_F11_R16,Leaf_16S_F11_R14,Soil_16S_F11_R16,Stem_16S_F12_R10
CROC,C4,E6,Control,FO264,F269,FOS274,Leaf_ITS_F22_R21,Stem_ITS_F23_R17,Soil_ITS_F22_R23,Leaf_16S_F22_R21,Soil_16S_F22_R23,Stem_16S_F23_R17
CROC,C5,N1,Control,FO32,F33,FOS33,Leaf_ITS_F4_R8,Stem_ITS_F5_R1,Soil_ITS_F5_R1,Leaf_16S_F4_R8,Soil_16S_F5_R1,Stem_16S_F5_R1