Plate,Well,F,R,SampleOrigin,SampleID,Site,Tissue,D2E_replicate,Tree,Date
5,A1,F1,R1,D2E,12,ANCST,LEAF,1,C1,05/10/2022
5,B1,F2,R1,D2E,20,RCHMND,LEAF,1,C1,05/10/2022
5,C1,F3,R1,D2E,31,RWDN,ROOT,1,C1,05/10/2022
5,D1,F4,R1,D2E,PCR_NEG_Ctrol,PCR_NEG_Ctrol,PCR_NEG_Ctrol,PCR_NEG_Ctrol,PCR_NEG_Ctrol,PCR_NEG_Ctrol
5,E1,F5,R1,D2E,59,TAWWD,ROOT,2,C1,05/10/2022
30,A30,F5,R1,D2E,59,TAWWD,ROOT,2,C1,08/12/2022
5,F1,F6,R1,D2E,69,ATTP,ROOT,2,C2,05/10/2022
5,G1,F7,R1,D2E,DNA_Neg_Ctrol_1,DNA_Neg_Ctrol_1,DNA_Neg_Ctrol_1,DNA_Neg_Ctrol_1,DNA_Neg_Ctrol_1,DNA_Neg_Ctrol_1
5,H1,F8,R1,D2E,73,WINDW,ROOT,1,C2,05/10/2022
5,A2,F1,R2,D2E,77,GMKW,ROOT,1,C2,05/10/2022
5,B2,F2,R2,D2E,86,SLCY,LEAF,1,C2,05/10/2022
5,C2,F3,R2,D2E,100,DYMK,LEAF,3,C2,05/10/2022
5,D2,F4,R2,D2E,114,HOEF,LEAF,1,C2,05/10/2022
5,E2,F5,R2,D2E,124,LWBKR,LEAF,3,C3,05/10/2022
5,F2,F6,R2,D2E,DNA_Neg_Ctrol_2,DNA_Neg_Ctrol_2,DNA_Neg_Ctrol_2,DNA_Neg_Ctrol_2,DNA_Neg_Ctrol_2,DNA_Neg_Ctrol_2
5,G2,F7,R2,D2E,DNA_Neg_Ctrol_3,DNA_Neg_Ctrol_3,DNA_Neg_Ctrol_3,DNA_Neg_Ctrol_3,DNA_Neg_Ctrol_3,DNA_Neg_Ctrol_3
5,H2,F8,R2,D2E,187,GMKW,ROOT,1,C4,05/10/2022
5,A3,F1,R3,D2E,199,STHWK,ROOT,1,C4,05/10/2022
5,B3,F2,R3,D2E,208,RCHMD,LEAF,3,C4,05/10/2022
5,C3,F3,R3,D2E,217,WLDCP,ROOT,1,C4,05/10/2022
5,D3,F4,R3,D2E,220,TAWWD,LEAF,2,C4,05/10/2022
5,E3,F5,R3,D2E,258,LINEAG,LEAF,2,C5,05/10/2022
5,F3,F6,R3,D2E,267,CDPM,ROOT,3,C5,05/10/2022
5,G3,F7,R3,D2E,283,TAWWD,ROOT,1,C5,05/10/2022
5,H3,F8,R3,D2E,296,HTCH,LEAF,1,C5,05/10/2022
5,A4,F1,R4,D2E,6,SLCY,LEAF,1,C1,10/10/2022
5,B4,F2,R4,D2E,16,CROC,LEAF,1,C1,10/10/2022
5,C4,F3,R4,D2E,22,LINEAG,LEAF,1,C1,10/10/2022
5,D4,F4,R4,D2E,24,LWBKR,LEAF,2,C1,10/10/2022
5,E4,F5,R4,D2E,37,MTRD,ROOT,1,C1,10/10/2022
5,F4,F6,R4,D2E,50,HTCH,LEAF,1,C1,10/10/2022
5,G4,F7,R4,D2E,71,HARWD,ROOT,3,C2,10/10/2022
5,H4,F8,R4,D2E,94,LNGDL,LEAF,2,C2,10/10/2022
5,A5,F1,R5,D2E,107,SNDR,ROOT,3,C2,10/10/2022
5,B5,F2,R5,D2E,113,HOEF,ROOT,3,C2,10/10/2022
5,C5,F3,R5,D2E,134,HRWD,LEAF,2,C3,10/10/2022
5,D5,F4,R5,D2E,136,ATTP,LEAF,3,C3,10/10/2022
5,E5,F5,R5,D2E,170,HTCH,LEAF,1,C3,10/10/2022
5,F5,F6,R5,D2E,178,MALDW,LEAF,1,C3,10/10/2022
5,G5,F7,R5,D2E,190,BBW,LEAF,1,C4,10/10/2022
5,H5,F8,R5,D2E,221,LINEAG,ROOT,1,C4,10/10/2022
5,A6,F1,R6,D2E,236,HOEF,LEAF,3,C4,10/10/2022
5,B6,F2,R6,D2E,270,SAW,LEAF,1,C5,10/10/2022
5,C6,F3,R6,D2E,288,CDS,LEAF,1,C5,10/10/2022
5,D6,F4,R6,D2E,293,SNDR,ROOT,1,C5,10/10/2022
5,E6,F5,R6,D2E,297,WLDCP,ROOT,3,C5,10/10/2022
5,F6,F6,R6,D2E,302,STHWK,ROOT,3,C1,10/10/2022
5,G6,F7,R6,D2E,314,DYMK,ROOT,2,C2,10/10/2022
5,H6,F8,R6,D2E,328,TAWWD,LEAF,3,C4,10/10/2022
5,A7,F1,R7,D2E,5,SLCY,ROOT,3,C1,10/10/2022
5,B7,F2,R7,D2E,18,LNGDL,LEAF,3,C1,10/10/2022
5,C7,F3,R7,D2E,30,ATTP,LEAF,1,C1,10/10/2022
5,D7,F4,R7,D2E,41,CDS,ROOT,2,C1,10/10/2022
5,E7,F5,R7,D2E,48,SNDR,LEAF,1,C1,10/10/2022
5,F7,F6,R7,D2E,56,MALDW,LEAF,1,C1,10/10/2022
5,G7,F7,R7,D2E,67,LINEAG,ROOT,3,C2,10/10/2022
5,H7,F8,R7,D2E,90,SAW,LEAF,1,C2,10/10/2022
5,A8,F1,R8,D2E,104,STRTS,LEAF,2,C2,10/10/2022
5,B8,F2,R8,D2E,105,HLKH,ROOT,1,C2,10/10/2022
5,C8,F3,R8,D2E,116,MOCCA,LEAF,1,C2,10/10/2022
5,D8,F4,R8,D2E,117,MALDW,ROOT,1,C2,10/10/2022
5,E8,F5,R8,D2E,141,STHWK,ROOT,1,C3,10/10/2022
5,F8,F6,R8,D2E,146,SLCY,LEAF,1,C3,10/10/2022
5,G8,F7,R8,D2E,152,RCHMD,LEAF,1,C3,10/10/2022
5,H8,F8,R8,D2E,158,ASHC,LEAF,1,C3,10/10/2022
5,A9,F1,R9,D2E,181,RWDN,ROOT,1,C4,10/10/2022
5,B9,F2,R9,D2E,198,ANCST,LEAF,1,C4,10/10/2022
5,C9,F3,R9,D2E,211,ASHC,ROOT,2,C4,10/10/2022
5,D9,F4,R9,D2E,229,STRTS,ROOT,2,C4,10/10/2022
5,E9,F5,R9,D2E,241,RWDN,ROOT,1,C5,10/10/2022
5,F9,F6,R9,D2E,250,BBW,LEAF,1,C5,10/10/2022
5,G9,F7,R9,D2E,261,STHWK,ROOT,1,C5,10/10/2022
5,H9,F8,R9,D2E,263,MCOU,ROOT,2,C5,10/10/2022
5,A10,F1,R10,D2E,273,LANGDL,ROOT,2,C5,10/10/2022
5,B10,F2,R10,D2E,279,MOCCA,ROOT,1,C5,10/10/2022
5,C10,F3,R10,D2E,285,DYMK,ROOT,2,C5,10/10/2022
5,D10,F4,R10,D2E,291,HLKH,ROOT,3,C5,10/10/2022
5,E10,F5,R10,D2E,300,HOEF,LEAF,2,C5,10/10/2022
5,F10,F6,R10,D2E,303,STHWK,LEAF,2,C1,10/10/2022
5,G10,F7,R10,D2E,305,LINEAG,ROOT,2,C1,10/10/2022
5,H10,F8,R10,D2E,324,MALDW,LEAF,3,C3,10/10/2022
5,A11,F1,R11,D2E,327,TAWWD,LEAF,1,C4,10/10/2022
5,B11,F2,R11,D2E,329,ATTP,ROOT,2,C4,10/10/2022
5,C11,F3,R11,D2E,331,ATTP,LEAF,2,C4,10/10/2022
5,D11,F4,R11,D2E,350,HTCH,ROOT,2,C5,10/10/2022
5,E11,F5,R11,D2E,DNA_Neg_Ctrol_4,DNA_Neg_Ctrol_4,DNA_Neg_Ctrol_4,DNA_Neg_Ctrol_4,DNA_Neg_Ctrol_4,DNA_Neg_Ctrol_4
5,F11,F6,R11,D2E,DNA_Neg_Ctrol_5,DNA_Neg_Ctrol_5,DNA_Neg_Ctrol_5,DNA_Neg_Ctrol_5,DNA_Neg_Ctrol_5,DNA_Neg_Ctrol_5
5,G11,F7,R11,D2E,DNA_Neg_Ctrol_6,DNA_Neg_Ctrol_6,DNA_Neg_Ctrol_6,DNA_Neg_Ctrol_6,DNA_Neg_Ctrol_6,DNA_Neg_Ctrol_6
5,H11,F8,R11,D2E,No_used_combination,No_used_combination,No_used_combination,No_used_combination,No_used_combination,No_used_combination
5,A12,F1,R12,D2E,3,CDPM,ROOT,3,C1,11/10/2022
5,B12,F2,R12,D2E,11,ANCST,ROOT,1,C1,11/10/2022
5,C12,F3,R12,D2E,15,CROC,ROOT,1,C1,11/10/2022
5,D12,F4,R12,D2E,33,HARWD,ROOT,1,C1,11/10/2022
5,E12,F5,R12,D2E,43,STRTS,ROOT,1,C1,11/10/2022
5,F12,F6,R12,D2E,49,HTCH,ROOT,1,C1,11/10/2022
5,G12,F7,R12,D2E,64,MCOU,LEAF,3,C2,11/10/2022
5,H12,F8,R12,D2E,84,MTRD,LEAF,1,C2,11/10/2022
6,A1,F9,R1,D2E,92,RCHMD,LEAF,1,C2,11/10/2022
6,B1,F10,R1,D2E,93,LNGDL,ROOT,3,C2,11/10/2022
6,C1,F11,R1,D2E,118,MALDW,LEAF,1,C2,11/10/2022
6,D1,F12,R1,D2E,119,TAWWD,ROOT,1,C2,11/10/2022
6,E1,F13,R1,D2E,120,TAWWD,LEAF,2,C2,11/10/2022
6,F1,F14,R1,D2E,132,WINDW,LEAF,2,C3,11/10/2022
6,G1,F15,R1,D2E,137,LINEAG,ROOT,3,C3,11/10/2022
6,H1,F16,R1,D2E,PCR_NEG_Ctrol_2,PCR_NEG_Ctrol_2,PCR_NEG_Ctrol_2,PCR_NEG_Ctrol_2,PCR_NEG_Ctrol_2,PCR_NEG_Ctrol_2
6,A2,F9,R2,D2E,143,MCOU,ROOT,1,C3,11/10/2022
6,B2,F10,R2,D2E,150,SAW,LEAF,3,C3,11/10/2022
6,C2,F11,R2,D2E,153,LANGDL,ROOT,1,C3,11/10/2022
6,D2,F12,R2,D2E,168,SNDR,LEAF,1,C3,11/10/2022
6,E2,F13,R2,D2E,173,HOEF,ROOT,3,C3,11/10/2022
6,F2,F14,R2,D2E,193,HRWD,ROOT,1,C4,11/10/2022
6,G2,F15,R2,D2E,196,ATTP,LEAF,1,C4,11/10/2022
6,H2,F16,R2,D2E,197,ANCST,ROOT,1,C4,11/10/2022
6,A3,F9,R3,D2E,202,MCOU,LEAF,1,C4,11/10/2022
6,B3,F10,R3,D2E,204,CDPM,LEAF,3,C4,11/10/2022
6,C3,F11,R3,D2E,205,SAW,ROOT,3,C4,11/10/2022
6,D3,F12,R3,D2E,213,DYMK,ROOT,1,C4,11/10/2022
6,E3,F13,R3,D2E,223,SLCY,ROOT,1,C4,11/10/2022
6,F3,F14,R3,D2E,242,RWDN,LEAF,1,C5,11/10/2022
6,G3,F15,R3,D2E,243,LWBKR,ROOT,1,C5,11/10/2022
6,H3,F16,R3,D2E,252,WINDW,LEAF,3,C5,11/10/2022
6,A4,F9,R4,D2E,272,RCHMD,LEAF,1,C5,11/10/2022
6,B4,F10,R4,D2E,275,CROC,ROOT,1,C5,11/10/2022
6,C4,F11,R4,D2E,277,ASHC,ROOT,2,C5,11/10/2022
6,D4,F12,R4,D2E,278,ASHC,LEAF,3,C5,11/10/2022
6,E4,F13,R4,D2E,289,STRTS,ROOT,3,C5,11/10/2022
6,F4,F14,R4,D2E,298,WLDCP,LEAF,2,C5,11/10/2022
6,G4,F15,R4,D2E,301,STHWK,ROOT,2,C1,11/10/2022
6,H4,F16,R4,D2E,304,STHWK,LEAF,3,C1,11/10/2022
6,A5,F9,R5,D2E,318,HRWD,ROOT,2,C2,11/10/2022
6,B5,F10,R5,D2E,332,ATTP,LEAF,3,C4,11/10/2022
6,C5,F11,R5,D2E,334,HOEF,ROOT,3,C4,11/10/2022
6,D5,F12,R5,D2E,341,BBW,ROOT,2,C4,11/10/2022
6,E5,F13,R5,D2E,345,CDPM,ROOT,1,C4,11/10/2022
6,F5,F14,R5,D2E,349,HTCH,ROOT,1,C5,11/10/2022
6,G5,F15,R5,D2E,351,HTCH,LEAF,2,C5,11/10/2022
6,H5,F16,R5,D2E,354,MCOU,ROOT,3,C5,11/10/2022
6,A6,F9,R6,D2E,1,SAW,ROOT,1,C1,14/10/2022
6,B6,F10,R6,D2E,14,ASHC,LEAF,1,C1,14/10/2022
6,C6,F11,R6,D2E,38,MTRD,LEAF,2,C1,14/10/2022
6,D6,F12,R6,D2E,40,DYMK,LEAF,2,C1,14/10/2022
6,E6,F13,R6,D2E,46,HLKH,LEAF,1,C1,14/10/2022
6,F6,F14,R6,D2E,52,MOCCA,LEAF,1,C1,10/10/2022
6,G6,F15,R6,D2E,60,TAWWD,LEAF,3,C1,14/10/2022
6,H6,F16,R6,D2E,70,ATTP,LEAF,1,C2,14/10/2022
6,A7,F9,R7,D2E,72,HARWD,LEAF,3,C2,14/10/2022
6,B7,F10,R7,D2E,91,RCHMD,ROOT,1,C2,14/10/2022
6,C7,F11,R7,D2E,95,CROC,ROOT,1,C2,14/10/2022
6,D7,F12,R7,D2E,96,CROC,LEAF,1,C2,14/10/2022
6,E7,F13,R7,D2E,101,CDS,ROOT,2,C2,14/10/2022
6,F7,F14,R7,D2E,106,HLKH,LEAF,1,C2,14/10/2022
6,G7,F15,R7,D2E,122,RWDN,LEAF,3,C3,14/10/2022
6,H7,F16,R7,D2E,154,LANGDL,LEAF,2,C3,14/10/2022
6,A8,F9,R8,D2E,157,ASHC,ROOT,1,C3,14/10/2022
6,B8,F10,R8,D2E,166,HLKH,LEAF,1,C3,14/10/2022
6,C8,F11,R8,D2E,180,TAWWD,LEAF,3,C3,14/10/2022
6,D8,F12,R8,D2E,186,MTRD,LEAF,1,C4,14/10/2022
6,E8,F13,R8,D2E,216,HLKH,LEAF,1,C4,14/10/2022
6,F8,F14,R8,D2E,225,CROC,ROOT,2,C4,14/10/2022
6,G8,F15,R8,D2E,233,HTCH,ROOT,1,C4,14/10/2022
6,H8,F16,R8,D2E,238,MOCCA,LEAF,1,C4,14/10/2022
6,A9,F9,R9,D2E,245,MTRD,ROOT,2,C5,14/10/2022
6,B9,F10,R9,D2E,247,GMKW,ROOT,1,C5,14/10/2022
6,C9,F11,R9,D2E,253,HRWD,ROOT,3,C5,14/10/2022
6,D9,F12,R9,D2E,255,ATTP,ROOT,2,C5,10/10/2022
6,E9,F13,R9,D2E,262,STHWK,LEAF,1,C5,14/10/2022
6,F9,F14,R9,D2E,269,SAW,ROOT,3,C5,14/10/2022
6,G9,F15,R9,D2E,280,MOCCA,LEAF,1,C5,14/10/2022
6,H9,F16,R9,D2E,282,MALDW,LEAF,1,C5,14/10/2022
6,A10,F9,R10,D2E,287,CDS,ROOT,3,C5,14/10/2022
6,B10,F10,R10,D2E,290,STRTS,LEAF,3,C5,14/10/2022
6,C10,F11,R10,D2E,294,SNDR,LEAF,1,C5,14/10/2022
6,D10,F12,R10,D2E,299,HOEF,ROOT,3,C5,14/10/2022
6,E10,F13,R10,D2E,310,WINDW,ROOT,3,C2,14/10/2022
6,F10,F14,R10,D2E,313,DYMK,ROOT,1,C2,14/10/2022
6,G10,F15,R10,D2E,320,HRWD,LEAF,2,C2,14/10/2022
6,H10,F16,R10,D2E,322,MALDW,ROOT,3,C3,14/10/2022
6,A11,F9,R11,D2E,337,SLCY,ROOT,2,C4,14/10/2022
6,B11,F10,R11,D2E,339,SLCY,LEAF,2,C4,14/10/2022
6,C11,F11,R11,D2E,342,BBW,ROOT,3,C4,14/10/2022
6,D11,F12,R11,D2E,347,CDPM,LEAF,1,C4,14/10/2022
6,E11,F13,R11,D2E,355,MCOU,LEAF,2,C5,14/10/2022
6,F11,F14,R11,D2E,357,SAW,ROOT,1,C5,14/10/2022
6,G11,F15,R11,D2E,358,SAW,ROOT,2,C5,14/10/2022
6,H11,F16,R11,D2E,No_used_combination,No_used_combination,No_used_combination,No_used_combination,No_used_combination,No_used_combination
6,A12,F9,R12,D2E,CP_1_tree_16S,ASHC,ALL,NA,C1,
6,B12,F10,R12,D2E,CP_5_tree_16S,ASHC,ALL,NA,C5,
6,C12,F11,R12,D2E,CP_31_tree_16S,WLDCP,ALL,NA,C1,
6,D12,F12,R12,D2E,CP_32_tree_16S,WLDCP,ALL,NA,C3+C2,
6,E12,F13,R12,D2E,CP_33_tree_16S,WLDCP,ALL,NA,C2+C3,
6,F12,F14,R12,D2E,CP_34_tree_16S,WLDCP,ALL,NA,C4,
6,G12,F15,R12,D2E,CP_35_tree_16S,WLDCP,ALL,NA,C5,
6,H12,F16,R12,D2E,CP_40_tree_16S,LNGDL,ALL,NA,C5,
7,A1,F17,R1,D2E,4,CDPM,LEAF,2,C1,17/10/2022
7,B1,F18,R1,D2E,10,STHWK,LEAF,1,C1,17/10/2022
7,C1,F19,R1,D2E,13,ASHC,ROOT,2,C1,17/10/2022
7,D1,F20,R1,D2E,23,LWBKR,ROOT,2,C1,17/10/2022
7,E1,F21,R1,D2E,34,HARWD,LEAF,1,C1,17/10/2022
7,F1,F22,R1,D2E,PCR_NEG_CTROL_3,PCR_NEG_CTROL_3,PCR_NEG_CTROL_3,PCR_NEG_CTROL_3,PCR_NEG_CTROL_3,
7,G1,F23,R1,D2E,61,ANCST,ROOT,1,C2,17/10/2022
7,H1,F24,R1,D2E,68,LINEAG,LEAF,2,C2,17/10/2022
7,A2,F17,R2,D2E,76,BBW,LEAF,1,C2,17/10/2022
7,B2,F18,R2,D2E,80,RWDN,LEAF,3,C2,17/10/2022
7,C2,F19,R2,D2E,112,WLDCP,LEAF,3,C2,17/10/2022
7,D2,F20,R2,D2E,115,MOCCA,ROOT,1,C2,17/10/2022
7,E2,F21,R2,D2E,123,LWBKR,ROOT,3,C3,17/10/2022
7,F2,F22,R2,D2E,126,MTRD,LEAF,1,C3,17/10/2022
7,G2,F23,R2,D2E,133,HRWD,ROOT,3,C3,17/10/2022
7,H2,F24,R2,D2E,135,ATTP,ROOT,3,C3,17/10/2022
7,A3,F17,R3,D2E,139,ANCST,ROOT,1,C3,17/10/2022
7,B3,F18,R3,D2E,145,SLCY,ROOT,3,C3,17/10/2022
7,C3,F19,R3,D2E,160,DYMK,LEAF,2,C3,17/10/2022
7,D3,F20,R3,D2E,174,HOEF,LEAF,1,C3,17/10/2022
7,E3,F21,R3,D2E,176,MOCCA,LEAF,1,C3,17/10/2022
7,F3,F22,R3,D2E,192,WINDW,LEAF,2,C4,17/10/2022
7,G3,F23,R3,D2E,359,SAW,LEAF,2,C5,17/10/2022
7,H3,F24,R3,D2E,194,HRWD,LEAF,3,C4,17/10/2022
7,A4,F17,R4,D2E,200,STHWK,LEAF,1,C4,17/10/2022
7,B4,F18,R4,D2E,207,RCHMD,ROOT,2,C4,17/10/2022
7,C4,F19,R4,D2E,215,HLKH,ROOT,1,C4,17/10/2022
7,D4,F20,R4,D2E,219,TAWWD,ROOT,3,C4,17/10/2022
7,E4,F21,R4,D2E,226,CROC,LEAF,2,C4,17/10/2022
7,F4,F22,R4,D2E,230,STRTS,LEAF,3,C4,17/10/2022
7,G4,F23,R4,D2E,239,MALDW,ROOT,1,C4,17/10/2022
7,H4,F24,R4,D2E,CP_36_tree_16S,LANGDL,ALL,NA,C1,
7,A5,F17,R5,D2E,254,HRWD,LEAF,1,C5,17/10/2022
7,B5,F18,R5,D2E,260,ANCST,LEAF,1,C5,17/10/2022
7,C5,F19,R5,D2E,265,SLCY,ROOT,3,C5,17/10/2022
7,D5,F20,R5,D2E,268,CDPM,LEAF,3,C5,17/10/2022
7,E5,F21,R5,D2E,271,RCHMD,ROOT,1,C5,17/10/2022
7,F5,F22,R5,D2E,274,LANGDL,LEAF,1,C5,17/10/2022
7,G5,F23,R5,D2E,276,CROC,LEAF,1,C5,17/10/2022
7,H5,F24,R5,D2E,286,DYMK,LEAF,3,C5,17/10/2022
7,A6,F17,R6,D2E,309,WINDW,ROOT,2,C2,17/10/2022
7,B6,F18,R6,D2E,311,WINDW,LEAF,1,C2,17/10/2022
7,C6,F19,R6,D2E,312,WINDW,LEAF,3,C2,17/10/2022
7,D6,F20,R6,D2E,319,HRWD,LEAF,1,C2,17/10/2022
7,E6,F21,R6,D2E,330,ATTP,ROOT,1,C4,17/10/2022
7,F6,F22,R6,D2E,338,SLCY,ROOT,3,C4,17/10/2022
7,G6,F23,R6,D2E,340,SLCY,LEAF,3,C4,17/10/2022
7,H6,F24,R6,D2E,344,BBW,LEAF,3,C4,17/10/2022
7,A7,F17,R7,D2E,7,MCOU,ROOT,2,C1,19/10/2022
7,B7,F18,R7,D2E,9,STHWK,ROOT,1,C1,19/10/2022
7,C7,F19,R7,D2E,17,LNGDL,ROOT,1,C1,19/10/2022
7,D7,F20,R7,D2E,19,RCHMND,ROOT,3,C1,19/10/2022
7,E7,F21,R7,D2E,26,GMKW,LEAF,1,C1,19/10/2022
7,F7,F22,R7,D2E,27,WINDW,ROOT,1,C1,19/10/2022
7,G7,F23,R7,D2E,32,RWDN,LEAF,1,C1,19/10/2022
7,H7,F24,R7,D2E,51,MOCCA,ROOT,1,C1,19/10/2022
7,A8,F17,R8,D2E,62,ANCST,LEAF,1,C2,19/10/2022
7,B8,F18,R8,D2E,65,STHWK,ROOT,1,C2,19/10/2022
7,C8,F19,R8,D2E,75,BBW,ROOT,1,C2,19/10/2022
7,D8,F20,R8,D2E,78,GMKW,LEAF,1,C2,19/10/2022
7,E8,F21,R8,D2E,81,LWBKR,ROOT,2,C2,19/10/2022
7,F8,F22,R8,D2E,99,DYMK,ROOT,3,C2,19/10/2022
7,G8,F23,R8,D2E,129,BBW,ROOT,1,C3,19/10/2022
7,H8,F24,R8,D2E,130,BBW,LEAF,1,C3,19/10/2022
7,A9,F17,R9,D2E,147,CDPM,ROOT,3,C3,19/10/2022
7,B9,F18,R9,D2E,148,CDPM,LEAF,1,C3,19/10/2022
7,C9,F19,R9,D2E,149,SAW,ROOT,1,C3,19/10/2022
7,D9,F20,R9,D2E,155,CROC,ROOT,1,C3,19/10/2022
7,E9,F21,R9,D2E,156,CROC,LEAF,1,C3,19/10/2022
7,F9,F22,R9,D2E,161,CDS,ROOT,3,C3,19/10/2022
7,G9,F23,R9,D2E,163,STRTS,ROOT,2,C3,19/10/2022
7,H9,F24,R9,D2E,171,WLDCP,ROOT,2,C3,19/10/2022
7,A10,F17,R10,D2E,172,WLDCP,LEAF,2,C3,19/10/2022
7,B10,F18,R10,D2E,175,MOCCA,ROOT,1,C3,19/10/2022
7,C10,F19,R10,D2E,183,LWBKR,ROOT,3,C4,19/10/2022
7,D10,F20,R10,D2E,184,LWBKR,LEAF,3,C4,19/10/2022
7,E10,F21,R10,D2E,188,GMKW,LEAF,3,C4,19/10/2022
7,F10,F22,R10,D2E,189,BBW,ROOT,1,C4,19/10/2022
7,G10,F23,R10,D2E,201,MCOU,ROOT,1,C4,19/10/2022
7,H10,F24,R10,D2E,203,CDPM,ROOT,3,C4,19/10/2022
7,A11,F17,R11,D2E,209,LANGDL,ROOT,3,C4,19/10/2022
7,B11,F18,R11,D2E,210,LANGDL,LEAF,3,C4,19/10/2022
7,C11,F19,R11,D2E,222,LINEAG,LEAF,3,C4,19/10/2022
7,D11,F20,R11,D2E,231,SNDR,ROOT,1,C4,19/10/2022
7,E11,F21,R11,D2E,232,SNDR,LEAF,1,C4,19/10/2022
7,F11,F22,R11,D2E,244,LWBKR,LEAF,1,C5,19/10/2022
7,G11,F23,R11,D2E,246,MTRD,LEAF,1,C5,19/10/2022
7,H11,F24,R11,D2E,249,BBW,ROOT,1,C5,19/10/2022
7,A12,F17,R12,D2E,251,WINDW,ROOT,3,C5,19/10/2022
7,B12,F18,R12,D2E,284,TAWWD,LEAF,1,C5,19/10/2022
7,C12,F19,R12,D2E,292,HLKH,LEAF,2,C5,19/10/2022
7,D12,F20,R12,D2E,295,HTCH,ROOT,3,C5,19/10/2022
7,E12,F21,R12,D2E,142,STHWK,LEAF,1,C3,19/10/2022
7,F12,F22,R12,D2E,82,LWBKR,LEAF,3,C2,19/10/2022
7,G12,F23,R12,D2E,DNA_Neg_9,DNA_Neg_10,DNA_Neg_11,DNA_Neg_12,DNA_Neg_13,19/10/2022
7,H12,F24,R12,D2E,CP_30_tree_16S,DYMK,ALL,NA,C5,
8,A1,F1,R13,D2E,2,SAW,LEAF,1,C1,18/10/2022
8,B1,F2,R13,D2E,8,MCOU,LEAF,2,C1,18/10/2022
8,C1,F3,R13,D2E,25,GMKW,ROOT,2,C1,18/10/2022
8,D1,F4,R13,D2E,28,WINDW,LEAF,3,C1,18/10/2022
8,E1,F5,R13,D2E,29,ATTP,ROOT,2,C1,18/10/2022
8,F1,F6,R13,D2E,35,BBW,ROOT,1,C1,18/10/2022
8,G1,F7,R13,D2E,39,DYMK,ROOT,1,C1,18/10/2022
8,H1,F8,R13,D2E,44,STRTS,LEAF,2,C1,18/10/2022
8,A2,F1,R14,D2E,47,SNDR,ROOT,1,C1,18/10/2022
8,B2,F2,R14,D2E,54,WLDCP,LEAF,1,C1,18/10/2022
8,C2,F3,R14,D2E,74,WINDW,LEAF,2,C2,18/10/2022
8,D2,F4,R14,D2E,79,RWDN,ROOT,2,C2,18/10/2022
8,E2,F5,R14,D2E,87,CDPM,ROOT,3,C2,18/10/2022
8,F2,F6,R14,D2E,108,SNDR,LEAF,3,C2,18/10/2022
8,G2,F7,R14,D2E,110,HTCH,LEAF,1,C2,18/10/2022
8,H2,F8,R14,D2E,111,WLDCP,ROOT,2,C2,18/10/2022
8,A3,F1,R15,D2E,125,MTRD,ROOT,1,C3,18/10/2022
8,B3,F2,R15,D2E,127,GMKW,ROOT,1,C3,18/10/2022
8,C3,F3,R15,D2E,140,ANCST,LEAF,1,C3,18/10/2022
8,D3,F4,R15,D2E,144,MCOU,LEAF,1,C3,18/10/2022
8,E3,F5,R15,D2E,151,RCHMD,ROOT,1,C3,18/10/2022
8,F3,F6,R15,D2E,162,CDS,LEAF,2,C3,18/10/2022
8,G3,F7,R15,D2E,167,SNDR,ROOT,1,C3,18/10/2022
8,H3,F8,R15,D2E,177,MALDW,ROOT,1,C3,18/10/2022
8,A4,F1,R16,D2E,179,TAWWD,ROOT,2,C3,18/10/2022
8,B4,F2,R16,D2E,182,RWDN,LEAF,1,C4,18/10/2022
8,C4,F3,R16,D2E,185,MTRD,ROOT,2,C4,18/10/2022
8,D4,F4,R16,D2E,195,ATTP,ROOT,3,C4,18/10/2022
8,E4,F5,R16,D2E,212,ASHC,LEAF,3,C4,18/10/2022
8,F4,F6,R16,D2E,214,DYMK,LEAF,1,C4,18/10/2022
8,G4,F7,R16,D2E,218,WLDCP,LEAF,3,C4,18/10/2022
8,H4,F8,R16,D2E,224,SLCY,LEAF,1,C4,18/10/2022
8,A5,F1,R17,D2E,227,CDS,ROOT,1,C4,18/10/2022
8,B5,F2,R17,D2E,240,MALDW,LEAF,1,C4,18/10/2022
8,C5,F3,R17,D2E,259,ANCST,ROOT,1,C5,18/10/2022
8,D5,F4,R17,D2E,264,MCOU,LEAF,1,C5,18/10/2022
8,E5,F5,R17,D2E,266,SLCY,LEAF,1,C5,18/10/2022
8,F5,F6,R17,D2E,PCR_Neg_Ctrol_4,NA,NA,NA,NA,NA
8,G5,F7,R17,D2E,306,LINEAG,ROOT,3,C1,18/10/2022
8,H5,F8,R17,D2E,316,DYMK,LEAF,2,C2,18/10/2022
8,A6,F1,R18,D2E,No_used_combination,No_used_combination,No_used_combination,No_used_combination,No_used_combination,No_used_combination
8,B6,F2,R18,D2E,321,MALDW,ROOT,2,C3,18/10/2022
8,C6,F3,R18,D2E,325,TAWWD,ROOT,1,C4,18/10/2022
8,D6,F4,R18,D2E,335,HOEF,LEAF,1,C4,18/10/2022
8,E6,F5,R18,D2E,346,CDPM,ROOT,2,C4,18/10/2022
8,F6,F6,R18,D2E,352,HTCH,LEAF,3,C5,18/10/2022
8,G6,F7,R18,D2E,356,MCOU,LEAF,3,C5,18/10/2022
8,H6,F8,R18,D2E,360,SAW,LEAF,3,C5,18/10/2022
8,A7,F1,R19,D2E,21,LINEAG,ROOT,1,C1,18/10/2022
8,B7,F2,R19,D2E,42,CDS,LEAF,1,C1,18/10/2022
8,C7,F3,R19,D2E,45,HLKH,ROOT,1,C1,18/10/2022
8,D7,F4,R19,D2E,55,MALDW,ROOT,3,C1,18/10/2022
8,E7,F5,R19,D2E,57,HOEF,ROOT,3,C1,18/10/2022
8,F7,F6,R19,D2E,58,HOEF,LEAF,3,C1,18/10/2022
8,G7,F7,R19,D2E,63,MCOU,ROOT,1,C2,18/10/2022
8,H7,F8,R19,D2E,83,MTRD,ROOT,3,C2,18/10/2022
8,A8,F1,R20,D2E,85,SLCY,ROOT,1,C2,18/10/2022
8,B8,F2,R20,D2E,88,CDPM,LEAF,3,C2,18/10/2022
8,C8,F3,R20,D2E,89,SAW,ROOT,3,C2,18/10/2022
8,D8,F4,R20,D2E,CP_41_tree_16S,MALDW,ALL,NA,C1,NA
8,E8,F5,R20,D2E,97,ASHC,ROOT,3,C2,18/10/2022
8,F8,F6,R20,D2E,98,ASHC,LEAF,1,C2,18/10/2022
8,G8,F7,R20,D2E,102,CDS,LEAF,2,C2,18/10/2022
8,H8,F8,R20,D2E,103,STRTS,ROOT,2,C2,18/10/2022
8,A9,F1,R21,D2E,109,HTCH,ROOT,1,C2,18/10/2022
8,B9,F2,R21,D2E,121,RWDN,ROOT,1,C3,18/10/2022
8,C9,F3,R21,D2E,131,WINDW,ROOT,1,C3,18/10/2022
8,D9,F4,R21,D2E,138,LINEAG,LEAF,1,C3,18/10/2022
8,E9,F5,R21,D2E,165,HLKH,ROOT,2,C3,18/10/2022
8,F9,F6,R21,D2E,169,HTCH,ROOT,1,C3,18/10/2022
8,G9,F7,R21,D2E,191,WINDW,ROOT,2,C4,18/10/2022
8,H9,F8,R21,D2E,206,SAW,LEAF,1,C4,18/10/2022
8,A10,F1,R22,D2E,228,CDS,LEAF,3,C4,18/10/2022
8,B10,F2,R22,D2E,234,HTCH,LEAF,1,C4,18/10/2022
8,C10,F3,R22,D2E,235,HOEF,ROOT,2,C4,18/10/2022
8,D10,F4,R22,D2E,237,MOCCA,ROOT,1,C4,18/10/2022
8,E10,F5,R22,D2E,248,GMKW,LEAF,3,C5,18/10/2022
8,F10,F6,R22,D2E,256,ATTP,LEAF,3,C5,18/10/2022
8,G10,F7,R22,D2E,257,LINEAG,ROOT,3,C5,18/10/2022
8,H10,F8,R22,D2E,281,MALDW,ROOT,1,C5,18/10/2022
8,A11,F1,R23,D2E,307,LINEAG,LEAF,2,C1,18/10/2022
8,B11,F2,R23,D2E,308,LINEAG,LEAF,3,C1,18/10/2022
8,C11,F3,R23,D2E,315,DYMK,LEAF,1,C2,18/10/2022
8,D11,F4,R23,D2E,317,HRWD,ROOT,1,C2,18/10/2022
8,E11,F5,R23,D2E,323,MALDW,LEAF,2,C3,18/10/2022
8,F11,F6,R23,D2E,326,TAWWD,ROOT,2,C4,18/10/2022
8,G11,F7,R23,D2E,333,HOEF,ROOT,1,C4,18/10/2022
8,H11,F8,R23,D2E,336,HOEF,LEAF,2,C4,18/10/2022
8,A12,F1,R24,D2E,343,BBW,LEAF,2,C4,18/10/2022
8,B12,F2,R24,D2E,348,CDPM,LEAF,2,C4,18/10/2022
8,C12,F3,R24,D2E,353,MCOU,ROOT,1,C5,18/10/2022
8,D12,F4,R24,D2E,DNA_Neg_7_8,DNA_Neg_7_8,DNA_Neg_7_8,DNA_Neg_7_8,DNA_Neg_7_8,
8,E12,F5,R24,D2E,CP_37_tree_16S,LNGDL,ALL,NA,C2,NA
8,F12,F6,R24,D2E,CP_38_tree_16S,LNGDL,ALL,NA,C3,NA
8,G12,F7,R24,D2E,CP_39_tree_16S,LNGDL,ALL,NA,C4,NA
8,H12,F8,R24,D2E,CP_40_tree_16S,LNGDL,ALL,NA,C5,NA
510,510,F9,R13,D2E,CP_42_tree_16S,MALDW,ALL,NA,C2,
9,B4,F10,R13,D2E,CP_43_tree_16S,MALDW,ALL,NA,C3,
9,C4,F11,R13,D2E,CP_44_tree_16S,MALDW,ALL,NA,C4,
9,D4,F12,R13,D2E,CP_45_tree_16S,MALDW,ALL,NA,C5,
9,E4,F13,R13,D2E,CP_46_tree_16S,HOEF,ALL,NA,C1,
9,F4,F14,R13,D2E,CP_47_tree_16S,HOEF,ALL,NA,C2,
9,G4,F15,R13,D2E,CP_48_tree_16S,HOEF,ALL,NA,C3,
9,H4,F16,R13,D2E,CP_49_tree_16S,HOEF,ALL,NA,C4,
511,511,F9,R14,D2E,CP_50_tree_16S,HOEF,ALL,NA,C5,
9,B5,F10,R14,D2E,CP_51_tree_16S,LINEAG,ALL,NA,C1,
9,C5,F11,R14,D2E,CP_52_tree_16S,LINEAG,ALL,NA,C2,
9,D5,F12,R14,D2E,CP_53_tree_16S,LINEAG,ALL,NA,C3,
9,E5,F13,R14,D2E,CP_54_tree_16S,LINEAG,ALL,NA,C4,
9,F5,F14,R14,D2E,CP_86_tree_16S,SLCY,ALL,NA,C1,
9,G5,F15,R14,D2E,Iso_Ctrol_1,ALL,ALL,NA,ALL,
9,H5,F16,R14,D2E,Iso_Ctrol_2,ALL,ALL,NA,ALL,
512,512,F9,R15,D2E,Iso_Ctrol_3,ALL,ALL,NA,ALL,
29,B30,F11,R15,D2E,164,STRTS,LEAF,1,C3,
29,C30,F12,R15,D2E,159,DYMK,ROOT,2,C3,
29,D30,F13,R15,D2E,128,GMKW,LEAF,3,C3,
29,E30,F14,R15,D2E,66,STHWK,LEAF,1,C2,
29,F30,F15,R15,D2E,36,BBW,LEAF,1,C1,
29,G30,F16,R15,D2E,53,WLDCP,ROOT,1,C1,