Plate,Well,Tube,Extraction,Date,Tissue,Site,Tree,SampleWeight,Fluoro,Conc,Band_intensity,Pool,Fw_barcode,Rev_barcode
1,A1,NA,1,21/02/2022,Leaf,ATTP,A18,0.13,636.177,33.79091758,High,Y,F1,R1
1,B1,NA,1,21/02/2022,Leaf,MOCCA,A8,0.19,437.753,15.57673301,Mid,Y,F1,R2
1,C1,NA,1,21/02/2022,Leaf,MALDW,C4,0.22,622.894,32.57161441,Mid,Y,F1,R3
1,D1,NA,1,21/02/2022,Leaf,HOEF,A16,0.19,678.999,37.72173145,High,Y,F1,R4
1,E1,NA,1,21/02/2022,Leaf,HLKH,C5,0.22,641.248,34.25640628,High,Y,F1,R5
1,F1,NA,1,21/02/2022,Leaf,STRTS,C4,0.19,637.928,33.95164933,High,Y,F1,R6
1,G1,NA,1,21/02/2022,Leaf,HTCH,A13,0.21,285.647,1.614275054,Low,Y,F1,R7
1,H1,NA,1,21/02/2022,Leaf,WINDW,A13,0.19,513.572,22.53648214,Mid,Y,F1,R8
1,A2,NA,1,21/02/2022,Leaf,HTCH,C3,0.13,691.593,38.87778839,High,Y,F2,R1
1,B2,NA,1,21/02/2022,Leaf,ATTP,C2,0.12,667.355,36.65287907,High,Y,F2,R2
1,C2,NA,1,21/02/2022,Leaf,WINDW,A18,0.18,714.203,40.95325664,High,Y,F2,R3
1,D2,NA,1,21/02/2022,Leaf,SNDR,C4,0.24,680.128,37.82536718,High,Y,F2,R4
1,E2,NA,1,21/02/2022,Leaf,ATTP,C3,0.16,489.847,20.35866328,High,Y,F2,R5
1,F2,NA,1,21/02/2022,Leaf,HTCH,A17,0.13,631.695,33.3794957,High,Y,F2,R6
1,G2,NA,1,21/02/2022,Leaf,RCHMD,A10,0.19,283.385,1.406636434,Low,Y,F2,R7
1,H2,NA,1,21/02/2022,Leaf,HTCH,C4,0.18,529.65,24.01235027,Mid,Y,F2,R8
1,A3,NA,1,21/02/2022,Leaf,GMKW,A17,0.17,1046.721,71.47650093,High,Y,F3,R1
1,B3,NA,1,21/02/2022,Leaf,STHWK,A12,0.26,672.437,37.11937751,High,Y,F3,R2
1,C3,NA,1,21/02/2022,Leaf,SNDR,C3,0.27,627.36,32.98156758,High,Y,F3,R3
1,D3,NA,1,21/02/2022,Leaf,ATTP,C5,0.21,702.691,39.8965211,High,Y,F3,R4
1,E3,NA,1,21/02/2022,Leaf,MOCCA,A16,0.18,732.69,42.65025716,High,Y,F3,R5
1,F3,NA,1,21/02/2022,Leaf,RCHMD,A6,0.17,711.472,40.70256651,High,Y,F3,R6
1,G3,NA,1,21/02/2022,Leaf,LNGDL,A9,0.13,487.412,20.13514425,Mid,Y,F3,R7
1,H3,NA,1,21/02/2022,Leaf,STHWK,A6,0.18,417.669,13.73313706,Mid,Y,F3,R8
13,A1,NA,1,21/02/2022,Leaf,GMKW,C3,0.16,869.92,58.82498071,High,Y,F4,R1
13,B1,NA,1,21/02/2022,Leaf,RCHMD,C1,0.17,639.821,41.17569571,High,Y,F4,R2
13,C1,NA,1,21/02/2022,Leaf,HRWD,C3,0.22,526.893,32.51377864,High,Y,F4,R3
13,D1,NA,1,21/02/2022,Leaf,CROC,C2,0.18,955.409,65.382244,High,Y,F4,R4
13,E1,NA,1,21/02/2022,Leaf,TAWWD,C4,0.09,750.3,49.64976712,High,Y,F4,R5
13,F1,NA,2,22/02/2022,Leaf,ATTP,A20,0.21,744.541,49.20803451,High,Y,F4,R6
13,G1,NA,2,22/02/2022,Leaf,ATTP,A12,0.17,351.994,19.09849958,Mid,Y,F4,R7
13,H1,NA,2,22/02/2022,Leaf,CROC,C5,0.23,761.322,50.49518765,High,Y,F4,R8
13,A2,NA,2,22/02/2022,Leaf,DYMK,C1,0.25,875.008,59.21524561,High,Y,F5,R1
13,B2,NA,2,22/02/2022,Leaf,HLKH,A12,0.18,609.545,38.8534355,High,Y,F5,R2
13,C2,NA,2,22/02/2022,Leaf,HLKH,A18,0.19,632.316,40.60003965,High,Y,F5,R3
13,D2,NA,2,22/02/2022,Leaf,HLKH,A16,0.21,752.125,49.78975011,High,Y,F5,R4
13,E2,NA,2,22/02/2022,Leaf,HLKH,C3,0.17,688.11,44.87960717,High,Y,F5,R5
13,F2,NA,2,22/02/2022,Leaf,HOEF,A9,0.1,725.162,47.72160695,High,Y,F5,R6
13,G2,NA,2,22/02/2022,Leaf,HOEF,C2,0.18,518.512,31.87093075,High,Y,F5,R7
13,H2,NA,2,22/02/2022,Leaf,HRWD,C5,0.18,673.188,43.73504492,High,Y,F5,R8
1,A6,NA,2,22/02/2022,Leaf,LINEAG,C4,0.15,842.324,52.71402923,High,Y,F6,R1
1,B6,NA,2,22/02/2022,Leaf,LNGDL,C2,0.2,647.889,34.86601197,High,Y,F6,R2
1,C6,NA,2,22/02/2022,Leaf,LNGDL,A15,0.2,880.159,56.18706512,Mid,Y,F6,R3
1,D6,NA,2,22/02/2022,Leaf,LWBKR,C3,0.2,764.069,45.53066929,Low,Y,F6,R4
1,E6,NA,2,22/02/2022,Leaf,MOCCA,C3,0.2,876.85,55.88331791,Mid,Y,F6,R5
1,F6,NA,2,22/02/2022,Leaf,MOCCA,A10,0.18,944.071,62.05381997,Mid,Y,F6,R6
1,G6,NA,2,22/02/2022,Leaf,MOCCA,A20,0.23,660.745,36.046119,High,Y,F6,R7
1,H6,NA,2,22/02/2022,Leaf,MOCCA,C4,0.19,803.02,49.10614758,High,Y,F6,R8
1,A7,NA,2,22/02/2022,Leaf,MOCCA,A11,0.17,620.952,32.39334995,High,Y,F7,R1
1,B7,NA,2,22/02/2022,Leaf,MOCCA,A19,0.2,529.522,24.00060061,High,Y,F7,R2
1,C7,NA,2,22/02/2022,Leaf,RCHMD,A11,0.2,653.552,35.38584288,High,Y,F7,R3
1,D7,NA,2,22/02/2022,Leaf,RWDN,C3,0.16,756.822,44.86543628,High,Y,F7,R4
1,E7,NA,2,22/02/2022,Leaf,SAW,C3,0.18,738.782,43.2094678,High,Y,F7,R5
1,F7,NA,2,22/02/2022,Leaf,SAW,C1,0.22,790.244,47.93338409,High,Y,F7,R6
1,G7,NA,2,22/02/2022,Leaf,STHWK,A15,0.14,441.195,15.89268886,High,Y,F7,R7
1,H7,NA,2,22/02/2022,Leaf,STHWK,A14,0.18,320.696,4.83157213,Mid,Y,F7,R8
1,A8,NA,2,22/02/2022,Leaf,STHWK,A8,0.18,402.279,12.32042338,Mid,Y,F8,R1
1,B8,NA,2,22/02/2022,Leaf,WINDW,A10,0.16,645.201,34.619269,High,Y,F8,R2
1,C8,NA,3,23/02/2022,Leaf,ANCST,C4,0.22,821.676,50.81866132,High,Y,F8,R3
1,D8,NA,3,23/02/2022,Leaf,ASHC,C5,0.2,743.256,43.62015532,High,Y,F8,R4
1,E8,NA,3,23/02/2022,Leaf,ATTP,A7,0.08,1123.387,78.51399979,High,Y,F8,R5
1,F8,NA,3,23/02/2022,Leaf,CDPM,C3,0.21,1028.6,69.81309711,High,Y,F8,R6
1,G8,NA,3,23/02/2022,Leaf,CDPM,C4,0.16,618.882,32.20333583,High,Y,F8,R7
1,H8,NA,3,23/02/2022,Leaf,GMKW,A14,0.11,659.838,35.96286161,High,Y,F8,R8
1,A9,NA,3,23/02/2022,Leaf,GMKW,C5,0.16,808.013,49.56447632,High,Y,F9,R1
1,B9,NA,3,23/02/2022,Leaf,HLKH,C1,0.19,867.466,55.02192056,High,Y,F9,R2
1,C9,NA,3,23/02/2022,Leaf,HLKH,A14,0.22,1012.18,68.30583534,Mid,Y,F9,R3
1,D9,NA,3,23/02/2022,Leaf,HOEF,A19,0.14,754.894,44.68845694,Low,Y,F9,R4
1,E9,NA,3,23/02/2022,Leaf,HTCH,A6,0.15,856.195,53.98730744,Low,Y,F9,R5
1,F9,NA,3,23/02/2022,Leaf,HTCH,A11,0.12,990.531,66.31858137,Mid,Y,F9,R6
1,G9,NA,3,23/02/2022,Leaf,LNGDL,C3,0.22,504.927,21.74292074,High,Y,F9,R7
1,H9,NA,3,23/02/2022,Leaf,MALDW,C5,0.18,589.625,29.51771112,High,Y,F9,R8
1,A10,NA,3,23/02/2022,Leaf,MTRD,C4,0.17,972.519,64.66518313,High,Y,F10,R1
1,B10,NA,3,23/02/2022,Leaf,MTRD,C3,0.19,995.756,66.79820638,High,Y,F10,R2
1,C10,NA,3,23/02/2022,Leaf,RCHMD,A8,0.11,1040.065,70.86551832,High,Y,F10,R3
1,D10,NA,3,23/02/2022,Leaf,RCHMD,C3,0.23,896.927,57.7262713,High,Y,F10,R4
1,E10,NA,3,23/02/2022,Leaf,RWDN,C5,0.15,704.487,40.06138359,High,Y,F10,R5
1,F10,NA,3,23/02/2022,Leaf,SAW,C5,0.21,890.248,57.11317743,High,Y,F10,R6
1,G10,NA,3,23/02/2022,Leaf,SLCY,C1,0.23,553.007,26.15638884,High,Y,F10,R7
1,H10,NA,3,23/02/2022,Leaf,SNDR,C5,0.22,733.601,42.73388173,High,Y,F10,R8
13,A3,NA,3,23/02/2022,Leaf,STHWK,C4,0.17,813.14,54.46978402,High,Y,F11,R1
13,B3,NA,3,23/02/2022,Leaf,STHWK,A11,0.18,469.065,28.0781972,Low,Y,F11,R2
13,C3,NA,3,23/02/2022,Leaf,STHWK,A10,0.15,629.058,40.35014126,Mid,Y,F11,R3
13,D3,NA,3,23/02/2022,Leaf,STRTS,C3,0.12,681.105,44.34230262,Mid,Y,F11,R4
13,E3,NA,3,23/02/2022,Leaf,WINDW,C4,0.21,612.665,39.09274888,High,Y,F11,R5
13,F3,NA,3,23/02/2022,Leaf,WINDW,A16,0.24,419.331,24.2634499,Mid,Y,F11,R6
13,G3,NA,3,23/02/2022,Leaf,WLDCP,C1,0.17,473.215,28.39651468,High,Y,F11,R7
13,H3,NA,4,24/02/2022,Leaf,ATTP,A15,0.14,583.924,36.88822778,High,Y,F11,R8
1,A12,NA,4,24/02/2022,Leaf,ATTP,A14,0.15,1464.162,109.7951893,High,Y,F12,R1
1,B12,NA,4,24/02/2022,Leaf,BBW,C1,0.22,1040.549,70.90994675,Low,Y,F12,R2
1,C12,NA,4,24/02/2022,Leaf,CDS,C5,0.16,980.021,65.35382368,High,Y,F12,R3
1,D12,NA,4,24/02/2022,Leaf,CDS,C3,0.26,879.165,56.09582163,High,Y,F12,R4
1,E12,NA,4,24/02/2022,Leaf,DYMK,C4,0.23,723.431,41.80033409,High,Y,F12,R5
1,F12,NA,4,24/02/2022,Leaf,GMKW,A6,0.23,1367.346,100.9080361,High,Y,F12,R6
1,G12,NA,4,24/02/2022,Leaf,GMKW,A10,0.16,657.92,35.78680021,High,Y,F12,R7
1,H12,NA,4,24/02/2022,Leaf,HLKH,A6,0.15,733.204,42.69743941,High,Y,F12,R8
13,A4,NA,4,24/02/2022,Leaf,HLKH,A17,0.25,813.723,54.51450188,High,Y,F1,R9
13,B4,NA,4,24/02/2022,Leaf,HOEF,A13,0.2,787.733,52.52099075,High,Y,F1,R10
13,C4,NA,4,24/02/2022,Leaf,HOEF,A20,0.2,716.077,47.02476014,High,Y,F1,R11
13,D4,NA,4,24/02/2022,Leaf,HOEF,C5,0.18,747.45,49.43116355,High,Y,F1,R12
13,E4,NA,4,24/02/2022,Leaf,HOEF,A15,0.29,734.89,48.4677738,High,Y,F1,R13
13,F4,NA,4,24/02/2022,Leaf,HOEF,A7,0.18,181.041,5.985890578,Vlow,Y,F1,R14
13,G4,NA,4,24/02/2022,Leaf,HTCH,C1,0.18,702.256,45.9646479,High,Y,F1,R15
13,H4,NA,4,24/02/2022,Leaf,LINEAG,C5,0.24,533.051,32.98611575,High,Y,F1,R16
13,A5,NA,4,24/02/2022,Leaf,LNGDL,A11,0.17,770.245,51.17960858,High,Y,F2,R9
13,B5,NA,4,24/02/2022,Leaf,MCOU,C2,0.2,673.761,43.77899574,High,Y,F2,R10
13,C5,NA,4,24/02/2022,Leaf,MOCCA,A9,0.18,753.064,49.86177423,Mid,Y,F2,R11
13,D5,NA,4,24/02/2022,Leaf,RCHMD,C2,0.28,648.271,41.82383611,High,Y,F2,R12
13,E5,NA,R,07/04/2022,Leaf,RCHMD,A15,0.21,834.221,56.0867601,High,Y,F2,R13
13,F5,NA,4,24/02/2022,Leaf,SLCY,C2,0.19,575.173,36.21699977,Low,Y,F2,R14
13,G5,NA,4,24/02/2022,Leaf,SLCY,C3,0.2,486.544,29.41888905,Low,Y,F2,R15
13,H5,NA,4,24/02/2022,Leaf,SNDR,C1,0.27,313.735,16.16391927,Low,Y,F2,R16
2,A3,NA,R,07/04/2022,Leaf,STHWK,A13,0.17,849.892,53.40872821,High,Y,F3,R9
2,B3,NA,4,24/02/2022,Leaf,WINDW,A19,0.16,684.179,38.19722573,Mid,Y,F3,R10
2,C3,NA,4,24/02/2022,Leaf,WINDW,C3,0.19,502.579,21.52738782,High,Y,F3,R11
2,D3,NA,4,24/02/2022,Leaf,WINDW,C5,0.19,773.194,46.36829193,High,Y,F3,R12
2,E3,NA,5,25/02/2022,Leaf,ATTP,C1,0.19,597.998,30.28630447,Low,Y,F3,R13
2,F3,NA,5,25/02/2022,Leaf,ATTP,C4,0.21,658.62,35.8510562,High,Y,F3,R14
2,G3,NA,5,25/02/2022,Leaf,ATTP,A16,0.17,686.679,38.42671138,High,Y,F3,R15
2,H3,NA,5,25/02/2022,Leaf,BBW,C2,0.2,457.551,17.3940758,High,Y,F3,R16
13,A6,NA,5,25/02/2022,Leaf,GMKW,A19,0.14,644.94,41.5683384,High,Y,F4,R9
13,B6,NA,5,25/02/2022,Leaf,GMKW,A11,0.19,643.867,41.48603607,High,Y,F4,R10
13,C6,NA,5,25/02/2022,Leaf,GMKW,A20,0.16,578.004,36.43414598,High,Y,F4,R11
13,D6,NA,5,25/02/2022,Leaf,HOEF,A11,0.21,699.068,45.72011871,High,Y,F4,R12
13,E6,NA,5,25/02/2022,Leaf,HOEF,C4,0.18,875.778,59.27430692,High,Y,F4,R13
13,F6,NA,5,25/02/2022,Leaf,HOEF,A8,0.19,661.782,42.86017043,High,Y,F4,R14
13,G6,NA,5,25/02/2022,Leaf,HTCH,A12,0.19,750.155,49.63864519,High,Y,F4,R15
13,H6,NA,5,25/02/2022,Leaf,HTCH,A7,0.22,461.239,27.47791948,High,Y,F4,R16
2,A5,NA,5,25/02/2022,Leaf,HTCH,A15,0.18,1013.976,68.47069783,High,Y,F5,R9
2,B5,NA,5,25/02/2022,Leaf,LINEAG,C3,0.22,835.781,52.11341938,High,Y,F5,R10
2,C5,NA,R,07/04/2022,Leaf,LNGDL,A10,0.19,866.415,54.92544479,High,Y,F5,R11
2,D5,NA,5,25/02/2022,Leaf,LNGDL,A6,0.22,758.339,45.00468817,High,Y,F5,R12
2,E5,NA,5,25/02/2022,Leaf,LWBKR,C1,0.23,721.996,41.66860932,High,Y,F5,R13
2,F5,NA,R,07/04/2022,Leaf,MCOU,C4,0.2,741.725,43.47961831,High,Y,F5,R14
2,G5,NA,5,25/02/2022,Leaf,MOCCA,A6,0.19,463.217,17.91418209,High,Y,F5,R15
2,H5,NA,5,25/02/2022,Leaf,MOCCA,A14,0.21,654.067,35.43311692,High,Y,F5,R16
2,A6,NA,5,25/02/2022,Leaf,MOCCA,A18,0.18,740.201,43.33972385,High,Y,F6,R9
2,B6,NA,5,25/02/2022,Leaf,RCHMD,A18,0.19,815.835,50.28249104,High,Y,F6,R10
2,C6,NA,5,25/02/2022,Leaf,RCHMD,C4,0.18,693.683,39.06963839,High,Y,F6,R11
2,D6,NA,5,25/02/2022,Leaf,RWDN,C4,0.16,646.786,34.7647629,High,Y,F6,R12
2,E6,NA,5,25/02/2022,Leaf,STHWK,C1,0.23,823.521,50.98802173,High,Y,F6,R13
2,F6,NA,5,25/02/2022,Leaf,STHWK,C5,0.16,679.062,37.72751449,Low,Y,F6,R14
2,G6,NA,5,25/02/2022,Leaf,STHWK,A16,0.2,694.184,39.11562732,High,Y,F6,R15
2,H6,NA,5,25/02/2022,Leaf,TAWWD,C3,0.23,763.954,45.52011295,High,Y,F6,R16
13,A7,NA,5,25/02/2022,Leaf,WINDW,A8,0.14,644.94,41.5683384,High,Y,F7,R9
13,B7,NA,5,25/02/2022,Leaf,ANCST,C3,0.19,643.867,41.48603607,High,Y,F7,R10
13,C7,NA,5,25/02/2022,Leaf,ANCST,C1,0.16,578.004,36.43414598,High,Y,F7,R11
13,D7,NA,5,25/02/2022,Leaf,ATTP,A19,0.21,699.068,45.72011871,High,Y,F7,R12
13,E7,NA,5,25/02/2022,Leaf,BBW,C4,0.18,875.778,59.27430692,High,Y,F7,R13
13,F7,NA,5,25/02/2022,Leaf,BBW,C5,0.19,661.782,42.86017043,High,Y,F7,R14
13,G7,NA,5,25/02/2022,Leaf,CDPM,C2,0.19,750.155,49.63864519,High,Y,F7,R15
13,H7,NA,5,25/02/2022,Leaf,DYMK,C5,0.22,461.239,27.47791948,High,Y,F7,R16
2,A8,NA,R,07/04/2022,Leaf,GMKW,A13,NA,994.961,66.72522995,High,Y,F8,R9
2,B8,NA,6,07/03/2022,Leaf,HLKH,A20,NA,834.349,51.98197,High,Y,F8,R10
2,C8,NA,6,07/03/2022,Leaf,HLKH,A7,NA,760.256,45.18065777,High,Y,F8,R11
2,D8,NA,6,07/03/2022,Leaf,HOEF,C1,NA,781.97,47.17387837,High,Y,F8,R12
2,E8,NA,6,07/03/2022,Leaf,HOEF,A17,NA,826.356,51.24825846,High,Y,F8,R13
2,F8,NA,6,07/03/2022,Leaf,HOEF,A14,NA,749.61,44.20341606,High,Y,F8,R14
2,G8,NA,6,07/03/2022,Leaf,HTCH,C5,NA,979.083,65.26772066,High,Y,F8,R15
2,H8,NA,6,07/03/2022,Leaf,HTCH,C2,NA,926.027,60.39748432,High,Y,F8,R16
2,A9,NA,R,07/04/2022,Leaf,LINEAG,C2,NA,752.343,44.45428978,High,Y,F9,R9
2,B9,NA,6,07/03/2022,Leaf,MALDW,C1,NA,870.11,55.26462459,High,Y,F9,R10
2,C9,NA,6,07/03/2022,Leaf,MCOU,C5,NA,775.575,46.58685407,High,Y,F9,R11
2,D9,NA,6,07/03/2022,Leaf,MOCCA,A15,NA,784.727,47.42695515,High,Y,F9,R12
2,E9,NA,6,07/03/2022,Leaf,MOCCA,C5,NA,662.834,36.23787721,High,Y,F9,R13
2,F9,NA,6,07/03/2022,Leaf,RCHMD,A19,NA,833.712,51.92349705,High,Y,F9,R14
2,G9,NA,6,07/03/2022,Leaf,RCHMD,A20,NA,723.256,41.78427009,High,Y,F9,R15
2,H9,NA,6,07/03/2022,Leaf,RCHMD,A7,NA,695.958,39.27847034,High,Y,F9,R16
2,A10,NA,6,07/03/2022,Leaf,STHWK,C3,NA,738.003,43.13796007,High,Y,F10,R9
2,B10,NA,6,07/03/2022,Leaf,STHWK,A7,NA,787.841,47.71280248,High,Y,F10,R10
2,C10,NA,6,07/03/2022,Leaf,STRTS,C2,NA,700.541,39.69916344,High,Y,F10,R11
2,D10,NA,6,07/03/2022,Leaf,WINDW,A7,NA,691.043,38.82730154,High,Y,F10,R12
2,E10,NA,6,07/03/2022,Leaf,WINDW,A6,NA,918.372,59.69479924,High,Y,F10,R13
2,F10,NA,6,07/03/2022,Leaf,Negctrl,NA,NA,124.67,-13.1624898,Low,Y,F10,R14
2,G10,NA,6,07/03/2022,Leaf,Negctrl,NA,NA,159.033,-10.00816359,Low,Y,F10,R15
2,H10,NA,7,08/03/2022,Leaf,ATTP,A6,0.21,615.713,31.91243981,High,Y,F10,R16
2,A11,NA,7,08/03/2022,Leaf,ATTP,A13,0.21,1134.95,79.57541684,High,Y,F11,R9
2,B11,NA,7,08/03/2022,Leaf,ATTP,A8,0.16,1070.286,73.6396327,High,Y,F11,R10
2,C11,NA,7,08/03/2022,Leaf,ATTP,A9,0.19,754.237,44.62814811,High,Y,F11,R11
2,D11,NA,7,08/03/2022,Leaf,ATTP,A11,0.21,712.635,40.80932324,High,Y,F11,R12
2,E11,NA,7,08/03/2022,Leaf,CDPM,C1,0.2,754.121,44.61749998,High,Y,F11,R13
2,F11,NA,7,08/03/2022,Leaf,CROC,C3,0.2,664.651,36.40466739,High,Y,F11,R14
2,G11,NA,7,08/03/2022,Leaf,CROC,C1,0.21,525.87,23.66536797,High,Y,F11,R15
2,H11,NA,7,08/03/2022,Leaf,GMKW,A7,0.18,498.67,21.16856405,High,Y,F11,R16
2,A12,NA,7,08/03/2022,Leaf,GMKW,A9,0.15,917.225,59.58951122,High,Y,F12,R9
2,B12,NA,7,08/03/2022,Leaf,HOEF,C3,0.15,1009.818,68.08901729,High,Y,F12,R10
2,C12,NA,7,08/03/2022,Leaf,HTCH,A14,0.17,944.724,62.11376163,High,Y,F12,R11
2,D12,NA,7,08/03/2022,Leaf,HTCH,A8,0.15,853.264,53.71825846,High,Y,F12,R12
2,E12,NA,7,08/03/2022,Leaf,LNGDL,A8,0.15,714.202,40.95316485,High,Y,F12,R13
2,F12,NA,7,08/03/2022,Leaf,LNGDL,C5,0.19,630.075,33.230789,High,Y,F12,R14
2,G12,NA,7,08/03/2022,Leaf,LNGDL,A12,0.2,773.695,46.41428085,High,Y,F12,R15
2,H12,NA,7,08/03/2022,Leaf,LNGDL,A17,0.16,693.002,39.0071265,High,Y,F12,R16
3,A1,NA,R,07/04/2022,Leaf,LNGDL,A19,0.16,665.549,36.48709864,High,Y,F13,R17
3,B1,NA,7,08/03/2022,Leaf,LWBKR,C5,0.19,666.287,36.5548428,High,Y,F13,R18
3,C1,NA,7,08/03/2022,Leaf,MALDW,C2,0.18,683.073,38.09570128,High,Y,F13,R19
3,D1,NA,7,08/03/2022,Leaf,MOCCA,C2,0.22,672.612,37.13544151,High,Y,F13,R20
3,E1,NA,7,08/03/2022,Leaf,MOCCA,A12,0.2,744.328,43.71855877,High,Y,F13,R21
3,F1,NA,7,08/03/2022,Leaf,RCHMD,A14,0.26,665.649,36.49627806,High,Y,F13,R22
3,G1,NA,7,08/03/2022,Leaf,SAW,C4,0.2,572.842,27.97712802,High,Y,F13,R23
3,H1,NA,7,08/03/2022,Leaf,SLCY,C4,0.21,507.946,22.02004762,Mid,Y,F13,R24
13,A8,NA,7,08/03/2022,Leaf,SNDR,C2,0.24,872.836,59.04864668,High,Y,F14,R17
13,B8,NA,7,08/03/2022,Leaf,STHWK,A9,0.16,989.082,67.96506432,High,Y,F14,R18
13,C8,NA,7,08/03/2022,Leaf,WINDW,A14,0.21,692.723,45.23343814,High,Y,F14,R19
13,D8,NA,7,08/03/2022,Leaf,WINDW,A11,0.18,1018.846,70.2480526,High,Y,F14,R20
13,E8,NA,7,08/03/2022,Leaf,Negctrl,NA,0.01,470.758,28.20805539,Low,Y,F14,R21
13,F8,NA,8,09/03/2022,Leaf,ANCST,C2,0.18,616.733,39.40477671,High,Y,F14,R22
13,G8,NA,8,09/03/2022,Leaf,ASHC,C3,0.15,595.223,37.75489505,High,Y,F14,R23
13,H8,NA,8,09/03/2022,Leaf,ASHC,C2,0.25,635.764,40.86451162,High,Y,F14,R24
3,A3,NA,8,09/03/2022,Leaf,DYMK,C3,0.29,912.615,59.16633968,High,Y,F15,R17
3,B3,NA,8,09/03/2022,Leaf,DYMK,C2,0.24,713.244,40.86522594,High,Y,F15,R18
3,C3,NA,8,09/03/2022,Leaf,GMKW,A16,0.22,779.557,46.95237881,High,Y,F15,R19
3,D3,NA,8,09/03/2022,Leaf,HLKH,A8,0.23,800.865,48.90833094,High,Y,F15,R20
3,E3,NA,8,09/03/2022,Leaf,HLKH,C2,0.22,702.369,39.86696335,High,Y,F15,R21
3,F3,NA,8,09/03/2022,Leaf,HLKH,A19,0.25,623.116,32.59199273,Mid,Y,F15,R22
3,G3,NA,8,09/03/2022,Leaf,HLKH,A13,0.24,702.417,39.87136947,High,Y,F15,R23
3,H3,NA,8,09/03/2022,Leaf,HOEF,A18,0.19,805.337,49.31883488,High,Y,F15,R24
3,A4,NA,8,09/03/2022,Leaf,HRWD,C4,0.21,1062.343,72.91051088,High,Y,F16,R17
3,B4,NA,8,09/03/2022,Leaf,HTCH,A20,0.22,878.261,56.01283961,High,Y,F16,R18
3,C4,NA,8,09/03/2022,Leaf,LNGDL,C1,0.18,788.265,47.75172325,High,Y,F16,R19
3,D4,NA,8,09/03/2022,Leaf,LNGDL,A13,0.16,725.555,41.9953051,High,Y,F16,R20
3,E4,NA,8,09/03/2022,Leaf,LNGDL,A18,0.23,769.903,46.06619701,High,Y,F16,R21
3,F4,NA,8,09/03/2022,Leaf,LWBKR,C2,0.2,699.548,39.60801174,High,Y,F16,R22
3,G4,NA,8,09/03/2022,Leaf,MCOU,C3,0.22,674.138,37.27551955,High,Y,F16,R23
3,H4,NA,8,09/03/2022,Leaf,MCOU,C1,0.21,855.634,53.93581086,High,Y,F16,R24
3,A5,NA,8,09/03/2022,Leaf,MTRD,C5,0.2,782.009,47.17745834,High,Y,F17,R17
3,B5,NA,8,09/03/2022,Leaf,MTRD,C2,0.26,671.694,37.05117437,High,Y,F17,R18
3,C5,NA,8,09/03/2022,Leaf,RCHMD,A13,0.28,942.423,61.90254303,High,Y,F17,R19
3,D5,NA,8,09/03/2022,Leaf,STHWK,A19,0.17,727.889,42.20955291,High,Y,F17,R20
3,E5,NA,8,09/03/2022,Leaf,WINDW,A9,0.17,706.006,40.20081908,High,Y,F17,R21
3,F5,NA,8,09/03/2022,Leaf,WINDW,A12,0.23,615.199,31.86525756,Mid,Y,F17,R22
3,G5,NA,8,09/03/2022,Leaf,WINDW,C2,0.19,810.165,49.76201757,High,Y,F17,R23
3,H5,NA,8,09/03/2022,Leaf,WINDW,C1,0.22,717.733,41.27729038,High,Y,F17,R24
3,A6,NA,8,09/03/2022,Leaf,WLDCP,C2,0.21,731.083,42.50274378,High,Y,F18,R17
3,B6,NA,8,09/03/2022,Leaf,WLDCP,C3,0.18,826.218,51.23559086,High,Y,F18,R18
3,C6,NA,8,09/03/2022,Leaf,Negctrl,Negctrl,0,263.839,-0.387574204,Vlow,Y,F18,R19
3,D6,NA,9,10/03/2022,Leaf,ASHC,C6,0.23,685.494,38.31793518,High,Y,F18,R20
3,E6,NA,9,10/03/2022,Leaf,ASHC,C1,0.27,794.426,48.31726769,High,Y,F18,R21
3,F6,NA,9,10/03/2022,Leaf,ATTP,A17,0.19,682.837,38.07403783,High,Y,F18,R22
3,G6,NA,9,10/03/2022,Leaf,BBW,C3,0.17,617.676,32.09263195,Mid,Y,F18,R23
3,H6,NA,9,10/03/2022,Leaf,CDS,C4,0.21,754.484,44.65082129,High,Y,F18,R24
3,A7,NA,9,10/03/2022,Leaf,GMKW,A8,0.18,820.336,50.69565701,High,Y,F19,R17
3,B7,NA,9,10/03/2022,Leaf,GMKW,A18,0.16,774.003,46.44255349,High,Y,F19,R18
3,C7,NA,9,10/03/2022,Leaf,GMKW,C2,0.19,1047.673,71.56388907,High,Y,F19,R19
3,D7,NA,9,10/03/2022,Leaf,GMKW,A12,0.22,899.645,57.97576811,High,Y,F19,R20
3,E7,NA,9,10/03/2022,Leaf,HLKH,A10,0.22,934.817,61.20435588,High,Y,F19,R21
3,F7,NA,9,10/03/2022,Leaf,HLKH,A15,0.19,798.154,48.6594767,High,Y,F19,R22
3,G7,NA,9,10/03/2022,Leaf,HLKH,A9,0.19,807.074,49.47828151,High,Y,F19,R23
3,H7,NA,9,10/03/2022,Leaf,HRWD,C2,0.2,725.4,41.98107699,High,Y,F19,R24
3,A8,NA,9,10/03/2022,Leaf,HTCH,A9,0.22,945.889,62.22070194,High,Y,F20,R17
3,B8,NA,9,10/03/2022,Leaf,HTCH,A18,0.06,776.992,46.71692653,High,Y,F20,R18
3,C8,NA,9,10/03/2022,Leaf,LNGDL,A14,0.18,765.325,45.64596288,High,Y,F20,R19
3,D8,NA,9,10/03/2022,Leaf,LNGDL,A7,0.15,785.72,47.51810685,High,Y,F20,R20
3,E8,NA,9,10/03/2022,Leaf,MALDW,C3,0.18,957.603,63.29597992,High,Y,F20,R21
3,F8,NA,9,10/03/2022,Leaf,MOCCA,C1,0.21,741.419,43.45152926,High,Y,F20,R22
3,G8,NA,9,10/03/2022,Leaf,RCHMD,A17,0.21,937.494,61.45008911,High,Y,F20,R23
3,H8,NA,9,10/03/2022,Leaf,RCHMD,A12,0.19,806.991,49.47066259,High,Y,F20,R24
3,A9,NA,9,10/03/2022,Leaf,RWDN,C1,0.17,915.439,59.42556667,High,Y,F21,R17
3,B9,NA,9,10/03/2022,Leaf,RWDN,C2,0.13,852.997,53.69374939,High,Y,F21,R18
3,C9,NA,9,10/03/2022,Leaf,STHWK,A20,0.19,750.346,44.27097664,High,Y,F21,R19
3,D9,NA,9,10/03/2022,Leaf,STHWK,A17,0.23,588.108,29.37845922,High,Y,F21,R20
3,E9,NA,9,10/03/2022,Leaf,STHWK,A18,0.16,790.827,47.98690014,High,Y,F21,R21
3,F9,NA,9,10/03/2022,Leaf,STRTS,C1,0.16,643.078,34.42438978,High,Y,F21,R22
3,G9,NA,9,10/03/2022,Leaf,TAWWD,C2,0.18,654.329,35.45716702,Mid,Y,F21,R23
3,H9,NA,9,10/03/2022,Leaf,WLDCP,C4,0.17,762.823,45.41629364,High,Y,F21,R24
3,A10,NA,9,10/03/2022,Leaf,Negctrl,Negctrl,0,275.642,0.695873466,Low,Y,F22,R17
3,B10,NA,10,21/03/2022,Leaf,ANCST,C5,0.22,787.986,47.72611265,High,Y,F22,R18
3,C10,NA,10,21/03/2022,Leaf,ATTP,A10,0.18,755.185,44.71516907,High,Y,F22,R19
3,D10,NA,10,21/03/2022,Leaf,CDPM,C5,0.21,640.657,34.20215587,High,Y,F22,R20
3,E10,NA,10,21/03/2022,Leaf,CROC,C4,0.27,532.657,24.28837562,High,Y,F22,R21
3,F10,NA,10,21/03/2022,Leaf,GMKW,A15,0.24,643.522,34.46514643,High,Y,F22,R22
3,G10,NA,10,21/03/2022,Leaf,GMKW,C4,0.21,662.167,36.17665044,High,Y,F22,R23
3,H10,NA,10,21/03/2022,Leaf,GMKW,C1,0.19,782.63,47.23446258,High,Y,F22,R24
3,A11,NA,10,21/03/2022,Leaf,HLKH,C4,0.23,1074.106,73.99028678,High,Y,F23,R17
3,B11,NA,10,21/03/2022,Leaf,HOEF,A12,0.17,927.086,60.49469444,High,Y,F23,R18
3,C11,NA,10,21/03/2022,Leaf,HOEF,A6,0.22,885.869,56.71121036,High,Y,F23,R19
3,D11,NA,10,21/03/2022,Leaf,HOEF,A10,0.21,776.808,46.70003639,High,Y,F23,R20
3,E11,NA,10,21/03/2022,Leaf,HTCH,A19,0.2,987.569,66.04668676,High,Y,F23,R21
3,F11,NA,10,21/03/2022,Leaf,HTCH,A10,0.16,842.331,52.71467179,High,Y,F23,R22
3,G11,NA,10,21/03/2022,Leaf,HTCH,A16,0.21,817.016,50.39090006,High,Y,F23,R23
3,H11,NA,10,21/03/2022,Leaf,LINEAG,C1,0.29,794.944,48.36481712,High,Y,F23,R24
3,A12,NA,10,21/03/2022,Leaf,LNGDL,A16,0.18,983.303,65.65509244,High,Y,F24,R17
3,B12,NA,10,21/03/2022,Leaf,LNGDL,C4,0.22,1018.22,68.86027268,High,Y,F24,R18
3,C12,NA,10,21/03/2022,Leaf,MOCCA,A13,0.19,904.002,58.3757157,High,Y,F24,R19
3,D12,NA,10,21/03/2022,Leaf,MOCCA,A7,0.22,838.068,52.32335286,High,Y,F24,R20
3,E12,NA,10,21/03/2022,Leaf,MOCCA,A17,0.27,998.06,67.00970036,High,Y,F24,R21
3,F12,NA,10,21/03/2022,Leaf,MTRD,C1,0.25,727.873,42.2080842,High,Y,F24,R22
3,G12,NA,10,21/03/2022,Leaf,RCHMD,A9,0.22,1066.527,73.29457807,High,Y,F24,R23
3,H12,NA,10,21/03/2022,Leaf,RCHMD,A16,0.19,1091.697,75.60503964,High,Y,F24,R24
4,A1,NA,10,21/03/2022,Leaf,RCHMD,C5,0.24,605.905,31.01212169,High,Y,F13,R1
4,B1,NA,10,21/03/2022,Leaf,SAW,C2,0.26,817.414,50.42743418,High,Y,F13,R2
4,C1,NA,10,21/03/2022,Leaf,STRTS,C5,0.17,637.636,33.92484541,High,Y,F13,R3
4,D1,NA,10,21/03/2022,Leaf,TAWWD,C5,0.18,677.763,37.60827375,High,Y,F13,R4
4,E1,NA,10,21/03/2022,Leaf,WINDW,A17,0.22,661.651,36.1292846,High,Y,F13,R5
4,F1,NA,10,21/03/2022,Leaf,WINDW,A15,0.17,825.742,51.19189679,High,Y,F13,R6
4,G1,NA,11,22/03/2022,Leaf,CDS,C1,0.23,614.872,31.83524084,High,Y,F13,R7
4,H1,NA,11,22/03/2022,Leaf,CDS,C2,0.27,751.215,44.35074585,Vlow,Y,F13,R8
13,A9,NA,11,22/03/2022,Leaf,HLKH,A11,0.28,739.142,48.79391498,High,Y,F14,R1
13,B9,NA,11,22/03/2022,Leaf,HRWD,C1,0.17,652.644,42.15925836,High,Y,F14,R2
13,C9,NA,11,22/03/2022,Leaf,LNGDL,A20,0.21,1102.214,76.64262881,High,Y,F14,R3
13,D9,NA,11,22/03/2022,Leaf,LWBKR,C4,0.29,674.066,43.80239016,High,Y,F14,R4
13,E9,NA,11,22/03/2022,Leaf,SLCY,C5,0.21,745.543,49.28489092,High,Y,F14,R5
13,F9,NA,11,22/03/2022,Leaf,STHWK,C2,0.21,780.348,51.95453905,High,Y,F14,R6
13,G9,NA,11,22/03/2022,Leaf,WINDW,A20,0.23,461.871,27.52639578,High,Y,F14,R7
13,H9,NA,11,22/03/2022,Leaf,WLDCP,C5,0.21,612.272,39.0626046,High,Y,F14,R8
4,A3,NA,11,22/03/2022,Leaf,TAWWD,C1,0.23,895.74,57.61731151,High,Y,F15,R1
4,B3,NA,11,22/03/2022,Leaf,Negctrl,Negctrl,0,471.147,18.64211059,Vlow,Y,F15,R2
4,C3,NA,11,22/03/2022,Leaf,Negctrl,Negctrl,0,394.451,11.6018579,Vlow,Y,F15,R3
4,D3,NA,12,23/03/2022,Leaf,MOCCA,CE28,0.21,1097.665,76.15286779,High,Y,F15,R4
4,E3,NA,12,23/03/2022,Leaf,MOCCA,E39,0.25,836.771,52.2042957,High,Y,F15,R5
4,F3,NA,12,23/03/2022,Leaf,MOCCA,CE22,0.25,809.178,49.67141664,High,Y,F15,R6
4,G3,NA,12,23/03/2022,Leaf,MOCCA,E40,0.21,638.897,34.04059797,High,Y,F15,R7
4,H3,NA,12,23/03/2022,Leaf,MOCCA,E45,0.22,677.428,37.57752267,High,Y,F15,R8
4,A4,NA,12,23/03/2022,Leaf,MOCCA,CE27,0.23,899.657,57.97686964,High,Y,F16,R1
4,B4,NA,12,23/03/2022,Leaf,MOCCA,E38,0.2,879.233,56.10206364,High,Y,F16,R2
4,C4,NA,12,23/03/2022,Leaf,MOCCA,E31,0.26,922.083,60.03544775,High,Y,F16,R3
4,D4,NA,12,23/03/2022,Leaf,MOCCA,E32,0.25,904.8,58.44896752,High,Y,F16,R4
4,E4,NA,12,23/03/2022,Leaf,MOCCA,CE26,0.22,744.055,43.69349894,High,Y,F16,R5
4,F4,NA,12,23/03/2022,Leaf,MOCCA,CE23,0.22,893.488,57.41059084,High,Y,F16,R6
4,G4,NA,12,23/03/2022,Leaf,MOCCA,E41,0.26,712.77,40.82171546,High,Y,F16,R7
4,H4,NA,12,23/03/2022,Leaf,MOCCA,E43,0.23,721.468,41.62014195,Mid,Y,F16,R8
4,A5,NA,12,23/03/2022,Leaf,MOCCA,CE21,0.24,1476.433,110.9215967,High,Y,F17,R1
4,B5,NA,12,23/03/2022,Leaf,MOCCA,E33,0.24,944.429,62.08668232,High,Y,F17,R2
4,C5,NA,12,23/03/2022,Leaf,MOCCA,E42,0.23,640.954,34.22941877,High,Y,F17,R3
4,D5,NA,12,23/03/2022,Leaf,MOCCA,E35,0.25,853.879,53.77471193,High,Y,F17,R4
4,E5,NA,12,23/03/2022,Leaf,STHWK,E35,0.2,869.328,55.19284148,High,Y,F17,R5
4,F5,NA,12,23/03/2022,Leaf,STHWK,E34,0.22,822.117,50.85914259,High,Y,F17,R6
4,G5,NA,12,23/03/2022,Leaf,STHWK,E40,0.2,817.938,50.47553437,High,Y,F17,R7
4,H5,NA,12,23/03/2022,Leaf,STHWK,CE21,0.25,652.503,35.2895507,High,Y,F17,R8
4,A6,NA,12,23/03/2022,Leaf,STHWK,CE25,0.27,935.644,61.28026973,High,Y,F18,R1
4,B6,NA,12,23/03/2022,Leaf,STHWK,E32,0.22,791.565,48.05464431,High,Y,F18,R2
4,C6,NA,12,23/03/2022,Leaf,STHWK,E36,0.23,805.161,49.30267909,High,Y,F18,R3
4,D6,NA,12,23/03/2022,Leaf,STHWK,CE23,0.22,811.401,49.87547528,High,Y,F18,R4
4,E6,NA,13,24/03/2022,Leaf,STHWK,CE28,0.2,929.945,60.75713423,High,Y,F18,R5
4,F6,NA,13,24/03/2022,Leaf,STHWK,E39,0.25,723.579,41.81391964,High,Y,F18,R6
4,G6,NA,13,24/03/2022,Leaf,STHWK,E43,0.25,660.962,36.06603836,High,Y,F18,R7
4,H6,NA,13,24/03/2022,Leaf,STHWK,CE29,0.25,680.242,37.83583172,High,Y,F18,R8
13,A10,NA,13,24/03/2022,Leaf,MOCCA,E34,0.26,875.461,59.24999207,High,Y,F19,R1
13,B10,NA,13,24/03/2022,Leaf,MOCCA,E37,0.22,830.6,55.80901851,High,Y,F19,R2
13,C10,NA,13,24/03/2022,Leaf,MOCCA,CE25,0.28,912.174,62.06598953,High,Y,F19,R3
13,D10,NA,13,24/03/2022,Leaf,MOCCA,CE24,0.21,745.865,49.30958929,High,Y,F19,R4
13,E10,NA,13,24/03/2022,Leaf,MOCCA,E44,0.25,964.396,66.07157391,High,Y,F19,R5
13,F10,NA,13,24/03/2022,Leaf,MOCCA,CE30,0.22,1002.757,69.01397793,High,Y,F19,R6
13,G10,NA,13,24/03/2022,Leaf,MOCCA,E36,0.19,536.968,33.28656143,High,Y,F19,R7
13,H10,NA,13,24/03/2022,Leaf,MOCCA,CE29,0.21,718.387,47.20194409,High,Y,F19,R8
4,A8,NA,13,24/03/2022,Leaf,STHWK,E33,0.25,806.31,49.4081507,High,Y,F20,R1
4,B8,NA,13,24/03/2022,Leaf,STHWK,CE26,0.24,730.586,42.45712203,High,Y,F20,R2
4,C8,NA,13,24/03/2022,Leaf,STHWK,E42,0.22,961.575,63.66058673,High,Y,F20,R3
4,D8,NA,13,24/03/2022,Leaf,STHWK,E38,0.19,999.48,67.14004822,High,Y,F20,R4
4,E8,NA,13,24/03/2022,Leaf,STHWK,E31,0.25,912.829,59.18598365,High,Y,F20,R5
4,F8,NA,13,24/03/2022,Leaf,STHWK,E44,0.19,1157.164,81.61453457,High,Y,F20,R6
4,G8,NA,13,24/03/2022,Leaf,STHWK,CE22,0.21,763.677,45.49468594,High,Y,F20,R7
4,H8,NA,13,24/03/2022,Leaf,STHWK,CE27,0.17,709.386,40.51108368,High,Y,F20,R8
4,A9,NA,13,24/03/2022,Leaf,STHWK,CE24,0.21,1306.102,95.2861883,High,Y,F21,R1
4,B9,NA,13,24/03/2022,Leaf,STHWK,E37,0.22,1139.323,79.97683314,High,Y,F21,R2
4,C9,NA,13,24/03/2022,Leaf,STHWK,E45,0.2,1016.75,68.72533511,High,Y,F21,R3
4,D9,NA,13,24/03/2022,Leaf,STHWK,E41,0.26,969.261,64.36611742,High,Y,F21,R4
4,E9,NA,13,24/03/2022,Leaf,STHWK,CE30,0.19,1012.329,68.31951268,High,Y,F21,R5
4,F9,NA,12,23/03/2022,Leaf,Negctrl,Negctrl,0,477.866,19.25887623,Vlow,Y,F21,R6
4,G9,NA,13,24/03/2022,Leaf,Negctrl,Negctrl,0,442.783,16.03845815,Vlow,Y,F21,R7
4,H9,NA,1,21/02/2022,Leaf,Negctrl,Negctrl,0,151.998,-10.65393622,Vlow,Y,F21,R8
4,A10,NA,2,22/02/2022,Leaf,Negctrl,Negctrl,0,367.503,9.128186134,Vlow,Y,F22,R1
4,B10,NA,3,23/02/2022,Leaf,Negctrl,Negctrl,0,430.436,14.9050744,Vlow,Y,F22,R2
4,C10,NA,4,24/02/2022,Leaf,Negctrl,Negctrl,0,486.602,20.0607909,Vlow,Y,F22,R3
4,D10,NA,5,25/02/2022,Leaf,Negctrl,Negctrl,0,399.619,12.07625064,Vlow,Y,F22,R4
4,E10,NA,R,07/04/2022,Leaf,Negctrl,Negctrl,0,355.69,8.043820521,Vlow,Y,F22,R5
4,B12,NA,NA,11/11/2022,Leaf,PCR Negative,PCR Negative,0,1073.668,73.9500809,Low,Y,F24,R2