Plate,Well,Extraction,Date,SampleOrigin,Tissue,Site,Tree,SampleWeight,Conc,F,R,SampleID
5,A1,1,09/08/2022,Microbiome,Stem,ATTP,A18,0.17,13.52513127,F1,R1,Stem-ITS-F1-R1
5,B1,1,09/08/2022,Microbiome,Stem,ATTP,C2,0.15,19.15625025,F1,R2,Stem-ITS-F1-R2
5,C1,1,09/08/2022,Microbiome,Stem,ATTP,C3,0.14,24.2406426,F1,R3,Stem-ITS-F1-R3
5,D1,1,09/08/2022,Microbiome,Stem,ATTP,C5,0.16,20.20913043,F1,R4,Stem-ITS-F1-R4
5,E1,1,09/08/2022,Microbiome,Stem,CROC,C2,0.16,17.46044306,F1,R5,Stem-ITS-F1-R5
5,F1,1,09/08/2022,Microbiome,Stem,GMKW,A17,0.21,7.467995118,F1,R6,Stem-ITS-F1-R6
5,G1,1,09/08/2022,Microbiome,Stem,GMKW,C3,0.26,16.81292633,F1,R7,Stem-ITS-F1-R7
5,H1,1,09/08/2022,Microbiome,Stem,HLKH,C5,0.26,0.422969126,F1,R8,Stem-ITS-F1-R8
14,A1,1,09/08/2022,Microbiome,Stem,HOEF,A16,0.12,9.467209915,F2,R1,Stem-ITS-F2-R1
14,B1,1,09/08/2022,Microbiome,Stem,HRWD,C3,0.18,20.52809021,F2,R2,Stem-ITS-F2-R2
14,C1,1,09/08/2022,Microbiome,Stem,HTCH,A13,0.13,33.23800842,F2,R3,Stem-ITS-F2-R3
14,D1,1,09/08/2022,Microbiome,Stem,HTCH,C3,0.27,22.4313986,F2,R4,Stem-ITS-F2-R4
14,E1,1,09/08/2022,Microbiome,Stem,HTCH,A17,0.28,19.34348898,F2,R5,Stem-ITS-F2-R5
14,F1,1,09/08/2022,Microbiome,Stem,HTCH,C4,0.23,18.60890429,F2,R6,Stem-ITS-F2-R6
14,G1,1,09/08/2022,Microbiome,Stem,LNGDL,A9,0.25,9.350698049,F2,R7,Stem-ITS-F2-R7
14,H1,1,09/08/2022,Microbiome,Stem,Negctrl,Negctrl,0,13.93178509,F2,R8,Stem-ITS-F2-R8
5,A3,2,07/10/2022,Microbiome,Stem,MALDW,C4,0.15,33.00066078,F3,R1,Stem-ITS-F3-R1
5,B3,2,07/10/2022,Microbiome,Stem,MOCCA,A8,0.14,17.71425419,F3,R2,Stem-ITS-F3-R2
5,C3,2,07/10/2022,Microbiome,Stem,MOCCA,A16,0.12,14.13987744,F3,R3,Stem-ITS-F3-R3
5,D3,2,10/08/2022,Microbiome,Stem,RCHMD,A10,0.1,29.06718488,F3,R4,Stem-ITS-F3-R4
5,E3,2,07/10/2022,Microbiome,Stem,RCHMD,A6,0.08,14.96079352,F3,R5,Stem-ITS-F3-R5
5,F3,2,10/08/2022,Microbiome,Stem,RCHMD,C1,0.1,9.419265737,F3,R6,Stem-ITS-F3-R6
5,G3,2,10/08/2022,Microbiome,Stem,SNDR,C4,0.12,-1.630284918,F3,R7,Stem-ITS-F3-R7
5,H3,2,07/10/2022,Microbiome,Stem,SNDR,C3,0.12,-1.038028342,F3,R8,Stem-ITS-F3-R8
5,A4,2,07/10/2022,Microbiome,Stem,STHWK,A12,0.13,23.50224956,F4,R1,Stem-ITS-F4-R1
5,B4,2,10/08/2022,Microbiome,Stem,STHWK,A6,0.2,14.65897399,F4,R2,Stem-ITS-F4-R2
5,C4,2,07/10/2022,Microbiome,Stem,STRTS,C4,0.18,22.43908842,F4,R3,Stem-ITS-F4-R3
5,D4,2,10/08/2022,Microbiome,Stem,TAWWD,C4,0.17,41.22946557,F4,R4,Stem-ITS-F4-R4
5,E4,2,10/08/2022,Microbiome,Stem,WINDW,A13,0.12,54.33887946,F4,R5,Stem-ITS-F4-R5
5,F4,2,07/10/2022,Microbiome,Stem,WINDW,A18,0.19,12.24450952,F4,R6,Stem-ITS-F4-R6
5,G4,2,07/10/2022,Microbiome,Stem,ATTP,A20,0.16,1.997240713,F4,R7,Stem-ITS-F4-R7
5,H4,2,10/08/2022,Microbiome,Stem,ATTP,A12,0.12,-3.385850171,F4,R8,Stem-ITS-F4-R8
5,A5,2,07/10/2022,Microbiome,Stem,CROC,C5,0.11,25.8340074,F5,R1,Stem-ITS-F5-R1
5,B5,2,07/10/2022,Microbiome,Stem,DYMK,C1,0.24,22.47424563,F5,R2,Stem-ITS-F5-R2
5,C5,2,10/08/2022,Microbiome,Stem,HLKH,A12,0.26,27.48648769,F5,R3,Stem-ITS-F5-R3
5,D5,2,10/08/2022,Microbiome,Stem,HLKH,A18,0.19,25.30545604,F5,R4,Stem-ITS-F5-R4
5,E5,2,07/10/2022,Microbiome,Stem,HLKH,A16,0.19,15.85165683,F5,R5,Stem-ITS-F5-R5
5,F5,2,10/08/2022,Microbiome,Stem,HLKH,C3,0.14,16.42665608,F5,R6,Stem-ITS-F5-R6
5,G5,2,10/08/2022,Microbiome,Stem,HOEF,A9,0.11,13.86945154,F5,R7,Stem-ITS-F5-R7
5,H5,2,10/08/2022,Microbiome,Stem,HOEF,C2,0.04,4.611174108,F5,R8,Stem-ITS-F5-R8
5,A6,2,07/10/2022,Microbiome,Stem,HRWD,C5,0.15,34.41273191,F6,R1,Stem-ITS-F6-R1
5,B6,2,07/10/2022,Microbiome,Stem,LINEAG,C4,0.17,41.55579417,F6,R2,Stem-ITS-F6-R2
5,C6,2,10/08/2022,Microbiome,Stem,LNGDL,C2,0.04,24.12856181,F6,R3,Stem-ITS-F6-R3
5,D6,2,10/08/2022,Microbiome,Stem,LNGDL,A15,0.08,41.38468967,F6,R4,Stem-ITS-F6-R4
5,E6,2,10/08/2022,Microbiome,Stem,LWBKR,C3,0.14,30.80806305,F6,R5,Stem-ITS-F6-R5
5,F6,3,30/08/2022,Microbiome,Stem,MOCCA,C3,NA,18.4834901,F6,R6,Stem-ITS-F6-R6
5,G6,3,30/08/2022,Microbiome,Stem,MOCCA,A10,NA,1.190093771,F6,R7,Stem-ITS-F6-R7
5,H6,3,30/08/2022,Microbiome,Stem,MOCCA,A20,NA,-16.03491584,F6,R8,Stem-ITS-F6-R8
14,A2,3,30/08/2022,Microbiome,Stem,MOCCA,C4,NA,8.513024519,F7,R1,Stem-ITS-F7-R1
14,B2,3,30/08/2022,Microbiome,Stem,MOCCA,A11,NA,24.07667808,F7,R2,Stem-ITS-F7-R2
14,C2,3,30/08/2022,Microbiome,Stem,MOCCA,A19,NA,12.37992987,F7,R3,Stem-ITS-F7-R3
14,D2,3,30/08/2022,Microbiome,Stem,RCHMD,A11,NA,7.235842765,F7,R4,Stem-ITS-F7-R4
14,E2,3,30/08/2022,Microbiome,Stem,RWDN,C3,NA,2.322938522,F7,R5,Stem-ITS-F7-R5
14,F2,3,30/08/2022,Microbiome,Stem,SAW,C3,NA,-0.059456847,F7,R6,Stem-ITS-F7-R6
14,G2,3,30/08/2022,Microbiome,Stem,SAW,C1,NA,6.330593887,F7,R7,Stem-ITS-F7-R7
14,H2,3,30/08/2022,Microbiome,Stem,STHWK,A15,NA,1.231301339,F7,R8,Stem-ITS-F7-R8
5,A8,3,30/08/2022,Microbiome,Stem,STHWK,A14,NA,48.19325364,F8,R1,Stem-ITS-F8-R1
5,B8,3,30/08/2022,Microbiome,Stem,STHWK,A8,NA,34.85261001,F8,R2,Stem-ITS-F8-R2
5,C8,3,30/08/2022,Microbiome,Stem,WINDW,A10,NA,42.14015644,F8,R3,Stem-ITS-F8-R3
5,D8,3,30/08/2022,Microbiome,Stem,ANCST,C4,NA,46.77172771,F8,R4,Stem-ITS-F8-R4
5,E8,3,30/08/2022,Microbiome,Stem,ASHC,C5,NA,54.15097661,F8,R5,Stem-ITS-F8-R5
5,F8,3,30/08/2022,Microbiome,Stem,ATTP,A7,NA,37.63067155,F8,R6,Stem-ITS-F8-R6
5,G8,3,30/08/2022,Microbiome,Stem,CDPM,C3,NA,21.96056494,F8,R7,Stem-ITS-F8-R7
5,H8,3,30/08/2022,Microbiome,Stem,CDPM,C4,NA,18.07050772,F8,R8,Stem-ITS-F8-R8
5,A9,3,30/08/2022,Microbiome,Stem,GMKW,A14,NA,39.2150405,F9,R1,Stem-ITS-F9-R1
5,B9,3,30/08/2022,Microbiome,Stem,GMKW,C5,NA,45.25473574,F9,R2,Stem-ITS-F9-R2
5,C9,3,30/08/2022,Microbiome,Stem,HLKH,C1,NA,51.57045632,F9,R3,Stem-ITS-F9-R3
5,D9,3,30/08/2022,Microbiome,Stem,HLKH,A14,NA,40.10838226,F9,R4,Stem-ITS-F9-R4
5,E9,3,30/08/2022,Microbiome,Stem,HOEF,A19,NA,42.28877135,F9,R5,Stem-ITS-F9-R5
5,F9,3,30/08/2022,Microbiome,Stem,HTCH,A6,NA,17.28667652,F9,R6,Stem-ITS-F9-R6
5,G9,3,30/08/2022,Microbiome,Stem,HTCH,A11,NA,-3.004445014,F9,R7,Stem-ITS-F9-R7
5,H9,3,30/08/2022,Microbiome,Stem,LNGDL,C3,NA,22.92394571,F9,R8,Stem-ITS-F9-R8
5,A10,3,30/08/2022,Microbiome,Stem,MALDW,C5,NA,36.47085105,F10,R1,Stem-ITS-F10-R1
5,B10,3,30/08/2022,Microbiome,Stem,MTRD,C4,NA,61.55758019,F10,R2,Stem-ITS-F10-R2
5,C10,3,30/08/2022,Microbiome,Stem,Negctrl,Negctrl,NA,24.0934964,F10,R3,Stem-ITS-F10-R3
5,D10,4,31/08/2022,Microbiome,Stem,MTRD,C3,0.16,35.18894419,F10,R4,Stem-ITS-F10-R4
5,E10,4,31/08/2022,Microbiome,Stem,RCHMD,A8,0.1,4.202597849,F10,R5,Stem-ITS-F10-R5
5,F10,4,31/08/2022,Microbiome,Stem,RCHMD,C3,0.13,30.27960349,F10,R6,Stem-ITS-F10-R6
5,G10,4,31/08/2022,Microbiome,Stem,RWDN,C5,0.19,17.2389435,F10,R7,Stem-ITS-F10-R7
5,H10,4,31/08/2022,Microbiome,Stem,SAW,C5,0.18,19.25805008,F10,R8,Stem-ITS-F10-R8
5,A11,4,31/08/2022,Microbiome,Stem,SLCY,C1,0.16,66.14261177,F11,R1,Stem-ITS-F11-R1
5,B11,4,31/08/2022,Microbiome,Stem,SNDR,C5,0.29,39.76773375,F11,R2,Stem-ITS-F11-R2
5,C11,4,31/08/2022,Microbiome,Stem,STHWK,C4,0.2,43.66550169,F11,R3,Stem-ITS-F11-R3
5,D11,4,31/08/2022,Microbiome,Stem,STHWK,A11,0.17,39.99951426,F11,R4,Stem-ITS-F11-R4
5,E11,4,31/08/2022,Microbiome,Stem,STHWK,A10,0.25,33.79890368,F11,R5,Stem-ITS-F11-R5
5,F11,4,31/08/2022,Microbiome,Stem,STRTS,C3,0.23,40.01282443,F11,R6,Stem-ITS-F11-R6
5,G11,4,31/08/2022,Microbiome,Stem,WINDW,C4,0.33,17.12677092,F11,R7,Stem-ITS-F11-R7
5,H11,4,31/08/2022,Microbiome,Stem,WINDW,A16,0.24,9.5718278,F11,R8,Stem-ITS-F11-R8
14,A3,4,31/08/2022,Microbiome,Stem,WLDCP,C1,0.17,49.99684822,F12,R1,Stem-ITS-F12-R1
14,B3,4,31/08/2022,Microbiome,Stem,ATTP,A15,0.17,22.42334478,F12,R2,Stem-ITS-F12-R2
14,C3,4,31/08/2022,Microbiome,Stem,ATTP,A14,0.17,38.52645058,F12,R3,Stem-ITS-F12-R3
14,D3,4,31/08/2022,Microbiome,Stem,BBW,C1,0.21,34.38724956,F12,R4,Stem-ITS-F12-R4
14,E3,4,31/08/2022,Microbiome,Stem,CDS,C5,0.14,28.41254561,F12,R5,Stem-ITS-F12-R5
14,F3,4,31/08/2022,Microbiome,Stem,CDS,C3,0.08,13.52710003,F12,R6,Stem-ITS-F12-R6
14,G3,4,31/08/2022,Microbiome,Stem,DYMK,C4,0.23,7.991674187,F12,R7,Stem-ITS-F12-R7
14,H3,4,31/08/2022,Microbiome,Stem,GMKW,A6,0.27,15.97492306,F12,R8,Stem-ITS-F12-R8
6,A1,4,31/08/2022,Microbiome,Stem,GMKW,A10,0.3,10.46911671,F1,R9,Stem-ITS-F1-R9
6,B1,4,31/08/2022,Microbiome,Stem,HLKH,A6,0.26,8.190783134,F1,R10,Stem-ITS-F1-R10
6,C1,4,31/08/2022,Microbiome,Stem,HLKH,A17,0.17,3.228201762,F1,R11,Stem-ITS-F1-R11
6,D1,4,31/08/2022,Microbiome,Stem,HOEF,A13,0.14,15.93417987,F1,R12,Stem-ITS-F1-R12
6,E1,4,31/08/2022,Microbiome,Stem,HOEF,A20,0.14,10.35611797,F1,R13,Stem-ITS-F1-R13
6,F1,4,31/08/2022,Microbiome,Stem,HOEF,C5,0.17,22.23301031,F1,R14,Stem-ITS-F1-R14
6,G1,4,31/08/2022,Microbiome,Stem,HOEF,A15,0.17,0.931142159,F1,R15,Stem-ITS-F1-R15
6,H1,4,31/08/2022,Microbiome,Stem,HOEF,A7,0.14,-4.167753692,F1,R16,Stem-ITS-F1-R16
6,A2,4,31/08/2022,Microbiome,Stem,Negctrl,Negctrl,0,3.197542478,F2,R9,Stem-ITS-F2-R9
6,B2,5,01/09/2022,Microbiome,Stem,HTCH,C1,0.27,40.35255499,F2,R10,Stem-ITS-F2-R10
6,C2,5,01/09/2022,Microbiome,Stem,LINEAG,C5,0.17,20.05666016,F2,R11,Stem-ITS-F2-R11
6,D2,5,01/09/2022,Microbiome,Stem,LNGDL,A11,0.13,29.23920733,F2,R12,Stem-ITS-F2-R12
6,E2,5,01/09/2022,Microbiome,Stem,MCOU,C2,0.13,2.599502864,F2,R13,Stem-ITS-F2-R13
6,F2,5,01/09/2022,Microbiome,Stem,MOCCA,A9,0.13,23.67004947,F2,R14,Stem-ITS-F2-R14
6,G2,5,01/09/2022,Microbiome,Stem,RCHMD,C2,0.09,12.91249636,F2,R15,Stem-ITS-F2-R15
6,H2,5,01/09/2022,Microbiome,Stem,RCHMD,A15,0.1,9.945430445,F2,R16,Stem-ITS-F2-R16
6,A3,5,01/09/2022,Microbiome,Stem,SLCY,C2,0.12,32.81826559,F3,R9,Stem-ITS-F3-R9
6,B3,5,01/09/2022,Microbiome,Stem,SLCY,C3,0.18,30.95245542,F3,R10,Stem-ITS-F3-R10
6,C3,5,01/09/2022,Microbiome,Stem,SNDR,C1,0.16,3.413993347,F3,R11,Stem-ITS-F3-R11
6,D3,5,01/09/2022,Microbiome,Stem,STHWK,A13,0.16,35.87409656,F3,R12,Stem-ITS-F3-R12
6,E3,5,01/09/2022,Microbiome,Stem,WINDW,A19,0.13,34.70335254,F3,R13,Stem-ITS-F3-R13
6,F3,5,01/09/2022,Microbiome,Stem,WINDW,C3,0.19,32.27989224,F3,R14,Stem-ITS-F3-R14
6,G3,5,01/09/2022,Microbiome,Stem,WINDW,C5,0.17,37.25807864,F3,R15,Stem-ITS-F3-R15
6,H3,5,01/09/2022,Microbiome,Stem,ATTP,C1,0.14,4.954025675,F3,R16,Stem-ITS-F3-R16
6,A4,5,01/09/2022,Microbiome,Stem,ATTP,C4,0.16,35.63056638,F4,R9,Stem-ITS-F4-R9
6,B4,5,01/09/2022,Microbiome,Stem,ATTP,A16,0.16,16.36891749,F4,R10,Stem-ITS-F4-R10
6,C4,5,01/09/2022,Microbiome,Stem,BBW,C2,0.14,24.66005058,F4,R11,Stem-ITS-F4-R11
6,D4,5,01/09/2022,Microbiome,Stem,GMKW,A19,0.17,41.86973055,F4,R12,Stem-ITS-F4-R12
6,E4,5,01/09/2022,Microbiome,Stem,GMKW,A11,0.19,2.601981309,F4,R13,Stem-ITS-F4-R13
6,F4,5,01/09/2022,Microbiome,Stem,GMKW,A20,0.18,35.37675525,F4,R14,Stem-ITS-F4-R14
6,G4,5,01/09/2022,Microbiome,Stem,HOEF,A11,0.09,7.04500716,F4,R15,Stem-ITS-F4-R15
6,H4,5,01/09/2022,Microbiome,Stem,HOEF,C4,0.11,7.845728505,F4,R16,Stem-ITS-F4-R16
6,A5,5,01/09/2022,Microbiome,Stem,HOEF,A8,0.17,53.26305071,F5,R9,Stem-ITS-F5-R9
6,B5,5,01/09/2022,Microbiome,Stem,HTCH,A12,0.21,35.14947265,F5,R10,Stem-ITS-F5-R10
6,C5,5,01/09/2022,Microbiome,Stem,HTCH,A7,0.23,34.89153078,F5,R11,Stem-ITS-F5-R11
6,D5,5,01/09/2022,Microbiome,Stem,HTCH,A15,0.19,39.97922773,F5,R12,Stem-ITS-F5-R12
6,E5,5,01/09/2022,Microbiome,Stem,LINEAG,C3,0.18,46.30972719,F5,R13,Stem-ITS-F5-R13
6,F5,5,01/09/2022,Microbiome,Stem,LNGDL,A10,0.13,26.91956633,F5,R14,Stem-ITS-F5-R14
6,G5,5,01/09/2022,Microbiome,Stem,Negctrl,Negctrl,0,22.68794267,F5,R15,Stem-ITS-F5-R15
6,H5,6,21/09/2022,Microbiome,Stem,LNGDL,A6,0.13,5.023513931,F5,R16,Stem-ITS-F5-R16
14,A4,6,21/09/2022,Microbiome,Stem,LWBKR,C1,0.15,33.82263874,F6,R9,Stem-ITS-F6-R9
14,B4,6,21/09/2022,Microbiome,Stem,MCOU,C4,0.14,41.45512476,F6,R10,Stem-ITS-F6-R10
14,C4,6,21/09/2022,Microbiome,Stem,MOCCA,A6,0.13,29.42410485,F6,R11,Stem-ITS-F6-R11
14,D4,6,21/09/2022,Microbiome,Stem,MOCCA,A14,0.13,28.54846333,F6,R12,Stem-ITS-F6-R12
14,E4,6,21/09/2022,Microbiome,Stem,MOCCA,A18,0.14,25.03216743,F6,R13,Stem-ITS-F6-R13
14,F4,6,21/09/2022,Microbiome,Stem,RCHMD,A18,0.13,33.96568984,F6,R14,Stem-ITS-F6-R14
14,G4,6,21/09/2022,Microbiome,Stem,RCHMD,C4,0.1,13.00644002,F6,R15,Stem-ITS-F6-R15
14,H4,6,21/09/2022,Microbiome,Stem,RWDN,C4,0.12,12.14751976,F6,R16,Stem-ITS-F6-R16
14,A5,6,21/09/2022,Microbiome,Stem,STHWK,C1,0.22,27.75949621,F7,R9,Stem-ITS-F7-R9
14,B5,6,21/09/2022,Microbiome,Stem,STHWK,C5,0.14,33.38520149,F7,R10,Stem-ITS-F7-R10
14,C5,6,21/09/2022,Microbiome,Stem,STHWK,A16,0.19,31.40219868,F7,R11,Stem-ITS-F7-R11
14,D5,6,21/09/2022,Microbiome,Stem,TAWWD,C3,0.18,48.27218113,F7,R12,Stem-ITS-F7-R12
14,E5,6,21/09/2022,Microbiome,Stem,WINDW,A8,0.16,24.46847703,F7,R13,Stem-ITS-F7-R13
14,F5,6,21/09/2022,Microbiome,Stem,ANCST,C3,0.15,26.18923227,F7,R14,Stem-ITS-F7-R14
14,G5,6,21/09/2022,Microbiome,Stem,ANCST,C1,0.19,26.1643038,F7,R15,Stem-ITS-F7-R15
14,H5,6,21/09/2022,Microbiome,Stem,ATTP,A19,0.1,10.90477766,F7,R16,Stem-ITS-F7-R16
14,A6,6,21/09/2022,Microbiome,Stem,BBW,C4,0.11,41.85988653,F8,R9,Stem-ITS-F8-R9
14,B6,6,21/09/2022,Microbiome,Stem,BBW,C5,0.1,28.29227529,F8,R10,Stem-ITS-F8-R10
14,C6,6,21/09/2022,Microbiome,Stem,CDPM,C2,0.09,34.52661893,F8,R11,Stem-ITS-F8-R11
14,D6,6,21/09/2022,Microbiome,Stem,DYMK,C5,0.14,40.667615,F8,R12,Stem-ITS-F8-R12
14,E6,6,21/09/2022,Microbiome,Stem,GMKW,A13,0.17,47.9676702,F8,R13,Stem-ITS-F8-R13
14,F6,6,21/09/2022,Microbiome,Stem,HLKH,A20,0.26,28.2056776,F8,R14,Stem-ITS-F8-R14
14,G6,6,21/09/2022,Microbiome,Stem,HLKH,A7,0.16,70.44065384,F8,R15,Stem-ITS-F8-R15
14,H6,6,21/09/2022,Microbiome,Stem,HOEF,C1,0.09,50.79663047,F8,R16,Stem-ITS-F8-R16
6,A9,6,21/09/2022,Microbiome,Stem,HOEF,A17,0.09,27.08727445,F9,R9,Stem-ITS-F9-R9
6,B9,6,21/09/2022,Microbiome,Stem,HOEF,A14,0.12,31.95411441,F9,R10,Stem-ITS-F9-R10
6,C9,6,21/09/2022,Microbiome,Stem,HTCH,C5,0.18,50.81801876,F9,R11,Stem-ITS-F9-R11
6,D9,6,21/09/2022,Microbiome,Stem,HTCH,C2,0.17,50.17197075,F9,R12,Stem-ITS-F9-R12
6,E9,6,21/09/2022,Microbiome,Stem,Negctrl,Negctrl,0,9.702542829,F9,R13,Stem-ITS-F9-R13
6,F9,7,22/09/2022,Microbiome,Stem,LINEAG,C2,0.16,42.13161958,F9,R14,Stem-ITS-F9-R14
6,G9,7,22/09/2022,Microbiome,Stem,MALDW,C1,0.11,28.9548287,F9,R15,Stem-ITS-F9-R15
6,H9,7,22/09/2022,Microbiome,Stem,MCOU,C5,0.14,8.485626302,F9,R16,Stem-ITS-F9-R16
14,A7,7,22/09/2022,Microbiome,Stem,MOCCA,A15,0.12,40.9585495,F10,R9,Stem-ITS-F10-R9
14,B7,7,22/09/2022,Microbiome,Stem,MOCCA,C5,0.12,46.88447035,F10,R10,Stem-ITS-F10-R10
14,C7,7,22/09/2022,Microbiome,Stem,RCHMD,A19,0.12,32.03170025,F10,R11,Stem-ITS-F10-R11
14,D7,7,22/09/2022,Microbiome,Stem,RCHMD,A20,0.1,11.00771309,F10,R12,Stem-ITS-F10-R12
14,E7,7,22/09/2022,Microbiome,Stem,RCHMD,A7,0.09,45.87674625,F10,R13,Stem-ITS-F10-R13
14,F7,7,22/09/2022,Microbiome,Stem,STHWK,C3,0.24,42.04612142,F10,R14,Stem-ITS-F10-R14
14,G7,7,22/09/2022,Microbiome,Stem,STHWK,A7,0.2,34.67964142,F10,R15,Stem-ITS-F10-R15
14,H7,7,22/09/2022,Microbiome,Stem,STRTS,C2,0.18,33.1404422,F10,R16,Stem-ITS-F10-R16
6,A11,7,22/09/2022,Microbiome,Stem,TAWWD,C1,0.22,87.90831632,F11,R9,Stem-ITS-F11-R9
6,B11,7,22/09/2022,Microbiome,Stem,WINDW,A7,0.2,54.1270183,F11,R10,Stem-ITS-F11-R10
6,C11,7,22/09/2022,Microbiome,Stem,WINDW,A6,0.19,64.52519688,F11,R11,Stem-ITS-F11-R11
6,D11,7,22/09/2022,Microbiome,Stem,ATTP,A6,0.1,35.49397652,F11,R12,Stem-ITS-F11-R12
6,E11,7,22/09/2022,Microbiome,Stem,ATTP,A13,0.12,10.07880751,F11,R13,Stem-ITS-F11-R13
6,F11,7,22/09/2022,Microbiome,Stem,ATTP,A8,0.14,34.91732497,F11,R14,Stem-ITS-F11-R14
6,G11,7,22/09/2022,Microbiome,Stem,ATTP,A9,0.13,33.5458269,F11,R15,Stem-ITS-F11-R15
6,H11,7,22/09/2022,Microbiome,Stem,ATTP,A11,0.14,22.25687681,F11,R16,Stem-ITS-F11-R16
6,A12,7,22/09/2022,Microbiome,Stem,CDPM,C1,0.09,67.76975685,F12,R9,Stem-ITS-F12-R9
6,B12,7,22/09/2022,Microbiome,Stem,CROC,C3,0.09,58.73288718,F12,R10,Stem-ITS-F12-R10
6,C12,7,22/09/2022,Microbiome,Stem,CROC,C1,0.14,27.49566712,F12,R11,Stem-ITS-F12-R11
6,D12,7,22/09/2022,Microbiome,Stem,GMKW,A7,0.21,23.94607482,F12,R12,Stem-ITS-F12-R12
6,E12,7,22/09/2022,Microbiome,Stem,GMKW,A9,0.18,59.82698298,F12,R13,Stem-ITS-F12-R13
6,F12,7,22/09/2022,Microbiome,Stem,HOEF,C3,0.1,15.23232094,F12,R14,Stem-ITS-F12-R14
6,G12,7,22/09/2022,Microbiome,Stem,HTCH,A14,0.21,36.37584399,F12,R15,Stem-ITS-F12-R15
6,H12,7,22/09/2022,Microbiome,Stem,HTCH,A8,0.19,7.099441158,F12,R16,Stem-ITS-F12-R16
7,A1,7,22/09/2022,Microbiome,Stem,LNGDL,A8,0.14,6.931824836,F13,R17,Stem-ITS-F13-R17
7,B1,7,22/09/2022,Microbiome,Stem,LNGDL,C5,0.14,7.805155441,F13,R18,Stem-ITS-F13-R18
7,C1,7,22/09/2022,Microbiome,Stem,Negctrl,Negctrl,0,15.36689133,F13,R19,Stem-ITS-F13-R19
7,D1,8,23/09/2022,Microbiome,Stem,LNGDL,A12,0.12,25.59304746,F13,R20,Stem-ITS-F13-R20
7,E1,8,23/09/2022,Microbiome,Stem,LNGDL,A17,0.15,7.447616792,F13,R21,Stem-ITS-F13-R21
7,F1,8,23/09/2022,Microbiome,Stem,LNGDL,A19,0.11,4.326795485,F13,R22,Stem-ITS-F13-R22
7,G1,8,23/09/2022,Microbiome,Stem,LWBKR,C5,0.11,-7.142254946,F13,R23,Stem-ITS-F13-R23
7,H1,8,23/09/2022,Microbiome,Stem,MALDW,C2,0.12,2.683402819,F13,R24,Stem-ITS-F13-R24
7,A2,8,23/09/2022,Microbiome,Stem,MOCCA,C2,0.17,6.931824836,F14,R17,Stem-ITS-F14-R17
7,B2,8,23/09/2022,Microbiome,Stem,MOCCA,A12,0.17,7.805155441,F14,R18,Stem-ITS-F14-R18
7,C2,8,23/09/2022,Microbiome,Stem,RCHMD,A14,0.12,15.36689133,F14,R19,Stem-ITS-F14-R19
7,D2,8,23/09/2022,Microbiome,Stem,SAW,C4,0.11,25.59304746,F14,R20,Stem-ITS-F14-R20
7,E2,8,23/09/2022,Microbiome,Stem,SLCY,C4,0.2,7.447616792,F14,R21,Stem-ITS-F14-R21
7,F2,8,23/09/2022,Microbiome,Stem,SNDR,C2,0.13,4.326795485,F14,R22,Stem-ITS-F14-R22
7,G2,8,23/09/2022,Microbiome,Stem,STHWK,A9,0.22,-7.142254946,F14,R23,Stem-ITS-F14-R23
7,H2,8,23/09/2022,Microbiome,Stem,WINDW,A14,0.15,2.683402819,F14,R24,Stem-ITS-F14-R24
7,A3,8,23/09/2022,Microbiome,Stem,WINDW,A11,0.18,21.63524607,F15,R17,Stem-ITS-F15-R17
7,B3,8,23/09/2022,Microbiome,Stem,ANCST,C2,0.21,20.05179506,F15,R18,Stem-ITS-F15-R18
7,C3,8,23/09/2022,Microbiome,Stem,ASHC,C3,0.19,31.73151332,F15,R19,Stem-ITS-F15-R19
7,D3,8,23/09/2022,Microbiome,Stem,ASHC,C2,0.15,42.78400139,F15,R20,Stem-ITS-F15-R20
7,E3,8,23/09/2022,Microbiome,Stem,DYMK,C3,0.11,18.18084442,F15,R21,Stem-ITS-F15-R21
7,F3,8,23/09/2022,Microbiome,Stem,DYMK,C2,0.18,19.15753537,F15,R22,Stem-ITS-F15-R22
7,G3,8,23/09/2022,Microbiome,Stem,GMKW,A16,0.15,-9.632174292,F15,R23,Stem-ITS-F15-R23
7,H3,8,23/09/2022,Microbiome,Stem,HLKH,A8,0.21,1.733699388,F15,R24,Stem-ITS-F15-R24
7,A4,8,23/09/2022,Microbiome,Stem,HLKH,C2,0.19,37.63663817,F16,R17,Stem-ITS-F16-R17
7,B4,8,23/09/2022,Microbiome,Stem,HLKH,A19,0.17,30.17009293,F16,R18,Stem-ITS-F16-R18
7,C4,8,23/09/2022,Microbiome,Stem,HLKH,A13,0.24,41.96721605,F16,R19,Stem-ITS-F16-R19
7,D4,8,23/09/2022,Microbiome,Stem,HOEF,A18,0.15,35.6926193,F16,R20,Stem-ITS-F16-R20
7,E4,8,23/09/2022,Microbiome,Stem,HRWD,C4,0.15,44.52800057,F16,R21,Stem-ITS-F16-R21
7,F4,8,23/09/2022,Microbiome,Stem,HTCH,A20,0.15,35.35325592,F16,R22,Stem-ITS-F16-R22
7,G4,8,23/09/2022,Microbiome,Stem,LNGDL,C1,0.13,21.45551291,F16,R23,Stem-ITS-F16-R23
7,H4,8,23/09/2022,Microbiome,Stem,LNGDL,A13,0.12,1.349081432,F16,R24,Stem-ITS-F16-R24
7,A5,8,23/09/2022,Microbiome,Stem,Negctrl,Negctrl,0,5.888215875,F17,R17,Stem-ITS-F17-R17
7,B5,9,03/10/2022,Microbiome,Stem,LNGDL,A18,0.1,22.71291071,F17,R18,Stem-ITS-F17-R18
7,C5,9,03/10/2022,Microbiome,Stem,LWBKR,C2,0.14,43.57526793,F17,R19,Stem-ITS-F17-R19
7,D5,9,03/10/2022,Microbiome,Stem,MCOU,C3,0.13,23.82701766,F17,R20,Stem-ITS-F17-R20
7,E5,9,03/10/2022,Microbiome,Stem,MCOU,C1,0.16,32.28035121,F17,R21,Stem-ITS-F17-R21
7,F5,9,03/10/2022,Microbiome,Stem,MTRD,C5,0.11,32.80550618,F17,R22,Stem-ITS-F17-R22
7,G5,9,03/10/2022,Microbiome,Stem,MTRD,C2,0.14,14.67613951,F17,R23,Stem-ITS-F17-R23
7,H5,9,03/10/2022,Microbiome,Stem,RCHMD,A13,0.14,23.1688528,F17,R24,Stem-ITS-F17-R24
7,A6,9,03/10/2022,Microbiome,Stem,STHWK,A19,0.18,6.023520617,F18,R17,Stem-ITS-F18-R17
7,B6,9,03/10/2022,Microbiome,Stem,WINDW,A9,0.16,47.93127282,F18,R18,Stem-ITS-F18-R18
7,C6,9,03/10/2022,Microbiome,Stem,WINDW,A12,0.17,41.08452243,F18,R19,Stem-ITS-F18-R19
7,D6,9,03/10/2022,Microbiome,Stem,WINDW,C2,0.14,47.63844913,F18,R20,Stem-ITS-F18-R20
7,E6,9,03/10/2022,Microbiome,Stem,WINDW,C1,0.25,46.24492044,F18,R21,Stem-ITS-F18-R21
7,F6,9,03/10/2022,Microbiome,Stem,WLDCP,C2,0.12,35.58264978,F18,R22,Stem-ITS-F18-R22
7,G6,9,03/10/2022,Microbiome,Stem,WLDCP,C3,0.13,28.71772413,F18,R23,Stem-ITS-F18-R23
7,H6,9,03/10/2022,Microbiome,Stem,ASHC,C6,0.17,27.01833696,F18,R24,Stem-ITS-F18-R24
7,A7,9,03/10/2022,Microbiome,Stem,ASHC,C1,0.09,13.95702327,F19,R17,Stem-ITS-F19-R17
7,B7,9,03/10/2022,Microbiome,Stem,ATTP,A17,0.12,32.08987812,F19,R18,Stem-ITS-F19-R18
7,C7,9,03/10/2022,Microbiome,Stem,BBW,C3,0.13,14.81089349,F19,R19,Stem-ITS-F19-R19
7,D7,9,03/10/2022,Microbiome,Stem,CDS,C4,0.13,13.73846113,F19,R20,Stem-ITS-F19-R20
7,E7,9,03/10/2022,Microbiome,Stem,GMKW,A8,0.18,52.85355651,F19,R21,Stem-ITS-F19-R21
7,F7,9,03/10/2022,Microbiome,Stem,GMKW,A18,0.24,28.43885316,F19,R22,Stem-ITS-F19-R22
7,G7,9,03/10/2022,Microbiome,Stem,GMKW,C2,0.2,26.1394069,F19,R23,Stem-ITS-F19-R23
7,H7,9,03/10/2022,Microbiome,Stem,GMKW,A12,0.15,-16.28973671,F19,R24,Stem-ITS-F19-R24
14,A8,9,03/10/2022,Microbiome,Stem,HLKH,A10,0.2,6.101558711,F20,R17,Stem-ITS-F20-R17
14,B8,9,03/10/2022,Microbiome,Stem,HLKH,A15,0.22,28.67954877,F20,R18,Stem-ITS-F20-R18
14,C8,9,03/10/2022,Microbiome,Stem,HLKH,A9,0.14,53.00107486,F20,R19,Stem-ITS-F20-R19
14,D8,9,03/10/2022,Microbiome,Stem,HRWD,C2,0.16,36.95986839,F20,R20,Stem-ITS-F20-R20
14,E8,9,03/10/2022,Microbiome,Stem,HTCH,A9,0.22,49.21823601,F20,R21,Stem-ITS-F20-R21
14,F8,9,03/10/2022,Microbiome,Stem,HTCH,A18,0.22,15.48287328,F20,R22,Stem-ITS-F20-R22
14,G8,9,03/10/2022,Microbiome,Stem,Negctrl,Negctrl,0,10.55209723,F20,R23,Stem-ITS-F20-R23
14,H8,10,04/10/2022,Microbiome,Stem,LNGDL,A14,0.17,38.64135169,F20,R24,Stem-ITS-F20-R24
7,A9,10,04/10/2022,Microbiome,Stem,LNGDL,A7,0.18,47.36003713,F21,R17,Stem-ITS-F21-R17
7,B9,10,04/10/2022,Microbiome,Stem,MALDW,C3,0.12,57.13686035,F21,R18,Stem-ITS-F21-R18
7,C9,10,04/10/2022,Microbiome,Stem,MOCCA,C1,0.08,28.05496956,F21,R19,Stem-ITS-F21-R19
7,D9,10,04/10/2022,Microbiome,Stem,RCHMD,A17,0.07,14.77142196,F21,R20,Stem-ITS-F21-R20
7,E9,10,04/10/2022,Microbiome,Stem,RCHMD,A12,0.09,50.71878916,F21,R21,Stem-ITS-F21-R21
7,F9,10,04/10/2022,Microbiome,Stem,RWDN,C1,0.09,43.93620297,F21,R22,Stem-ITS-F21-R22
7,G9,10,04/10/2022,Microbiome,Stem,RWDN,C2,0.13,31.39903451,F21,R23,Stem-ITS-F21-R23
7,H9,10,04/10/2022,Microbiome,Stem,STHWK,A20,0.16,24.19144088,F21,R24,Stem-ITS-F21-R24
14,A9,10,04/10/2022,Microbiome,Stem,STHWK,A17,0.16,33.04671113,F22,R17,Stem-ITS-F22-R17
14,B9,10,04/10/2022,Microbiome,Stem,STHWK,A18,0.21,15.54032383,F22,R18,Stem-ITS-F22-R18
14,C9,10,04/10/2022,Microbiome,Stem,STRTS,C1,0.2,28.64833065,F22,R19,Stem-ITS-F22-R19
14,D9,10,04/10/2022,Microbiome,Stem,TAWWD,C2,0.21,10.10668288,F22,R20,Stem-ITS-F22-R20
14,E9,10,04/10/2022,Microbiome,Stem,WLDCP,C4,0.11,30.32544188,F22,R21,Stem-ITS-F22-R21
14,F9,10,04/10/2022,Microbiome,Stem,ANCST,C5,0.19,29.06927675,F22,R22,Stem-ITS-F22-R22
14,G9,10,04/10/2022,Microbiome,Stem,ATTP,A10,0.13,14.7868702,F22,R23,Stem-ITS-F22-R23
14,H9,10,04/10/2022,Microbiome,Stem,CDPM,C5,0.08,14.3327117,F22,R24,Stem-ITS-F22-R24
7,A11,10,04/10/2022,Microbiome,Stem,CROC,C4,0.1,41.48584695,F23,R17,Stem-ITS-F23-R17
7,B11,10,04/10/2022,Microbiome,Stem,GMKW,A15,0.15,72.5615091,F23,R18,Stem-ITS-F23-R18
7,C11,10,04/10/2022,Microbiome,Stem,GMKW,C4,0.2,68.02466951,F23,R19,Stem-ITS-F23-R19
7,D11,10,04/10/2022,Microbiome,Stem,GMKW,C1,0.16,66.64243152,F23,R20,Stem-ITS-F23-R20
7,E11,10,04/10/2022,Microbiome,Stem,HLKH,C4,0.16,38.49904526,F23,R21,Stem-ITS-F23-R21
7,F11,10,04/10/2022,Microbiome,Stem,HOEF,A12,0.14,30.9351981,F23,R22,Stem-ITS-F23-R22
7,G11,10,04/10/2022,Microbiome,Stem,HOEF,A6,0.15,15.0186239,F23,R23,Stem-ITS-F23-R23
7,H11,10,04/10/2022,Microbiome,Stem,HOEF,A10,0.08,2.094450836,F23,R24,Stem-ITS-F23-R24
7,A12,10,04/10/2022,Microbiome,Stem,HTCH,A19,0.15,61.25484272,F24,R17,Stem-ITS-F24-R17
7,B12,10,04/10/2022,Microbiome,Stem,HTCH,A10,0.18,41.25112902,F24,R18,Stem-ITS-F24-R18
7,C12,10,04/10/2022,Microbiome,Stem,HTCH,A16,0.19,65.67143182,F24,R19,Stem-ITS-F24-R19
7,D12,10,04/10/2022,Microbiome,Stem,LINEAG,C1,0.19,14.01310956,F24,R20,Stem-ITS-F24-R20
7,E12,10,04/10/2022,Microbiome,Stem,Negctrl,Negctrl,0,-3.816365258,F24,R21,Stem-ITS-F24-R21
7,F12,11,05/10/2022,Microbiome,Stem,LNGDL,A16,0.11,-4.001973255,F24,R22,Stem-ITS-F24-R22
7,G12,11,05/10/2022,Microbiome,Stem,LNGDL,C4,0.09,27.00465961,F24,R23,Stem-ITS-F24-R23
7,H12,11,05/10/2022,Microbiome,Stem,MOCCA,A13,0.14,21.49599418,F24,R24,Stem-ITS-F24-R24
8,A1,11,05/10/2022,Microbiome,Stem,MOCCA,A7,0.14,27.61802887,F13,R1,Stem-ITS-F13-R1
8,B1,11,05/10/2022,Microbiome,Stem,MOCCA,A17,0.08,-0.022508425,F13,R2,Stem-ITS-F13-R2
8,C1,11,05/10/2022,Microbiome,Stem,MTRD,C1,0.14,40.0645046,F13,R3,Stem-ITS-F13-R3
8,D1,11,05/10/2022,Microbiome,Stem,RCHMD,A9,0.11,25.3620931,F13,R4,Stem-ITS-F13-R4
8,E1,11,05/10/2022,Microbiome,Stem,RCHMD,A16,0.14,25.19355883,F13,R5,Stem-ITS-F13-R5
8,F1,11,05/10/2022,Microbiome,Stem,RCHMD,C5,0.14,23.22071656,F13,R6,Stem-ITS-F13-R6
8,G1,11,05/10/2022,Microbiome,Stem,SAW,C2,0.11,17.90518625,F13,R7,Stem-ITS-F13-R7
8,H1,11,05/10/2022,Microbiome,Stem,STRTS,C5,0.22,23.12515874,F13,R8,Stem-ITS-F13-R8
8,A2,11,05/10/2022,Microbiome,Stem,TAWWD,C5,0.21,56.56452313,F14,R1,Stem-ITS-F14-R1
8,B2,11,05/10/2022,Microbiome,Stem,WINDW,A17,0.18,36.55135462,F14,R2,Stem-ITS-F14-R2
8,C2,11,05/10/2022,Microbiome,Stem,WINDW,A15,0.2,26.75231719,F14,R3,Stem-ITS-F14-R3
8,D2,11,05/10/2022,Microbiome,Stem,CDS,C1,0.1,22.12469308,F14,R4,Stem-ITS-F14-R4
8,E2,11,05/10/2022,Microbiome,Stem,CDS,C2,0.14,12.37081843,F14,R5,Stem-ITS-F14-R5
8,F2,11,05/10/2022,Microbiome,Stem,HLKH,A11,0.19,-6.190440247,F14,R6,Stem-ITS-F14-R6
8,G2,11,05/10/2022,Microbiome,Stem,HRWD,C1,0.12,-2.243929557,F14,R7,Stem-ITS-F14-R7
8,H2,11,05/10/2022,Microbiome,Stem,LNGDL,A20,0.15,14.10132385,F14,R8,Stem-ITS-F14-R8
8,A3,11,05/10/2022,Microbiome,Stem,LWBKR,C4,0.1,39.4198335,F15,R1,Stem-ITS-F15-R1
8,B3,11,05/10/2022,Microbiome,Stem,SLCY,C5,0.16,28.88873683,F15,R2,Stem-ITS-F15-R2
8,C3,11,05/10/2022,Microbiome,Stem,STHWK,C2,0.19,31.60777466,F15,R3,Stem-ITS-F15-R3
8,D3,11,05/10/2022,Microbiome,Stem,WINDW,A20,0.18,27.06606998,F15,R4,Stem-ITS-F15-R4
8,E3,11,05/10/2022,Microbiome,Stem,WLDCP,C5,0.16,28.75866437,F15,R5,Stem-ITS-F15-R5
8,F3,11,05/10/2022,Microbiome,Stem,MOCCA,CE28,0.15,13.98189951,F15,R6,Stem-ITS-F15-R6
8,G3,11,05/10/2022,Microbiome,Stem,MOCCA,E39,0.08,14.45262049,F15,R7,Stem-ITS-F15-R7
8,H3,11,05/10/2022,Microbiome,Stem,MOCCA,CE22,0.14,0.595266956,F15,R8,Stem-ITS-F15-R8
8,A4,11,05/10/2022,Microbiome,Stem,MOCCA,E40,0.12,29.89122197,F16,R1,Stem-ITS-F16-R1
8,B4,11,05/10/2022,Microbiome,Stem,MOCCA,E45,0.15,37.46948082,F16,R2,Stem-ITS-F16-R2
8,C4,11,05/10/2022,Microbiome,Stem,Negctrl,Negctrl,0,17.30907432,F16,R3,Stem-ITS-F16-R3
8,D4,12,06/10/2022,Microbiome,Stem,MOCCA,CE27,0.13,52.98757613,F16,R4,Stem-ITS-F16-R4
8,E4,12,06/10/2022,Microbiome,Stem,MOCCA,E38,0.1,36.78019771,F16,R5,Stem-ITS-F16-R5
8,F4,12,06/10/2022,Microbiome,Stem,MOCCA,E31,0.11,33.99286496,F16,R6,Stem-ITS-F16-R6
8,G4,12,06/10/2022,Microbiome,Stem,MOCCA,E32,0.06,-1.468268046,F16,R7,Stem-ITS-F16-R7
8,H4,12,06/10/2022,Microbiome,Stem,MOCCA,CE26,0.1,7.389511024,F16,R8,Stem-ITS-F16-R8
14,A10,12,06/10/2022,Microbiome,Stem,MOCCA,CE23,0.15,35.12589951,F17,R1,Stem-ITS-F17-R1
14,B10,12,06/10/2022,Microbiome,Stem,MOCCA,E41,0.12,74.86020435,F17,R2,Stem-ITS-F17-R2
14,C10,12,06/10/2022,Microbiome,Stem,MOCCA,E43,0.11,29.05807811,F17,R3,Stem-ITS-F17-R3
14,D10,12,06/10/2022,Microbiome,Stem,MOCCA,CE21,0.12,35.51999956,F17,R4,Stem-ITS-F17-R4
14,E10,12,06/10/2022,Microbiome,Stem,MOCCA,E33,0.08,14.78157769,F17,R5,Stem-ITS-F17-R5
14,F10,12,06/10/2022,Microbiome,Stem,MOCCA,E42,0.09,33.12287721,F17,R6,Stem-ITS-F17-R6
14,G10,12,06/10/2022,Microbiome,Stem,MOCCA,E35,0.1,17.17195017,F17,R7,Stem-ITS-F17-R7
14,H10,12,06/10/2022,Microbiome,Stem,STHWK,E35,0.1,40.01732691,F17,R8,Stem-ITS-F17-R8
14,A11,12,06/10/2022,Microbiome,Stem,STHWK,E34,0.12,64.15169767,F18,R1,Stem-ITS-F18-R1
14,B11,12,06/10/2022,Microbiome,Stem,STHWK,E40,0.2,62.90857205,F18,R2,Stem-ITS-F18-R2
14,C11,12,06/10/2022,Microbiome,Stem,STHWK,CE21,0.2,38.87498904,F18,R3,Stem-ITS-F18-R3
14,D11,12,06/10/2022,Microbiome,Stem,STHWK,CE25,0.15,41.9689582,F18,R4,Stem-ITS-F18-R4
14,E11,12,06/10/2022,Microbiome,Stem,STHWK,E32,0.12,25.81262051,F18,R5,Stem-ITS-F18-R5
14,F11,12,06/10/2022,Microbiome,Stem,STHWK,E36,0.16,29.86553065,F18,R6,Stem-ITS-F18-R6
14,G11,12,06/10/2022,Microbiome,Stem,STHWK,CE23,0.16,22.81115518,F18,R7,Stem-ITS-F18-R7
14,H11,12,06/10/2022,Microbiome,Stem,STHWK,CE28,0.17,32.61548683,F18,R8,Stem-ITS-F18-R8
8,A7,12,06/10/2022,Microbiome,Stem,STHWK,E39,0.12,41.93949419,F19,R1,Stem-ITS-F19-R1
8,B7,12,06/10/2022,Microbiome,Stem,STHWK,E43,0.16,19.56574445,F19,R2,Stem-ITS-F19-R2
8,C7,12,06/10/2022,Microbiome,Stem,STHWK,CE29,0.21,91.75302717,F19,R3,Stem-ITS-F19-R3
8,D7,12,06/10/2022,Microbiome,Stem,MOCCA,E34,0.16,48.95156604,F19,R4,Stem-ITS-F19-R4
8,E7,12,06/10/2022,Microbiome,Stem,MOCCA,E37,0.12,39.05210569,F19,R5,Stem-ITS-F19-R5
8,F7,12,06/10/2022,Microbiome,Stem,MOCCA,CE25,0.17,9.621672084,F19,R6,Stem-ITS-F19-R6
8,G7,12,06/10/2022,Microbiome,Stem,MOCCA,CE24,0.15,14.6827487,F19,R7,Stem-ITS-F19-R7
8,H7,12,06/10/2022,Microbiome,Stem,MOCCA,E44,0.15,19.26392491,F19,R8,Stem-ITS-F19-R8
14,A12,12,06/10/2022,Microbiome,Stem,Negctrl,Negctrl,0,34.84800452,F20,R1,Stem-ITS-F20-R1
14,B12,13,07/10/2022,Microbiome,Stem,MOCCA,CE30,0.14,58.35624864,F20,R2,Stem-ITS-F20-R2
14,C12,13,07/10/2022,Microbiome,Stem,MOCCA,E36,0.13,42.43347161,F20,R3,Stem-ITS-F20-R3
14,D12,13,07/10/2022,Microbiome,Stem,MOCCA,CE29,0.16,34.93751693,F20,R4,Stem-ITS-F20-R4
14,E12,13,07/10/2022,Microbiome,Stem,STHWK,E33,0.14,70.20901076,F20,R5,Stem-ITS-F20-R5
14,F12,13,07/10/2022,Microbiome,Stem,STHWK,CE26,0.14,56.650834,F20,R6,Stem-ITS-F20-R6
14,G12,13,07/10/2022,Microbiome,Stem,STHWK,E42,0.22,37.03281295,F20,R7,Stem-ITS-F20-R7
14,H12,14,12/10/2022,Microbiome,Stem,STHWK,E38,0.15,31.22739252,F20,R8,Stem-ITS-F20-R8
8,A9,13,07/10/2022,Microbiome,Stem,STHWK,E31,0.15,51.07614422,F21,R1,Stem-ITS-F21-R1
8,B9,13,07/10/2022,Microbiome,Stem,STHWK,E44,0.17,75.69912876,F21,R2,Stem-ITS-F21-R2
8,C9,13,07/10/2022,Microbiome,Stem,STHWK,CE22,0.19,66.79269873,F21,R3,Stem-ITS-F21-R3
8,D9,13,07/10/2022,Microbiome,Stem,STHWK,CE27,0.15,57.27813172,F21,R4,Stem-ITS-F21-R4
8,E9,13,07/10/2022,Microbiome,Stem,STHWK,CE24,0.18,36.01986584,F21,R5,Stem-ITS-F21-R5
8,F9,13,07/10/2022,Microbiome,Stem,STHWK,E37,0.15,30.03157539,F21,R6,Stem-ITS-F21-R6
8,G9,13,07/10/2022,Microbiome,Stem,STHWK,E45,0.19,26.91066229,F21,R7,Stem-ITS-F21-R7
8,H9,13,07/10/2022,Microbiome,Stem,STHWK,E41,0.19,27.77306938,F21,R8,Stem-ITS-F21-R8
8,A10,13,07/10/2022,Microbiome,Stem,STHWK,CE30,0.13,46.90482939,F22,R1,Stem-ITS-F22-R1
8,B10,14,12/10/2022,Microbiome,Stem,Negctrl,Negctrl,0,32.8052308,F22,R2,Stem-ITS-F22-R2
8,C10,14,12/10/2022,Microbiome,Stem,Negctrl,Negctrl,0,37.01014234,F22,R3,Stem-ITS-F22-R3
8,B12,11/11/2022,Leaf_PCR,Microbiome,Stem,PCR Negative,PCR Negative,0,19.22426979,F24,R2,Stem-ITS-F24-R2